ISO-10303-21;
HEADER;
FILE_DESCRIPTION (( 'STEP AP214' ),
    '1' );
FILE_NAME ('KX134-1211.STEP',
    '2024-07-11T17:20:05',
    ( '' ),
    ( '' ),
    'SwSTEP 2.0',
    'SolidWorks 2021',
    '' );
FILE_SCHEMA (( 'AUTOMOTIVE_DESIGN' ));
ENDSEC;

DATA;
#1 = PRESENTATION_LAYER_ASSIGNMENT (  '', '', ( #1253 ) ) ;
#2 = VERTEX_POINT ( 'NONE', #943 ) ;
#3 = CARTESIAN_POINT ( 'NONE',  ( 0.3749999999999957812, 0.000000000000000000, -0.6250000000000028866 ) ) ;
#4 = CARTESIAN_POINT ( 'NONE',  ( -0.6250000000000012212, 0.000000000000000000, 0.1250000000000025535 ) ) ;
#5 = CARTESIAN_POINT ( 'NONE',  ( -0.3750000000000049960, 0.000000000000000000, -0.6249999999999978906 ) ) ;
#6 = VERTEX_POINT ( 'NONE', #973 ) ;
#7 = CARTESIAN_POINT ( 'NONE',  ( 0.6250000000000054401, 0.1000000000000000056, 0.8749999999999931166 ) ) ;
#8 = LINE ( 'NONE', #2661, #3683 ) ;
#9 = SURFACE_SIDE_STYLE ('',( #1266 ) ) ;
#10 = LINE ( 'NONE', #3294, #1302 ) ;
#11 = CARTESIAN_POINT ( 'NONE',  ( -0.6250000000000046629, 0.1000000000000000056, -0.3749999999999966138 ) ) ;
#12 = CARTESIAN_POINT ( 'NONE',  ( -6.110092342975483372E-15, 0.000000000000000000, -0.8750000000000000000 ) ) ;
#13 = ORIENTED_EDGE ( 'NONE', *, *, #4230, .T. ) ;
#14 = DIRECTION ( 'NONE',  ( -1.000000000000000000, 0.000000000000000000, 5.405941335889167918E-15 ) ) ;
#15 = EDGE_CURVE ( 'NONE', #1125, #2052, #362, .T. ) ;
#16 = ORIENTED_EDGE ( 'NONE', *, *, #819, .T. ) ;
#17 = CARTESIAN_POINT ( 'NONE',  ( -0.8999999999999979128, 0.000000000000000000, 0.6250000000000036637 ) ) ;
#18 = ORIENTED_EDGE ( 'NONE', *, *, #1728, .T. ) ;
#19 = EDGE_CURVE ( 'NONE', #3928, #3707, #4275, .T. ) ;
#20 = EDGE_CURVE ( 'NONE', #3015, #3412, #1669, .T. ) ;
#21 = ORIENTED_EDGE ( 'NONE', *, *, #2340, .T. ) ;
#22 = ORIENTED_EDGE ( 'NONE', *, *, #3839, .F. ) ;
#23 = EDGE_CURVE ( 'NONE', #967, #2903, #276, .T. ) ;
#24 = ORIENTED_EDGE ( 'NONE', *, *, #125, .F. ) ;
#25 = CARTESIAN_POINT ( 'NONE',  ( -0.3750000000000063838, 0.000000000000000000, -0.8999999999999978018 ) ) ;
#26 = CARTESIAN_POINT ( 'NONE',  ( -0.9000000000000030198, 0.1000000000000000056, -0.1249999999999949069 ) ) ;
#27 = CARTESIAN_POINT ( 'NONE',  ( -0.9000000000000021316, 0.000000000000000000, 6.284666409917655028E-15 ) ) ;
#28 = ADVANCED_FACE ( 'NONE', ( #1999 ), #3006, .F. ) ;
#29 = ORIENTED_EDGE ( 'NONE', *, *, #2021, .F. ) ;
#30 = DIRECTION ( 'NONE',  ( 6.982962677686266711E-15, -0.000000000000000000, 1.000000000000000000 ) ) ;
#31 = LINE ( 'NONE', #1371, #1868 ) ;
#32 =( NAMED_UNIT ( * ) SI_UNIT ( $, .STERADIAN. ) SOLID_ANGLE_UNIT ( ) );
#33 = DIRECTION ( 'NONE',  ( 6.982962677686266711E-15, -0.000000000000000000, 1.000000000000000000 ) ) ;
#34 = FILL_AREA_STYLE ('',( #3024 ) ) ;
#35 = FACE_OUTER_BOUND ( 'NONE', #2029, .T. ) ;
#36 = AXIS2_PLACEMENT_3D ( 'NONE', #1646, #2983, #2669 ) ;
#37 = ORIENTED_EDGE ( 'NONE', *, *, #3464, .T. ) ;
#38 = LINE ( 'NONE', #3007, #932 ) ;
#39 = EDGE_LOOP ( 'NONE', ( #606, #2183, #4068, #3860 ) ) ;
#40 = VECTOR ( 'NONE', #2346, 1000.000000000000000 ) ;
#41 = VERTEX_POINT ( 'NONE', #2688 ) ;
#42 = DIRECTION ( 'NONE',  ( -1.000000000000000000, 0.000000000000000000, 6.982962677686266711E-15 ) ) ;
#43 = ORIENTED_EDGE ( 'NONE', *, *, #165, .T. ) ;
#44 = PRESENTATION_LAYER_ASSIGNMENT (  '', '', ( #1423 ) ) ;
#45 = VERTEX_POINT ( 'NONE', #1358 ) ;
#46 = ORIENTED_EDGE ( 'NONE', *, *, #3069, .T. ) ;
#47 = AXIS2_PLACEMENT_3D ( 'NONE', #376, #3649, #1006 ) ;
#48 = CARTESIAN_POINT ( 'NONE',  ( 0.9000000000000057954, 0.000000000000000000, 0.6249999999999912292 ) ) ;
#49 = ORIENTED_EDGE ( 'NONE', *, *, #714, .F. ) ;
#50 = SURFACE_STYLE_FILL_AREA ( #2383 ) ;
#51 = DIRECTION ( 'NONE',  ( -1.000000000000000000, 0.000000000000000000, 6.982962677686266711E-15 ) ) ;
#52 = FILL_AREA_STYLE ('',( #722 ) ) ;
#53 = EDGE_CURVE ( 'NONE', #3796, #4090, #2642, .T. ) ;
#54 = EDGE_CURVE ( 'NONE', #1930, #3188, #3944, .T. ) ;
#55 = DIRECTION ( 'NONE',  ( 7.850324415674670258E-15, 0.000000000000000000, 1.000000000000000000 ) ) ;
#56 = DIRECTION ( 'NONE',  ( 1.000000000000000000, 0.000000000000000000, -1.250253737397611564E-14 ) ) ;
#57 = LINE ( 'NONE', #1053, #3284 ) ;
#58 = AXIS2_PLACEMENT_3D ( 'NONE', #3983, #3937, #1664 ) ;
#59 = LINE ( 'NONE', #3462, #1514 ) ;
#60 = DIRECTION ( 'NONE',  ( 1.000000000000000000, 0.000000000000000000, -6.982962677686266711E-15 ) ) ;
#61 = ORIENTED_EDGE ( 'NONE', *, *, #2680, .F. ) ;
#62 = COLOUR_RGB ( '',0.9686274509803921573, 0.8784313725490195957, 0.5999999999999999778 ) ;
#63 = ORIENTED_EDGE ( 'NONE', *, *, #1885, .F. ) ;
#64 = CARTESIAN_POINT ( 'NONE',  ( -0.9000000000000030198, 0.000000000000000000, -0.1249999999999947958 ) ) ;
#65 = ORIENTED_EDGE ( 'NONE', *, *, #4187, .F. ) ;
#66 = VECTOR ( 'NONE', #2491, 1000.000000000000000 ) ;
#67 = ORIENTED_EDGE ( 'NONE', *, *, #4214, .F. ) ;
#68 = AXIS2_PLACEMENT_3D ( 'NONE', #231, #253, #854 ) ;
#69 = FACE_OUTER_BOUND ( 'NONE', #350, .T. ) ;
#70 = VECTOR ( 'NONE', #1097, 1000.000000000000000 ) ;
#71 = PLANE ( 'NONE',  #1102 ) ;
#72 = SURFACE_STYLE_FILL_AREA ( #2038 ) ;
#73 =( GEOMETRIC_REPRESENTATION_CONTEXT ( 3 ) GLOBAL_UNCERTAINTY_ASSIGNED_CONTEXT ( ( #271 ) ) GLOBAL_UNIT_ASSIGNED_CONTEXT ( ( #2806, #4100, #1749 ) ) REPRESENTATION_CONTEXT ( 'NONE', 'WORKASPACE' ) );
#74 = CARTESIAN_POINT ( 'NONE',  ( 0.6250000000000054401, 0.1000000000000000056, 0.8749999999999931166 ) ) ;
#75 = DIRECTION ( 'NONE',  ( 6.982962677686266711E-15, 0.000000000000000000, 1.000000000000000000 ) ) ;
#76 = DIRECTION ( 'NONE',  ( -7.228014483236698330E-15, 0.000000000000000000, -1.000000000000000000 ) ) ;
#77 = LINE ( 'NONE', #1225, #2124 ) ;
#78 = ORIENTED_EDGE ( 'NONE', *, *, #1558, .T. ) ;
#79 = CARTESIAN_POINT ( 'NONE',  ( -0.2250000000000023925, 0.1000000000000000056, -0.3249999999999982347 ) ) ;
#80 = ORIENTED_EDGE ( 'NONE', *, *, #23, .F. ) ;
#81 = ORIENTED_EDGE ( 'NONE', *, *, #2255, .T. ) ;
#82 = ORIENTED_EDGE ( 'NONE', *, *, #898, .T. ) ;
#83 = ORIENTED_EDGE ( 'NONE', *, *, #603, .F. ) ;
#84 = LINE ( 'NONE', #412, #3349 ) ;
#85 = FILL_AREA_STYLE_COLOUR ( '', #62 ) ;
#86 = DIRECTION ( 'NONE',  ( 0.000000000000000000, 1.000000000000000000, 0.000000000000000000 ) ) ;
#87 =( LENGTH_UNIT ( ) NAMED_UNIT ( * ) SI_UNIT ( .MILLI., .METRE. ) );
#88 = LINE ( 'NONE', #1028, #4227 ) ;
#89 = SURFACE_SIDE_STYLE ('',( #746 ) ) ;
#90 = CARTESIAN_POINT ( 'NONE',  ( -0.9000000000000047962, 0.000000000000000000, -0.3749999999999945599 ) ) ;
#91 = PLANE ( 'NONE',  #179 ) ;
#92 = CARTESIAN_POINT ( 'NONE',  ( 0.000000000000000000, 0.1000000000000000056, 0.000000000000000000 ) ) ;
#93 = ADVANCED_FACE ( 'NONE', ( #2709 ), #2369, .F. ) ;
#94 = DIRECTION ( 'NONE',  ( 6.982962677686266711E-15, 0.000000000000000000, 1.000000000000000000 ) ) ;
#95 = LINE ( 'NONE', #3507, #3938 ) ;
#96 = EDGE_CURVE ( 'NONE', #3257, #370, #2668, .T. ) ;
#97 = ORIENTED_EDGE ( 'NONE', *, *, #1775, .F. ) ;
#98 = CARTESIAN_POINT ( 'NONE',  ( -0.8999999999999964695, 0.1000000000000000056, 0.8750000000000021094 ) ) ;
#99 = EDGE_CURVE ( 'NONE', #3837, #3303, #710, .T. ) ;
#100 = ORIENTED_EDGE ( 'NONE', *, *, #2530, .F. ) ;
#101 = EDGE_CURVE ( 'NONE', #1580, #1298, #462, .T. ) ;
#102 = AXIS2_PLACEMENT_3D ( 'NONE', #650, #3995, #3288 ) ;
#103 = EDGE_LOOP ( 'NONE', ( #602, #1501, #151, #2464 ) ) ;
#104 = ORIENTED_EDGE ( 'NONE', *, *, #738, .F. ) ;
#105 = PRESENTATION_LAYER_ASSIGNMENT (  '', '', ( #3034 ) ) ;
#106 = CARTESIAN_POINT ( 'NONE',  ( 0.6249999999999955591, 0.1000000000000000056, -0.8750000000000043299 ) ) ;
#107 = ORIENTED_EDGE ( 'NONE', *, *, #3702, .T. ) ;
#108 = DIRECTION ( 'NONE',  ( 6.982962677686266711E-15, 0.000000000000000000, 1.000000000000000000 ) ) ;
#109 = VECTOR ( 'NONE', #960, 1000.000000000000000 ) ;
#110 = DIRECTION ( 'NONE',  ( 6.982962677686266711E-15, 0.000000000000000000, 1.000000000000000000 ) ) ;
#111 = PRESENTATION_STYLE_ASSIGNMENT (( #135 ) ) ;
#112 = AXIS2_PLACEMENT_3D ( 'NONE', #1747, #2402, #2758 ) ;
#113 = DIRECTION ( 'NONE',  ( 1.000000000000000000, 0.000000000000000000, -6.982962677686266711E-15 ) ) ;
#114 =( LENGTH_UNIT ( ) NAMED_UNIT ( * ) SI_UNIT ( .MILLI., .METRE. ) );
#115 = DIRECTION ( 'NONE',  ( 0.000000000000000000, -1.000000000000000000, 0.000000000000000000 ) ) ;
#116 = CARTESIAN_POINT ( 'NONE',  ( 0.1250000000000064948, 0.1000000000000000056, 0.8999999999999994671 ) ) ;
#117 = CLOSED_SHELL ( 'NONE', ( #1995, #3255, #2925, #314, #93, #369 ) ) ;
#118 = CARTESIAN_POINT ( 'NONE',  ( -0.9000000000000082379, 0.1000000000000000056, -0.8749999999999937828 ) ) ;
#119 = ORIENTED_EDGE ( 'NONE', *, *, #741, .T. ) ;
#120 = VERTEX_POINT ( 'NONE', #3047 ) ;
#121 = CARTESIAN_POINT ( 'NONE',  ( 2.618611004132337000E-15, 0.000000000000000000, 0.3749999999999981681 ) ) ;
#122 = AXIS2_PLACEMENT_3D ( 'NONE', #228, #1162, #2545 ) ;
#123 = ORIENTED_EDGE ( 'NONE', *, *, #1346, .F. ) ;
#124 = STYLED_ITEM ( 'NONE', ( #649 ), #877 ) ;
#125 = EDGE_CURVE ( 'NONE', #2315, #3617, #1794, .T. ) ;
#126 = EDGE_LOOP ( 'NONE', ( #3147, #2212, #329, #1600 ) ) ;
#127 = AXIS2_PLACEMENT_3D ( 'NONE', #1947, #3267, #3916 ) ;
#128 = LINE ( 'NONE', #1456, #476 ) ;
#129 = LINE ( 'NONE', #278, #2853 ) ;
#130 = VERTEX_POINT ( 'NONE', #2121 ) ;
#131 = CARTESIAN_POINT ( 'NONE',  ( -0.6249999999999997780, 0.1000000000000000056, 0.3750000000000027756 ) ) ;
#132 = VECTOR ( 'NONE', #1242, 1000.000000000000000 ) ;
#133 = VECTOR ( 'NONE', #3467, 1000.000000000000000 ) ;
#134 = LINE ( 'NONE', #482, #1733 ) ;
#135 = SURFACE_STYLE_USAGE ( .BOTH. , #89 ) ;
#136 = VECTOR ( 'NONE', #1711, 1000.000000000000000 ) ;
#137 = CARTESIAN_POINT ( 'NONE',  ( -0.6250000000000031086, 0.1000000000000000056, -0.1249999999999963918 ) ) ;
#138 = CARTESIAN_POINT ( 'NONE',  ( 0.8999999999999973577, 0.000000000000000000, -0.6250000000000064393 ) ) ;
#139 = AXIS2_PLACEMENT_3D ( 'NONE', #4077, #1439, #441 ) ;
#140 = CARTESIAN_POINT ( 'NONE',  ( 0.000000000000000000, 0.000000000000000000, 0.000000000000000000 ) ) ;
#141 = CARTESIAN_POINT ( 'NONE',  ( -0.3750000000000006106, 0.000000000000000000, 2.618611004132354355E-15 ) ) ;
#142 = FACE_BOUND ( 'NONE', #1015, .T. ) ;
#143 = ORIENTED_EDGE ( 'NONE', *, *, #3723, .T. ) ;
#144 = DIRECTION ( 'NONE',  ( 1.000000000000000000, 0.000000000000000000, -7.091382894934817154E-15 ) ) ;
#145 = ORIENTED_EDGE ( 'NONE', *, *, #2676, .T. ) ;
#146 = EDGE_CURVE ( 'NONE', #805, #599, #383, .T. ) ;
#147 = ORIENTED_EDGE ( 'NONE', *, *, #629, .T. ) ;
#148 = ORIENTED_EDGE ( 'NONE', *, *, #1589, .F. ) ;
#149 = DIRECTION ( 'NONE',  ( -1.000000000000000000, 0.000000000000000000, 7.091382894934817154E-15 ) ) ;
#150 = ADVANCED_FACE ( 'NONE', ( #2084 ), #426, .F. ) ;
#151 = ORIENTED_EDGE ( 'NONE', *, *, #4094, .T. ) ;
#152 = EDGE_CURVE ( 'NONE', #3582, #2531, #3139, .T. ) ;
#153 = PLANE ( 'NONE',  #2788 ) ;
#154 = LINE ( 'NONE', #2820, #4240 ) ;
#155 = EDGE_CURVE ( 'NONE', #282, #3922, #2811, .T. ) ;
#156 = LINE ( 'NONE', #1526, #1305 ) ;
#157 = CARTESIAN_POINT ( 'NONE',  ( -0.1249999999999942546, 0.1000000000000000056, 0.9000000000000011324 ) ) ;
#158 =( NAMED_UNIT ( * ) PLANE_ANGLE_UNIT ( ) SI_UNIT ( $, .RADIAN. ) );
#159 = CARTESIAN_POINT ( 'NONE',  ( -0.2250000000000023925, 0.000000000000000000, -0.3249999999999981792 ) ) ;
#160 = ORIENTED_EDGE ( 'NONE', *, *, #3765, .F. ) ;
#161 = LINE ( 'NONE', #1184, #1248 ) ;
#162 = LINE ( 'NONE', #2597, #3957 ) ;
#163 = DIRECTION ( 'NONE',  ( 1.000000000000000000, 0.000000000000000000, -6.391579674512355058E-15 ) ) ;
#164 = DIRECTION ( 'NONE',  ( -1.000000000000000000, 0.000000000000000000, 6.982962677686266711E-15 ) ) ;
#165 = EDGE_CURVE ( 'NONE', #1621, #3208, #59, .T. ) ;
#166 = VERTEX_POINT ( 'NONE', #3447 ) ;
#167 = CARTESIAN_POINT ( 'NONE',  ( -0.8999999999999964695, 0.000000000000000000, 0.8750000000000025535 ) ) ;
#168 = VERTEX_POINT ( 'NONE', #4121 ) ;
#169 = ORIENTED_EDGE ( 'NONE', *, *, #4182, .T. ) ;
#170 = CARTESIAN_POINT ( 'NONE',  ( -0.8999999999999995781, 0.1000000000000000056, 0.3750000000000042188 ) ) ;
#171 = AXIS2_PLACEMENT_3D ( 'NONE', #492, #2812, #3741 ) ;
#172 = DIRECTION ( 'NONE',  ( 0.000000000000000000, 0.000000000000000000, 1.000000000000000000 ) ) ;
#173 = VECTOR ( 'NONE', #3829, 1000.000000000000000 ) ;
#174 = PLANE ( 'NONE',  #3281 ) ;
#175 = CARTESIAN_POINT ( 'NONE',  ( 0.9000000000000016875, 0.000000000000000000, -6.284666409917651872E-15 ) ) ;
#176 = ORIENTED_EDGE ( 'NONE', *, *, #2457, .T. ) ;
#177 = LINE ( 'NONE', #2135, #1730 ) ;
#178 = FACE_OUTER_BOUND ( 'NONE', #3930, .T. ) ;
#179 = AXIS2_PLACEMENT_3D ( 'NONE', #810, #3783, #2408 ) ;
#180 = LINE ( 'NONE', #548, #2627 ) ;
#181 = EDGE_CURVE ( 'NONE', #3529, #4261, #1382, .T. ) ;
#182 = DIRECTION ( 'NONE',  ( 6.982962677686266711E-15, 0.000000000000000000, 1.000000000000000000 ) ) ;
#183 = EDGE_CURVE ( 'NONE', #1789, #668, #1770, .T. ) ;
#184 = CARTESIAN_POINT ( 'NONE',  ( 0.9000000000000007994, 0.000000000000000000, -0.1250000000000072720 ) ) ;
#185 = FILL_AREA_STYLE_COLOUR ( '', #4274 ) ;
#186 = ORIENTED_EDGE ( 'NONE', *, *, #1727, .F. ) ;
#187 = CARTESIAN_POINT ( 'NONE',  ( -0.6249999999999967804, 0.1000000000000000056, 0.8750000000000016653 ) ) ;
#188 = CLOSED_SHELL ( 'NONE', ( #2233, #1969, #1754, #3565, #861, #2327 ) ) ;
#189 = ORIENTED_EDGE ( 'NONE', *, *, #793, .F. ) ;
#190 = FACE_OUTER_BOUND ( 'NONE', #2280, .T. ) ;
#191 = VECTOR ( 'NONE', #3740, 1000.000000000000000 ) ;
#192 = ORIENTED_EDGE ( 'NONE', *, *, #3839, .T. ) ;
#193 = ORIENTED_EDGE ( 'NONE', *, *, #4219, .T. ) ;
#194 = ADVANCED_FACE ( 'NONE', ( #3089 ), #4104, .T. ) ;
#195 = VECTOR ( 'NONE', #2470, 1000.000000000000000 ) ;
#196 = DIRECTION ( 'NONE',  ( 1.000000000000000000, 0.000000000000000000, -7.091382894934817154E-15 ) ) ;
#197 =( NAMED_UNIT ( * ) SI_UNIT ( $, .STERADIAN. ) SOLID_ANGLE_UNIT ( ) );
#198 = ORIENTED_EDGE ( 'NONE', *, *, #4045, .F. ) ;
#199 = VECTOR ( 'NONE', #3864, 1000.000000000000000 ) ;
#200 = DIRECTION ( 'NONE',  ( 6.621561953524431636E-15, 0.000000000000000000, 1.000000000000000000 ) ) ;
#201 = LINE ( 'NONE', #2591, #688 ) ;
#202 = VECTOR ( 'NONE', #1151, 1000.000000000000000 ) ;
#203 = LINE ( 'NONE', #3242, #1497 ) ;
#204 = ADVANCED_FACE ( 'NONE', ( #1123 ), #2411, .F. ) ;
#205 = LINE ( 'NONE', #1880, #3350 ) ;
#206 = CARTESIAN_POINT ( 'NONE',  ( -0.3750000000000049405, 0.1000000000000000056, -0.6249999999999977796 ) ) ;
#207 = VECTOR ( 'NONE', #42, 1000.000000000000000 ) ;
#208 = DIRECTION ( 'NONE',  ( -5.248239201709448572E-15, 0.000000000000000000, -1.000000000000000000 ) ) ;
#209 = LINE ( 'NONE', #3570, #2261 ) ;
#210 = VECTOR ( 'NONE', #398, 1000.000000000000000 ) ;
#211 = EDGE_CURVE ( 'NONE', #1152, #355, #776, .T. ) ;
#212 = LINE ( 'NONE', #1928, #3971 ) ;
#213 = VERTEX_POINT ( 'NONE', #727 ) ;
#214 = EDGE_CURVE ( 'NONE', #6, #2284, #1446, .T. ) ;
#215 = ORIENTED_EDGE ( 'NONE', *, *, #2698, .T. ) ;
#216 = SURFACE_STYLE_USAGE ( .BOTH. , #596 ) ;
#217 = DIRECTION ( 'NONE',  ( 0.000000000000000000, -1.000000000000000000, 0.000000000000000000 ) ) ;
#218 = ORIENTED_EDGE ( 'NONE', *, *, #3571, .F. ) ;
#219 = ORIENTED_EDGE ( 'NONE', *, *, #1510, .F. ) ;
#220 = ORIENTED_EDGE ( 'NONE', *, *, #4144, .T. ) ;
#221 = DIRECTION ( 'NONE',  ( 6.982962677686266711E-15, 0.000000000000000000, 1.000000000000000000 ) ) ;
#222 = DIRECTION ( 'NONE',  ( -0.7071067811865522357, 0.000000000000000000, -0.7071067811865429098 ) ) ;
#223 = CARTESIAN_POINT ( 'NONE',  ( -0.9000000000000047962, 0.000000000000000000, -0.3749999999999945599 ) ) ;
#224 = CARTESIAN_POINT ( 'NONE',  ( 0.8999999999999973577, 0.1000000000000000056, -0.6250000000000064393 ) ) ;
#225 = LINE ( 'NONE', #1547, #3395 ) ;
#226 = CARTESIAN_POINT ( 'NONE',  ( -0.3749999999999962252, 0.000000000000000000, 0.6250000000000029976 ) ) ;
#227 = DIRECTION ( 'NONE',  ( -0.000000000000000000, -1.000000000000000000, -0.000000000000000000 ) ) ;
#228 = CARTESIAN_POINT ( 'NONE',  ( 0.000000000000000000, 0.000000000000000000, 0.000000000000000000 ) ) ;
#229 = CARTESIAN_POINT ( 'NONE',  ( -0.4900000000000024891, 1.000000000000000000, -0.3399999999999963607 ) ) ;
#230 = ORIENTED_EDGE ( 'NONE', *, *, #53, .F. ) ;
#231 = CARTESIAN_POINT ( 'NONE',  ( -0.3749999999999938383, 0.1000000000000000056, 0.9000000000000030198 ) ) ;
#232 = ORIENTED_EDGE ( 'NONE', *, *, #3781, .F. ) ;
#233 = EDGE_CURVE ( 'NONE', #120, #3757, #3815, .T. ) ;
#234 = DIRECTION ( 'NONE',  ( -1.463387981396423302E-15, 0.000000000000000000, -1.000000000000000000 ) ) ;
#235 = LINE ( 'NONE', #1555, #585 ) ;
#236 = ORIENTED_EDGE ( 'NONE', *, *, #3064, .T. ) ;
#237 = EDGE_CURVE ( 'NONE', #906, #1649, #1142, .T. ) ;
#238 = ADVANCED_FACE ( 'NONE', ( #751 ), #3769, .F. ) ;
#239 = EDGE_LOOP ( 'NONE', ( #3855, #393, #1822, #1046 ) ) ;
#240 = VERTEX_POINT ( 'NONE', #1469 ) ;
#241 = DIRECTION ( 'NONE',  ( -6.982962677686266711E-15, 0.000000000000000000, -1.000000000000000000 ) ) ;
#242 = VERTEX_POINT ( 'NONE', #1488 ) ;
#243 = DIRECTION ( 'NONE',  ( -0.000000000000000000, -1.000000000000000000, -0.000000000000000000 ) ) ;
#244 = LINE ( 'NONE', #3914, #1450 ) ;
#245 = CARTESIAN_POINT ( 'NONE',  ( 0.6250000000000042188, 0.1000000000000000056, 0.3749999999999941158 ) ) ;
#246 = VECTOR ( 'NONE', #2532, 1000.000000000000000 ) ;
#247 = DIRECTION ( 'NONE',  ( -1.000000000000000000, 0.000000000000000000, 7.850324415674670258E-15 ) ) ;
#248 = DIRECTION ( 'NONE',  ( 0.000000000000000000, -1.000000000000000000, 0.000000000000000000 ) ) ;
#249 = VECTOR ( 'NONE', #1012, 1000.000000000000000 ) ;
#250 = CARTESIAN_POINT ( 'NONE',  ( -0.8999999999999964695, 0.000000000000000000, 0.8750000000000021094 ) ) ;
#251 = VECTOR ( 'NONE', #3522, 1000.000000000000000 ) ;
#252 = ORIENTED_EDGE ( 'NONE', *, *, #3976, .F. ) ;
#253 = DIRECTION ( 'NONE',  ( -1.000000000000000000, 0.000000000000000000, 8.757111687208001669E-15 ) ) ;
#254 = EDGE_LOOP ( 'NONE', ( #433, #219, #2715, #3972 ) ) ;
#255 = CARTESIAN_POINT ( 'NONE',  ( -0.3749999999999960587, 0.1000000000000000056, 0.6250000000000029976 ) ) ;
#256 = ORIENTED_EDGE ( 'NONE', *, *, #4048, .F. ) ;
#257 = VERTEX_POINT ( 'NONE', #531 ) ;
#258 = CLOSED_SHELL ( 'NONE', ( #3342, #3706, #834, #1117, #2537, #418 ) ) ;
#259 = EDGE_CURVE ( 'NONE', #906, #666, #3568, .T. ) ;
#260 = EDGE_LOOP ( 'NONE', ( #21, #3373, #2681, #633 ) ) ;
#261 = ORIENTED_EDGE ( 'NONE', *, *, #2046, .F. ) ;
#262 = DIRECTION ( 'NONE',  ( 0.000000000000000000, 1.000000000000000000, 0.000000000000000000 ) ) ;
#263 = AXIS2_PLACEMENT_3D ( 'NONE', #250, #3201, #208 ) ;
#264 = DIRECTION ( 'NONE',  ( 1.000000000000000000, -0.000000000000000000, -7.377218013135540620E-15 ) ) ;
#265 = DIRECTION ( 'NONE',  ( 1.000000000000000000, -0.000000000000000000, -7.377218013135540620E-15 ) ) ;
#266 = CARTESIAN_POINT ( 'NONE',  ( -0.3750000000000033307, 0.1000000000000000056, -0.4749999999999972022 ) ) ;
#267 = MECHANICAL_DESIGN_GEOMETRIC_PRESENTATION_REPRESENTATION (  '', ( #124 ), #4224 ) ;
#268 = PLANE ( 'NONE',  #1659 ) ;
#269 = AXIS2_PLACEMENT_3D ( 'NONE', #1960, #1630, #3977 ) ;
#270 = AXIS2_PLACEMENT_3D ( 'NONE', #2154, #2799, #1131 ) ;
#271 = UNCERTAINTY_MEASURE_WITH_UNIT (LENGTH_MEASURE( 1.000000000000000082E-05 ), #2806, 'distance_accuracy_value', 'NONE');
#272 = CARTESIAN_POINT ( 'NONE',  ( 0.3749999999999935052, 0.1000000000000000056, -0.9000000000000029088 ) ) ;
#273 = CARTESIAN_POINT ( 'NONE',  ( 0.1249999999999939354, 0.000000000000000000, -0.9000000000000011324 ) ) ;
#274 = VECTOR ( 'NONE', #576, 1000.000000000000000 ) ;
#275 = DIRECTION ( 'NONE',  ( 1.000000000000000000, 0.000000000000000000, -6.982962677686266711E-15 ) ) ;
#276 = LINE ( 'NONE', #2940, #2638 ) ;
#277 = VECTOR ( 'NONE', #3962, 1000.000000000000000 ) ;
#278 = CARTESIAN_POINT ( 'NONE',  ( -0.9000000000000064615, 0.1000000000000000056, -0.6249999999999940048 ) ) ;
#279 = PLANE ( 'NONE',  #4006 ) ;
#280 = VERTEX_POINT ( 'NONE', #2141 ) ;
#281 = VECTOR ( 'NONE', #1050, 1000.000000000000000 ) ;
#282 = VERTEX_POINT ( 'NONE', #1572 ) ;
#283 = ORIENTED_EDGE ( 'NONE', *, *, #682, .T. ) ;
#284 = LINE ( 'NONE', #3951, #406 ) ;
#285 = EDGE_CURVE ( 'NONE', #3816, #3381, #3870, .T. ) ;
#286 = PLANE ( 'NONE',  #2354 ) ;
#287 = LINE ( 'NONE', #958, #3685 ) ;
#288 = EDGE_CURVE ( 'NONE', #2599, #3579, #1251, .T. ) ;
#289 = DIRECTION ( 'NONE',  ( 6.982962677686266711E-15, 0.000000000000000000, 1.000000000000000000 ) ) ;
#290 = CARTESIAN_POINT ( 'NONE',  ( 4.364351673553898550E-15, 0.000000000000000000, 0.6249999999999974465 ) ) ;
#291 = ADVANCED_FACE ( 'NONE', ( #4183 ), #2570, .F. ) ;
#292 = ADVANCED_FACE ( 'NONE', ( #553 ), #851, .F. ) ;
#293 = CARTESIAN_POINT ( 'NONE',  ( -0.9000000000000082379, 0.1000000000000000056, -0.8749999999999937828 ) ) ;
#294 = CARTESIAN_POINT ( 'NONE',  ( -0.6250000000000032196, 0.1000000000000000056, -0.1249999999999963918 ) ) ;
#295 = EDGE_LOOP ( 'NONE', ( #887, #2192, #1385, #2991 ) ) ;
#296 = DIRECTION ( 'NONE',  ( 1.000000000000000000, -0.000000000000000000, -6.982962677686266711E-15 ) ) ;
#297 = CARTESIAN_POINT ( 'NONE',  ( -6.284666409917642406E-15, 0.000000000000000000, -0.9000000000000003553 ) ) ;
#298 = DIRECTION ( 'NONE',  ( 0.000000000000000000, 1.000000000000000000, 0.000000000000000000 ) ) ;
#299 = CARTESIAN_POINT ( 'NONE',  ( -0.9000000000000025757, 0.000000000000000000, 6.284666409917658183E-15 ) ) ;
#300 = ORIENTED_EDGE ( 'NONE', *, *, #1289, .F. ) ;
#301 = CARTESIAN_POINT ( 'NONE',  ( -0.4900000000000034328, 1.000000000000000000, -0.4899999999999962719 ) ) ;
#302 = ORIENTED_EDGE ( 'NONE', *, *, #2337, .T. ) ;
#303 = ORIENTED_EDGE ( 'NONE', *, *, #500, .T. ) ;
#304 = PLANE ( 'NONE',  #978 ) ;
#305 = DIRECTION ( 'NONE',  ( -0.000000000000000000, -1.000000000000000000, -0.000000000000000000 ) ) ;
#306 = DIRECTION ( 'NONE',  ( -6.982962677686266711E-15, -0.000000000000000000, -1.000000000000000000 ) ) ;
#307 = VERTEX_POINT ( 'NONE', #3226 ) ;
#308 = LINE ( 'NONE', #1308, #1846 ) ;
#309 = PLANE ( 'NONE',  #3546 ) ;
#310 = SURFACE_SIDE_STYLE ('',( #3651 ) ) ;
#311 = DIRECTION ( 'NONE',  ( 6.982962677686266711E-15, 0.000000000000000000, 1.000000000000000000 ) ) ;
#312 = VECTOR ( 'NONE', #4289, 1000.000000000000000 ) ;
#313 = EDGE_CURVE ( 'NONE', #1276, #638, #1531, .T. ) ;
#314 = ADVANCED_FACE ( 'NONE', ( #2913 ), #3181, .F. ) ;
#315 = ORIENTED_EDGE ( 'NONE', *, *, #1138, .T. ) ;
#316 = DIRECTION ( 'NONE',  ( 0.000000000000000000, 1.000000000000000000, 0.000000000000000000 ) ) ;
#317 = DIRECTION ( 'NONE',  ( -1.000000000000000000, 0.000000000000000000, 6.982962677686266711E-15 ) ) ;
#318 = CARTESIAN_POINT ( 'NONE',  ( -0.6250000000000067724, 0.000000000000000000, -0.6249999999999955591 ) ) ;
#319 = VERTEX_POINT ( 'NONE', #4228 ) ;
#320 = DIRECTION ( 'NONE',  ( -0.000000000000000000, 1.000000000000000000, -0.000000000000000000 ) ) ;
#321 = EDGE_LOOP ( 'NONE', ( #2026, #3771, #1090 ) ) ;
#322 = ORIENTED_EDGE ( 'NONE', *, *, #155, .T. ) ;
#323 = ORIENTED_EDGE ( 'NONE', *, *, #4139, .T. ) ;
#324 = DIRECTION ( 'NONE',  ( 1.000000000000000000, -0.000000000000000000, -7.416643546680468484E-15 ) ) ;
#325 = VECTOR ( 'NONE', #4026, 1000.000000000000000 ) ;
#326 = LINE ( 'NONE', #1632, #820 ) ;
#327 = ORIENTED_EDGE ( 'NONE', *, *, #869, .T. ) ;
#328 = CARTESIAN_POINT ( 'NONE',  ( 0.9000000000000051292, 0.1000000000000000056, 0.6249999999999913403 ) ) ;
#329 = ORIENTED_EDGE ( 'NONE', *, *, #3164, .T. ) ;
#330 = CARTESIAN_POINT ( 'NONE',  ( -0.1250000000000050515, 0.1000000000000000056, -0.6249999999999994449 ) ) ;
#331 = VECTOR ( 'NONE', #2431, 1000.000000000000000 ) ;
#332 = PLANE ( 'NONE',  #964 ) ;
#333 = DIRECTION ( 'NONE',  ( 0.000000000000000000, -1.000000000000000000, 0.000000000000000000 ) ) ;
#334 = CARTESIAN_POINT ( 'NONE',  ( -0.1249999999999963501, 0.000000000000000000, 0.6250000000000012212 ) ) ;
#335 =( GEOMETRIC_REPRESENTATION_CONTEXT ( 3 ) GLOBAL_UNCERTAINTY_ASSIGNED_CONTEXT ( ( #3589 ) ) GLOBAL_UNIT_ASSIGNED_CONTEXT ( ( #3371, #3389, #1720 ) ) REPRESENTATION_CONTEXT ( 'NONE', 'WORKASPACE' ) );
#336 = CARTESIAN_POINT ( 'NONE',  ( -0.6250000000000066613, 0.000000000000000000, -0.6249999999999955591 ) ) ;
#337 = LINE ( 'NONE', #1668, #1596 ) ;
#338 = VECTOR ( 'NONE', #3124, 1000.000000000000000 ) ;
#339 = EDGE_CURVE ( 'NONE', #947, #3213, #3527, .T. ) ;
#340 = EDGE_CURVE ( 'NONE', #967, #668, #3160, .T. ) ;
#341 = VERTEX_POINT ( 'NONE', #1882 ) ;
#342 = CARTESIAN_POINT ( 'NONE',  ( -0.6249999999999965583, 0.000000000000000000, 0.8750000000000016653 ) ) ;
#343 = VECTOR ( 'NONE', #3566, 1000.000000000000000 ) ;
#344 = EDGE_CURVE ( 'NONE', #3381, #3265, #3898, .T. ) ;
#345 = VECTOR ( 'NONE', #807, 1000.000000000000000 ) ;
#346 = EDGE_LOOP ( 'NONE', ( #720, #3902, #1913, #2835 ) ) ;
#347 = LINE ( 'NONE', #3366, #758 ) ;
#348 = AXIS2_PLACEMENT_3D ( 'NONE', #140, #115, #443 ) ;
#349 = EDGE_CURVE ( 'NONE', #3579, #45, #162, .T. ) ;
#350 = EDGE_LOOP ( 'NONE', ( #1466, #2167, #1206, #63 ) ) ;
#351 = EDGE_LOOP ( 'NONE', ( #18, #2128, #2273, #2111 ) ) ;
#352 = CARTESIAN_POINT ( 'NONE',  ( -0.1249999999999963224, 0.1000000000000000056, 0.6250000000000012212 ) ) ;
#353 = CARTESIAN_POINT ( 'NONE',  ( -0.2250000000000000888, 0.000000000000000000, 1.571166602479410602E-15 ) ) ;
#354 = DIRECTION ( 'NONE',  ( -5.208813668164530963E-15, 0.000000000000000000, -1.000000000000000000 ) ) ;
#355 = VERTEX_POINT ( 'NONE', #1508 ) ;
#356 = FACE_OUTER_BOUND ( 'NONE', #3997, .T. ) ;
#357 = LINE ( 'NONE', #2934, #2990 ) ;
#358 = CARTESIAN_POINT ( 'NONE',  ( 0.8999999999999973577, 0.1000000000000000056, -0.6250000000000064393 ) ) ;
#359 = LINE ( 'NONE', #991, #3054 ) ;
#360 = DIRECTION ( 'NONE',  ( -6.982962677686266711E-15, 0.000000000000000000, -1.000000000000000000 ) ) ;
#361 = FACE_OUTER_BOUND ( 'NONE', #1581, .T. ) ;
#362 = LINE ( 'NONE', #1602, #3812 ) ;
#363 = CARTESIAN_POINT ( 'NONE',  ( 0.9000000000000055733, 0.000000000000000000, 0.8749999999999895639 ) ) ;
#364 = ORIENTED_EDGE ( 'NONE', *, *, #3675, .T. ) ;
#365 = CARTESIAN_POINT ( 'NONE',  ( 6.284666409917642406E-15, 0.000000000000000000, 0.9000000000000003553 ) ) ;
#366 = ADVANCED_FACE ( 'NONE', ( #4141 ), #1185, .T. ) ;
#367 = ORIENTED_EDGE ( 'NONE', *, *, #1434, .F. ) ;
#368 = VERTEX_POINT ( 'NONE', #2502 ) ;
#369 = ADVANCED_FACE ( 'NONE', ( #3828 ), #2526, .F. ) ;
#370 = VERTEX_POINT ( 'NONE', #4206 ) ;
#371 = ADVANCED_FACE ( 'NONE', ( #901 ), #3848, .F. ) ;
#372 = DIRECTION ( 'NONE',  ( -6.982962677686266711E-15, 0.000000000000000000, -1.000000000000000000 ) ) ;
#373 = CARTESIAN_POINT ( 'NONE',  ( -0.1249999999999943101, 0.000000000000000000, 0.9000000000000011324 ) ) ;
#374 = CARTESIAN_POINT ( 'NONE',  ( 0.1249999999999958505, 0.1000000000000000056, -0.6250000000000012212 ) ) ;
#375 = VERTEX_POINT ( 'NONE', #334 ) ;
#376 = CARTESIAN_POINT ( 'NONE',  ( -0.1249999999999942546, 0.000000000000000000, 0.9000000000000011324 ) ) ;
#377 = CARTESIAN_POINT ( 'NONE',  ( 0.000000000000000000, 0.1000000000000000056, 0.000000000000000000 ) ) ;
#378 = LINE ( 'NONE', #1706, #419 ) ;
#379 = CARTESIAN_POINT ( 'NONE',  ( 0.6250000000000042188, 0.000000000000000000, 0.3749999999999941158 ) ) ;
#380 = DIRECTION ( 'NONE',  ( -6.982962677686266711E-15, -0.000000000000000000, -1.000000000000000000 ) ) ;
#381 = LINE ( 'NONE', #1622, #277 ) ;
#382 = VECTOR ( 'NONE', #3585, 1000.000000000000000 ) ;
#383 = LINE ( 'NONE', #1099, #2278 ) ;
#384 = CARTESIAN_POINT ( 'NONE',  ( -0.9000000000000012434, 0.1000000000000000056, 0.1250000000000045519 ) ) ;
#385 = ADVANCED_FACE ( 'NONE', ( #1926 ), #4268, .F. ) ;
#386 = COLOUR_RGB ( '',0.9686274509803921573, 0.8784313725490195957, 0.5999999999999999778 ) ;
#387 = ORIENTED_EDGE ( 'NONE', *, *, #2025, .F. ) ;
#388 = DIRECTION ( 'NONE',  ( 0.000000000000000000, 1.000000000000000000, 0.000000000000000000 ) ) ;
#389 = EDGE_LOOP ( 'NONE', ( #2150, #3356, #742, #218 ) ) ;
#390 = VERTEX_POINT ( 'NONE', #2319 ) ;
#391 = PRODUCT_DEFINITION ( 'UNKNOWN', '', #1717, #3144 ) ;
#392 = CARTESIAN_POINT ( 'NONE',  ( 0.1250000000000064948, 0.1000000000000000056, 0.8999999999999994671 ) ) ;
#393 = ORIENTED_EDGE ( 'NONE', *, *, #3123, .F. ) ;
#394 = DIRECTION ( 'NONE',  ( 6.982962677686266711E-15, 0.000000000000000000, 1.000000000000000000 ) ) ;
#395 = FILL_AREA_STYLE_COLOUR ( '', #2155 ) ;
#396 = CARTESIAN_POINT ( 'NONE',  ( -0.9000000000000082379, 0.000000000000000000, -0.8749999999999937828 ) ) ;
#397 = DIRECTION ( 'NONE',  ( -7.228014483236698330E-15, 0.000000000000000000, -1.000000000000000000 ) ) ;
#398 = DIRECTION ( 'NONE',  ( 6.982962677686266711E-15, -0.000000000000000000, 1.000000000000000000 ) ) ;
#399 = AXIS2_PLACEMENT_3D ( 'NONE', #1638, #679, #2976 ) ;
#400 = DIRECTION ( 'NONE',  ( 1.000000000000000000, -0.000000000000000000, -6.391579674512355058E-15 ) ) ;
#401 = CARTESIAN_POINT ( 'NONE',  ( -0.3750000000000063838, 0.1000000000000000056, -0.8999999999999978018 ) ) ;
#402 = ORIENTED_EDGE ( 'NONE', *, *, #2673, .T. ) ;
#403 = CIRCLE ( 'NONE', #2428, 0.1499999999999999667 ) ;
#404 = ORIENTED_EDGE ( 'NONE', *, *, #3974, .T. ) ;
#405 = CARTESIAN_POINT ( 'NONE',  ( 1.000000000000000000, 1.000000000000000000, -6.982962677686266711E-15 ) ) ;
#406 = VECTOR ( 'NONE', #2677, 1000.000000000000000 ) ;
#407 = ORIENTED_EDGE ( 'NONE', *, *, #3515, .T. ) ;
#408 = VECTOR ( 'NONE', #3497, 1000.000000000000000 ) ;
#409 = ORIENTED_EDGE ( 'NONE', *, *, #4170, .F. ) ;
#410 = VERTEX_POINT ( 'NONE', #1267 ) ;
#411 = VECTOR ( 'NONE', #3171, 1000.000000000000000 ) ;
#412 = CARTESIAN_POINT ( 'NONE',  ( 0.6249999999999975575, 0.1000000000000000056, -0.6250000000000041078 ) ) ;
#413 = CARTESIAN_POINT ( 'NONE',  ( -0.9000000000000012434, 0.1000000000000000056, 0.1250000000000045519 ) ) ;
#414 = DIRECTION ( 'NONE',  ( 1.000000000000000000, 0.000000000000000000, -7.416643546680468484E-15 ) ) ;
#415 = VECTOR ( 'NONE', #3484, 1000.000000000000000 ) ;
#416 = DIRECTION ( 'NONE',  ( -1.000000000000000000, 0.000000000000000000, 6.982962677686266711E-15 ) ) ;
#417 = FACE_OUTER_BOUND ( 'NONE', #2448, .T. ) ;
#418 = ADVANCED_FACE ( 'NONE', ( #2613 ), #2663, .F. ) ;
#419 = VECTOR ( 'NONE', #1787, 1000.000000000000000 ) ;
#420 = EDGE_CURVE ( 'NONE', #2883, #3810, #939, .T. ) ;
#421 = LINE ( 'NONE', #3443, #1096 ) ;
#422 = LINE ( 'NONE', #1751, #1430 ) ;
#423 = EDGE_CURVE ( 'NONE', #599, #4235, #359, .T. ) ;
#424 = PLANE ( 'NONE',  #2997 ) ;
#425 = EDGE_CURVE ( 'NONE', #307, #242, #10, .T. ) ;
#426 = PLANE ( 'NONE',  #2779 ) ;
#427 = DIRECTION ( 'NONE',  ( 8.757111687208001669E-15, -0.000000000000000000, 1.000000000000000000 ) ) ;
#428 = VERTEX_POINT ( 'NONE', #657 ) ;
#429 = VERTEX_POINT ( 'NONE', #293 ) ;
#430 = CARTESIAN_POINT ( 'NONE',  ( 0.000000000000000000, 0.000000000000000000, 0.000000000000000000 ) ) ;
#431 = UNCERTAINTY_MEASURE_WITH_UNIT (LENGTH_MEASURE( 1.000000000000000082E-05 ), #3180, 'distance_accuracy_value', 'NONE');
#432 = EDGE_LOOP ( 'NONE', ( #2880, #3120, #3029, #2262 ) ) ;
#433 = ORIENTED_EDGE ( 'NONE', *, *, #2028, .F. ) ;
#434 = EDGE_LOOP ( 'NONE', ( #1062, #2287, #3731, #3882 ) ) ;
#435 = ORIENTED_EDGE ( 'NONE', *, *, #2535, .F. ) ;
#436 = CARTESIAN_POINT ( 'NONE',  ( 0.8999999999999991340, 0.1000000000000000056, -0.3750000000000069389 ) ) ;
#437 = CARTESIAN_POINT ( 'NONE',  ( -0.6249999999999978906, 0.1000000000000000056, 0.6250000000000016653 ) ) ;
#438 = ORIENTED_EDGE ( 'NONE', *, *, #1215, .T. ) ;
#439 = DIRECTION ( 'NONE',  ( 0.000000000000000000, 1.000000000000000000, 0.000000000000000000 ) ) ;
#440 = CARTESIAN_POINT ( 'NONE',  ( -0.3749999999999938383, 0.1000000000000000056, 0.9000000000000030198 ) ) ;
#441 = DIRECTION ( 'NONE',  ( 6.982962677686266711E-15, 0.000000000000000000, 1.000000000000000000 ) ) ;
#442 = CARTESIAN_POINT ( 'NONE',  ( -0.8999999999999978018, 0.000000000000000000, 0.6250000000000036637 ) ) ;
#443 = DIRECTION ( 'NONE',  ( 6.982962677686266711E-15, 0.000000000000000000, 1.000000000000000000 ) ) ;
#444 = DIRECTION ( 'NONE',  ( 0.000000000000000000, -1.000000000000000000, 0.000000000000000000 ) ) ;
#445 = EDGE_CURVE ( 'NONE', #2002, #1682, #1335, .T. ) ;
#446 = DIRECTION ( 'NONE',  ( 1.000000000000000000, -0.000000000000000000, -6.982962677686266711E-15 ) ) ;
#447 = ADVANCED_FACE ( 'NONE', ( #2250 ), #3335, .F. ) ;
#448 = ORIENTED_EDGE ( 'NONE', *, *, #20, .F. ) ;
#449 = DIRECTION ( 'NONE',  ( 0.000000000000000000, 1.000000000000000000, 0.000000000000000000 ) ) ;
#450 = EDGE_LOOP ( 'NONE', ( #2836, #1148, #3637, #1326 ) ) ;
#451 = VECTOR ( 'NONE', #4190, 1000.000000000000000 ) ;
#452 = ORIENTED_EDGE ( 'NONE', *, *, #3760, .F. ) ;
#453 = ORIENTED_EDGE ( 'NONE', *, *, #2680, .T. ) ;
#454 = CARTESIAN_POINT ( 'NONE',  ( 0.9000000000000041300, 0.1000000000000000056, 0.3749999999999920064 ) ) ;
#455 = DIRECTION ( 'NONE',  ( 6.588707342236992012E-15, 0.000000000000000000, 1.000000000000000000 ) ) ;
#456 = ORIENTED_EDGE ( 'NONE', *, *, #3920, .T. ) ;
#457 = VECTOR ( 'NONE', #2228, 1000.000000000000000 ) ;
#458 = PLANE ( 'NONE',  #969 ) ;
#459 = FACE_OUTER_BOUND ( 'NONE', #1408, .T. ) ;
#460 = CARTESIAN_POINT ( 'NONE',  ( 0.6250000000000009992, 0.1000000000000000056, -0.1250000000000049960 ) ) ;
#461 = CARTESIAN_POINT ( 'NONE',  ( 0.8999999999999956923, 0.1000000000000000056, -0.8750000000000061062 ) ) ;
#462 = LINE ( 'NONE', #2767, #3408 ) ;
#463 = FACE_BOUND ( 'NONE', #1130, .T. ) ;
#464 = VERTEX_POINT ( 'NONE', #3611 ) ;
#465 = FACE_OUTER_BOUND ( 'NONE', #450, .T. ) ;
#466 = AXIS2_PLACEMENT_3D ( 'NONE', #2808, #1218, #1157 ) ;
#467 = ADVANCED_FACE ( 'NONE', ( #4000 ), #2706, .F. ) ;
#468 = EDGE_CURVE ( 'NONE', #4090, #1665, #1010, .T. ) ;
#469 = UNCERTAINTY_MEASURE_WITH_UNIT (LENGTH_MEASURE( 1.000000000000000082E-05 ), #2459, 'distance_accuracy_value', 'NONE');
#470 = ORIENTED_EDGE ( 'NONE', *, *, #3521, .F. ) ;
#471 = ADVANCED_FACE ( 'NONE', ( #1618 ), #1686, .F. ) ;
#472 = COLOUR_RGB ( '',0.9686274509803921573, 0.8784313725490195957, 0.5999999999999999778 ) ;
#473 = VERTEX_POINT ( 'NONE', #2299 ) ;
#474 = EDGE_CURVE ( 'NONE', #257, #3406, #4294, .T. ) ;
#475 = ORIENTED_EDGE ( 'NONE', *, *, #3470, .F. ) ;
#476 = VECTOR ( 'NONE', #4111, 1000.000000000000000 ) ;
#477 = LINE ( 'NONE', #3149, #684 ) ;
#478 = ORIENTED_EDGE ( 'NONE', *, *, #233, .T. ) ;
#479 =( NAMED_UNIT ( * ) SI_UNIT ( $, .STERADIAN. ) SOLID_ANGLE_UNIT ( ) );
#480 = VECTOR ( 'NONE', #2949, 1000.000000000000000 ) ;
#481 = VECTOR ( 'NONE', #4024, 1000.000000000000000 ) ;
#482 = CARTESIAN_POINT ( 'NONE',  ( -0.8999999999999978018, 0.1000000000000000056, 0.6250000000000036637 ) ) ;
#483 = DIRECTION ( 'NONE',  ( 1.000000000000000000, -0.000000000000000000, -6.982962677686266711E-15 ) ) ;
#484 = PRESENTATION_LAYER_ASSIGNMENT (  '', '', ( #3215 ) ) ;
#485 = DIRECTION ( 'NONE',  ( 1.000000000000000000, -0.000000000000000000, -6.982962677686266711E-15 ) ) ;
#486 = CARTESIAN_POINT ( 'NONE',  ( -0.2250000000000033917, 0.000000000000000000, -0.4749999999999982014 ) ) ;
#487 = FACE_OUTER_BOUND ( 'NONE', #3643, .T. ) ;
#488 = AXIS2_PLACEMENT_3D ( 'NONE', #3304, #913, #3261 ) ;
#489 = DIRECTION ( 'NONE',  ( 6.982962677686266711E-15, 0.000000000000000000, 1.000000000000000000 ) ) ;
#490 = DIRECTION ( 'NONE',  ( 0.000000000000000000, -1.000000000000000000, 0.000000000000000000 ) ) ;
#491 = CARTESIAN_POINT ( 'NONE',  ( -0.2250000000000033917, 0.1000000000000000056, -0.4749999999999982014 ) ) ;
#492 = CARTESIAN_POINT ( 'NONE',  ( 0.000000000000000000, 0.000000000000000000, 0.000000000000000000 ) ) ;
#493 = LINE ( 'NONE', #3183, #3138 ) ;
#494 = VERTEX_POINT ( 'NONE', #3361 ) ;
#495 = CARTESIAN_POINT ( 'NONE',  ( -0.3749999999999938383, 0.000000000000000000, 0.9000000000000030198 ) ) ;
#496 = ORIENTED_EDGE ( 'NONE', *, *, #2197, .T. ) ;
#497 = VERTEX_POINT ( 'NONE', #3590 ) ;
#498 = VERTEX_POINT ( 'NONE', #3023 ) ;
#499 = LINE ( 'NONE', #2421, #66 ) ;
#500 = EDGE_CURVE ( 'NONE', #429, #3417, #1288, .T. ) ;
#501 = ORIENTED_EDGE ( 'NONE', *, *, #4067, .F. ) ;
#502 = EDGE_CURVE ( 'NONE', #604, #4283, #1353, .T. ) ;
#503 = CARTESIAN_POINT ( 'NONE',  ( 0.000000000000000000, 0.000000000000000000, 0.000000000000000000 ) ) ;
#504 = LINE ( 'NONE', #3801, #2847 ) ;
#505 = DIRECTION ( 'NONE',  ( -1.000000000000000000, -0.000000000000000000, 8.165728684034090016E-15 ) ) ;
#506 = DIRECTION ( 'NONE',  ( 0.000000000000000000, -1.000000000000000000, 0.000000000000000000 ) ) ;
#507 = DIRECTION ( 'NONE',  ( -1.000000000000000000, 0.000000000000000000, 7.377218013135540620E-15 ) ) ;
#508 = DIRECTION ( 'NONE',  ( 0.000000000000000000, -1.000000000000000000, 0.000000000000000000 ) ) ;
#509 = CARTESIAN_POINT ( 'NONE',  ( -0.4900000000000034328, 0.9000000000000001332, -0.4899999999999962719 ) ) ;
#510 = ORIENTED_EDGE ( 'NONE', *, *, #1510, .T. ) ;
#511 = CARTESIAN_POINT ( 'NONE',  ( 0.1250000000000041911, 0.000000000000000000, 0.6249999999999994449 ) ) ;
#512 = ORIENTED_EDGE ( 'NONE', *, *, #3422, .F. ) ;
#513 = DIRECTION ( 'NONE',  ( -6.982962677686266711E-15, 0.000000000000000000, -1.000000000000000000 ) ) ;
#514 = ORIENTED_EDGE ( 'NONE', *, *, #1885, .T. ) ;
#515 = ORIENTED_EDGE ( 'NONE', *, *, #3107, .F. ) ;
#516 = VERTEX_POINT ( 'NONE', #4251 ) ;
#517 = ORIENTED_EDGE ( 'NONE', *, *, #2484, .F. ) ;
#518 = VECTOR ( 'NONE', #2657, 1000.000000000000000 ) ;
#519 = VECTOR ( 'NONE', #2665, 1000.000000000000000 ) ;
#520 = CARTESIAN_POINT ( 'NONE',  ( 0.6250000000000052180, 0.000000000000000000, 0.6249999999999931166 ) ) ;
#521 = LINE ( 'NONE', #4217, #4040 ) ;
#522 = EDGE_CURVE ( 'NONE', #3714, #213, #966, .T. ) ;
#523 = ORIENTED_EDGE ( 'NONE', *, *, #2533, .T. ) ;
#524 = CARTESIAN_POINT ( 'NONE',  ( -6.284666409917642406E-15, 0.000000000000000000, -0.9000000000000003553 ) ) ;
#525 = CARTESIAN_POINT ( 'NONE',  ( 0.3750000000000001665, 0.000000000000000000, -2.618611004132351200E-15 ) ) ;
#526 = EDGE_CURVE ( 'NONE', #1873, #2, #1315, .T. ) ;
#527 = FACE_OUTER_BOUND ( 'NONE', #2898, .T. ) ;
#528 = FACE_OUTER_BOUND ( 'NONE', #2030, .T. ) ;
#529 = FILL_AREA_STYLE_COLOUR ( '', #4236 ) ;
#530 = ADVANCED_FACE ( 'NONE', ( #3737 ), #3698, .F. ) ;
#531 = CARTESIAN_POINT ( 'NONE',  ( -0.1249999999999963501, 0.1000000000000000056, 0.6250000000000012212 ) ) ;
#532 = CARTESIAN_POINT ( 'NONE',  ( 0.1250000000000064948, 0.1000000000000000056, 0.8999999999999994671 ) ) ;
#533 = CARTESIAN_POINT ( 'NONE',  ( 0.3749999999999935052, 0.1000000000000000056, -0.9000000000000029088 ) ) ;
#534 = EDGE_LOOP ( 'NONE', ( #3748, #904, #4123, #779 ) ) ;
#535 = DIRECTION ( 'NONE',  ( 0.000000000000000000, 1.000000000000000000, 0.000000000000000000 ) ) ;
#536 = VECTOR ( 'NONE', #1051, 1000.000000000000000 ) ;
#537 = ORIENTED_EDGE ( 'NONE', *, *, #950, .F. ) ;
#538 = ORIENTED_EDGE ( 'NONE', *, *, #3797, .T. ) ;
#539 = COLOUR_RGB ( '',0.9686274509803921573, 0.8784313725490195957, 0.5999999999999999778 ) ;
#540 =( GEOMETRIC_REPRESENTATION_CONTEXT ( 3 ) GLOBAL_UNCERTAINTY_ASSIGNED_CONTEXT ( ( #2090 ) ) GLOBAL_UNIT_ASSIGNED_CONTEXT ( ( #1908, #2602, #2899 ) ) REPRESENTATION_CONTEXT ( 'NONE', 'WORKASPACE' ) );
#541 = DIRECTION ( 'NONE',  ( 1.000000000000000000, 0.000000000000000000, -8.362856351758727760E-15 ) ) ;
#542 = CARTESIAN_POINT ( 'NONE',  ( -0.9000000000000030198, 0.1000000000000000056, -0.1249999999999949069 ) ) ;
#543 = ORIENTED_EDGE ( 'NONE', *, *, #468, .F. ) ;
#544 = VECTOR ( 'NONE', #2330, 1000.000000000000000 ) ;
#545 = DIRECTION ( 'NONE',  ( -6.982962677686266711E-15, -0.000000000000000000, -1.000000000000000000 ) ) ;
#546 = CARTESIAN_POINT ( 'NONE',  ( 0.6250000000000009992, 0.000000000000000000, -0.1250000000000049960 ) ) ;
#547 = VECTOR ( 'NONE', #2375, 1000.000000000000000 ) ;
#548 = CARTESIAN_POINT ( 'NONE',  ( 0.9000000000000050182, 0.1000000000000000056, 0.8749999999999895639 ) ) ;
#549 = PLANE ( 'NONE',  #1731 ) ;
#550 = DIRECTION ( 'NONE',  ( 6.982962677686266711E-15, 0.000000000000000000, 1.000000000000000000 ) ) ;
#551 = EDGE_CURVE ( 'NONE', #429, #240, #2458, .T. ) ;
#552 = MECHANICAL_DESIGN_GEOMETRIC_PRESENTATION_REPRESENTATION (  '', ( #3215 ), #1043 ) ;
#553 = FACE_OUTER_BOUND ( 'NONE', #1605, .T. ) ;
#554 = DIRECTION ( 'NONE',  ( -1.000000000000000000, 0.000000000000000000, 6.115600939697863952E-15 ) ) ;
#555 = MECHANICAL_DESIGN_GEOMETRIC_PRESENTATION_REPRESENTATION (  '', ( #2225 ), #2588 ) ;
#556 = EDGE_CURVE ( 'NONE', #2329, #2345, #1788, .T. ) ;
#557 = EDGE_CURVE ( 'NONE', #1036, #3816, #421, .T. ) ;
#558 = EDGE_LOOP ( 'NONE', ( #1957, #2861, #2063, #1844 ) ) ;
#559 = CARTESIAN_POINT ( 'NONE',  ( -0.1250000000000049960, 0.000000000000000000, -0.6249999999999994449 ) ) ;
#560 = VERTEX_POINT ( 'NONE', #1750 ) ;
#561 = CARTESIAN_POINT ( 'NONE',  ( -0.1250000000000068279, 0.1000000000000000056, -0.8999999999999995781 ) ) ;
#562 = DIRECTION ( 'NONE',  ( 0.000000000000000000, -1.000000000000000000, 0.000000000000000000 ) ) ;
#563 = ORIENTED_EDGE ( 'NONE', *, *, #4020, .T. ) ;
#564 = EDGE_CURVE ( 'NONE', #2886, #4261, #1030, .T. ) ;
#565 = ORIENTED_EDGE ( 'NONE', *, *, #1434, .T. ) ;
#566 = CARTESIAN_POINT ( 'NONE',  ( -0.3750000000000033307, 0.1000000000000000056, -0.4749999999999972022 ) ) ;
#567 = CARTESIAN_POINT ( 'NONE',  ( 0.9000000000000057954, 0.000000000000000000, 0.6249999999999913403 ) ) ;
#568 = CARTESIAN_POINT ( 'NONE',  ( 0.6250000000000057732, 0.000000000000000000, 0.6249999999999931166 ) ) ;
#569 = DIRECTION ( 'NONE',  ( -7.850324415674670258E-15, 0.000000000000000000, -1.000000000000000000 ) ) ;
#570 = CARTESIAN_POINT ( 'NONE',  ( -0.1250000000000068279, 0.1000000000000000056, -0.8999999999999995781 ) ) ;
#571 = DIRECTION ( 'NONE',  ( 7.416643546680468484E-15, 0.000000000000000000, 1.000000000000000000 ) ) ;
#572 = PRESENTATION_STYLE_ASSIGNMENT (( #3544 ) ) ;
#573 = DIRECTION ( 'NONE',  ( -8.362856351758727760E-15, 0.000000000000000000, -1.000000000000000000 ) ) ;
#574 = CARTESIAN_POINT ( 'NONE',  ( 0.6250000000000041078, 0.1000000000000000056, 0.3749999999999941713 ) ) ;
#575 = ORIENTED_EDGE ( 'NONE', *, *, #4144, .F. ) ;
#576 = DIRECTION ( 'NONE',  ( 1.000000000000000000, -0.000000000000000000, -6.982962677686266711E-15 ) ) ;
#577 = ADVANCED_FACE ( 'NONE', ( #706 ), #2079, .F. ) ;
#578 = ORIENTED_EDGE ( 'NONE', *, *, #1532, .T. ) ;
#579 = FILL_AREA_STYLE ('',( #3945 ) ) ;
#580 = CARTESIAN_POINT ( 'NONE',  ( 0.000000000000000000, 0.1000000000000000056, 0.000000000000000000 ) ) ;
#581 = ORIENTED_EDGE ( 'NONE', *, *, #1282, .F. ) ;
#582 = EDGE_LOOP ( 'NONE', ( #2555, #1715, #2112, #3712 ) ) ;
#583 = VERTEX_POINT ( 'NONE', #137 ) ;
#584 = LINE ( 'NONE', #1261, #3278 ) ;
#585 = VECTOR ( 'NONE', #1976, 1000.000000000000000 ) ;
#586 = DIRECTION ( 'NONE',  ( 6.194452006787718103E-15, 0.000000000000000000, 1.000000000000000000 ) ) ;
#587 = LINE ( 'NONE', #610, #1798 ) ;
#588 = CARTESIAN_POINT ( 'NONE',  ( 0.6250000000000054401, 0.000000000000000000, 0.8749999999999931166 ) ) ;
#589 = DIRECTION ( 'NONE',  ( 1.000000000000000000, 0.000000000000000000, -6.194452006787718103E-15 ) ) ;
#590 = FILL_AREA_STYLE_COLOUR ( '', #1045 ) ;
#591 = VECTOR ( 'NONE', #1710, 1000.000000000000000 ) ;
#592 = CARTESIAN_POINT ( 'NONE',  ( 4.364351673553919850E-15, 0.000000000000000000, 0.6250000000000004441 ) ) ;
#593 = DIRECTION ( 'NONE',  ( -8.757111687208001669E-15, -0.000000000000000000, -1.000000000000000000 ) ) ;
#594 = VERTEX_POINT ( 'NONE', #90 ) ;
#595 = VECTOR ( 'NONE', #2950, 1000.000000000000000 ) ;
#596 = SURFACE_SIDE_STYLE ('',( #4237 ) ) ;
#597 = DIRECTION ( 'NONE',  ( 0.000000000000000000, -1.000000000000000000, 0.000000000000000000 ) ) ;
#598 = EDGE_CURVE ( 'NONE', #2886, #1298, #2039, .T. ) ;
#599 = VERTEX_POINT ( 'NONE', #3425 ) ;
#600 = EDGE_CURVE ( 'NONE', #3961, #2512, #4041, .T. ) ;
#601 = VERTEX_POINT ( 'NONE', #3782 ) ;
#602 = ORIENTED_EDGE ( 'NONE', *, *, #3576, .T. ) ;
#603 = EDGE_CURVE ( 'NONE', #2903, #3810, #3376, .T. ) ;
#604 = VERTEX_POINT ( 'NONE', #3132 ) ;
#605 = EDGE_CURVE ( 'NONE', #2, #1085, #1417, .T. ) ;
#606 = ORIENTED_EDGE ( 'NONE', *, *, #237, .T. ) ;
#607 = DIRECTION ( 'NONE',  ( -0.000000000000000000, 1.000000000000000000, -0.000000000000000000 ) ) ;
#608 = VECTOR ( 'NONE', #3487, 1000.000000000000000 ) ;
#609 = SURFACE_SIDE_STYLE ('',( #1962 ) ) ;
#610 = CARTESIAN_POINT ( 'NONE',  ( -0.3750000000000001110, 0.000000000000000000, 2.618611004132350805E-15 ) ) ;
#611 = FACE_OUTER_BOUND ( 'NONE', #1291, .T. ) ;
#612 = MECHANICAL_DESIGN_GEOMETRIC_PRESENTATION_REPRESENTATION (  '', ( #2501 ), #1169 ) ;
#613 = DIRECTION ( 'NONE',  ( -0.000000000000000000, -1.000000000000000000, -0.000000000000000000 ) ) ;
#614 = AXIS2_PLACEMENT_3D ( 'NONE', #1237, #607, #2947 ) ;
#615 = AXIS2_PLACEMENT_3D ( 'NONE', #4058, #51, #3735 ) ;
#616 = CARTESIAN_POINT ( 'NONE',  ( 0.1249999999999939354, 0.000000000000000000, -0.9000000000000011324 ) ) ;
#617 = CARTESIAN_POINT ( 'NONE',  ( -0.1249999999999942546, 0.1000000000000000056, 0.9000000000000011324 ) ) ;
#618 = AXIS2_PLACEMENT_3D ( 'NONE', #2235, #2166, #3593 ) ;
#619 = LINE ( 'NONE', #12, #1804 ) ;
#620 = ORIENTED_EDGE ( 'NONE', *, *, #3446, .T. ) ;
#621 = MECHANICAL_DESIGN_GEOMETRIC_PRESENTATION_REPRESENTATION (  '', ( #2019 ), #3558 ) ;
#622 = CARTESIAN_POINT ( 'NONE',  ( 0.9000000000000007994, 0.1000000000000000056, -0.1250000000000071887 ) ) ;
#623 = CARTESIAN_POINT ( 'NONE',  ( -0.8999999999999963585, 0.1000000000000000056, 0.8750000000000021094 ) ) ;
#624 = VERTEX_POINT ( 'NONE', #1465 ) ;
#625 = ORIENTED_EDGE ( 'NONE', *, *, #2480, .F. ) ;
#626 = ORIENTED_EDGE ( 'NONE', *, *, #4249, .T. ) ;
#627 = VERTEX_POINT ( 'NONE', #379 ) ;
#628 = DIRECTION ( 'NONE',  ( -0.000000000000000000, -1.000000000000000000, -0.000000000000000000 ) ) ;
#629 = EDGE_CURVE ( 'NONE', #45, #2599, #1072, .T. ) ;
#630 = DIRECTION ( 'NONE',  ( -6.982962677686266711E-15, -0.000000000000000000, -1.000000000000000000 ) ) ;
#631 = DIRECTION ( 'NONE',  ( 1.000000000000000000, -0.000000000000000000, -6.982962677686266711E-15 ) ) ;
#632 = ADVANCED_FACE ( 'NONE', ( #3766 ), #773, .F. ) ;
#633 = ORIENTED_EDGE ( 'NONE', *, *, #2565, .T. ) ;
#634 = DIRECTION ( 'NONE',  ( -0.000000000000000000, -1.000000000000000000, -0.000000000000000000 ) ) ;
#635 = DIRECTION ( 'NONE',  ( -1.000000000000000000, 0.000000000000000000, 6.549281808692064937E-15 ) ) ;
#636 = CARTESIAN_POINT ( 'NONE',  ( 0.1249999999999958505, 0.000000000000000000, -0.6250000000000012212 ) ) ;
#637 = DIRECTION ( 'NONE',  ( 0.000000000000000000, 1.000000000000000000, 0.000000000000000000 ) ) ;
#638 = VERTEX_POINT ( 'NONE', #2363 ) ;
#639 = DIRECTION ( 'NONE',  ( -0.000000000000000000, -1.000000000000000000, -0.000000000000000000 ) ) ;
#640 = CARTESIAN_POINT ( 'NONE',  ( -0.8999999999999964695, 0.1000000000000000056, 0.8750000000000021094 ) ) ;
#641 = PLANE ( 'NONE',  #36 ) ;
#642 = EDGE_CURVE ( 'NONE', #3331, #1626, #747, .T. ) ;
#643 = EDGE_LOOP ( 'NONE', ( #563, #1691, #2946, #2417 ) ) ;
#644 = LINE ( 'NONE', #3642, #4232 ) ;
#645 = EDGE_CURVE ( 'NONE', #1256, #4193, #1707, .T. ) ;
#646 = ORIENTED_EDGE ( 'NONE', *, *, #869, .F. ) ;
#647 = VERTEX_POINT ( 'NONE', #2783 ) ;
#648 = DIRECTION ( 'NONE',  ( -6.982962677686266711E-15, -0.000000000000000000, -1.000000000000000000 ) ) ;
#649 = PRESENTATION_STYLE_ASSIGNMENT (( #2930 ) ) ;
#650 = CARTESIAN_POINT ( 'NONE',  ( -0.6250000000000032196, 0.000000000000000000, -0.1249999999999963918 ) ) ;
#651 = ORIENTED_EDGE ( 'NONE', *, *, #2752, .T. ) ;
#652 = CARTESIAN_POINT ( 'NONE',  ( -0.1250000000000006939, 0.000000000000000000, 8.728703347107881706E-16 ) ) ;
#653 = EDGE_CURVE ( 'NONE', #355, #3493, #4060, .T. ) ;
#654 = CARTESIAN_POINT ( 'NONE',  ( -0.6250000000000066613, 0.1000000000000000056, -0.6249999999999955591 ) ) ;
#655 = ADVANCED_FACE ( 'NONE', ( #4101 ), #2563, .T. ) ;
#656 = EDGE_CURVE ( 'NONE', #2732, #594, #4117, .T. ) ;
#657 = CARTESIAN_POINT ( 'NONE',  ( -0.9000000000000064615, 0.000000000000000000, -0.6249999999999938938 ) ) ;
#658 = VECTOR ( 'NONE', #2424, 1000.000000000000000 ) ;
#659 = LINE ( 'NONE', #3377, #1988 ) ;
#660 = EDGE_CURVE ( 'NONE', #3432, #2856, #3501, .T. ) ;
#661 = CARTESIAN_POINT ( 'NONE',  ( 0.9000000000000041300, 0.1000000000000000056, 0.3749999999999918954 ) ) ;
#662 = AXIS2_PLACEMENT_3D ( 'NONE', #1489, #3073, #163 ) ;
#663 = DIRECTION ( 'NONE',  ( -0.000000000000000000, -1.000000000000000000, -0.000000000000000000 ) ) ;
#664 = CARTESIAN_POINT ( 'NONE',  ( -0.8999999999999995781, 0.000000000000000000, 0.3750000000000042188 ) ) ;
#665 = AXIS2_PLACEMENT_3D ( 'NONE', #1987, #2682, #4291 ) ;
#666 = VERTEX_POINT ( 'NONE', #2199 ) ;
#667 = LINE ( 'NONE', #1324, #2725 ) ;
#668 = VERTEX_POINT ( 'NONE', #2159 ) ;
#669 = ORIENTED_EDGE ( 'NONE', *, *, #1300, .T. ) ;
#670 = DIRECTION ( 'NONE',  ( -6.982962677686266711E-15, 0.000000000000000000, -1.000000000000000000 ) ) ;
#671 = VECTOR ( 'NONE', #663, 1000.000000000000000 ) ;
#672 = CARTESIAN_POINT ( 'NONE',  ( -0.2250000000000033917, 0.1000000000000000056, -0.4749999999999982014 ) ) ;
#673 = DIRECTION ( 'NONE',  ( 6.982962677686266711E-15, -0.000000000000000000, 1.000000000000000000 ) ) ;
#674 = EDGE_LOOP ( 'NONE', ( #881, #4169, #2198, #1554 ) ) ;
#675 = LINE ( 'NONE', #1333, #1362 ) ;
#676 = AXIS2_PLACEMENT_3D ( 'NONE', #460, #1729, #55 ) ;
#677 = DIRECTION ( 'NONE',  ( 1.000000000000000000, 0.000000000000000000, -6.982962677686266711E-15 ) ) ;
#678 =( LENGTH_UNIT ( ) NAMED_UNIT ( * ) SI_UNIT ( .MILLI., .METRE. ) );
#679 = DIRECTION ( 'NONE',  ( 1.000000000000000000, 0.000000000000000000, 1.256973833203566988E-15 ) ) ;
#680 = VECTOR ( 'NONE', #4156, 1000.000000000000000 ) ;
#681 = CARTESIAN_POINT ( 'NONE',  ( -4.364351673553915905E-15, 0.000000000000000000, -0.6249999999999998890 ) ) ;
#682 = EDGE_CURVE ( 'NONE', #1085, #821, #1199, .T. ) ;
#683 = CARTESIAN_POINT ( 'NONE',  ( -0.6249999999999967804, 0.1000000000000000056, 0.8750000000000008882 ) ) ;
#684 = VECTOR ( 'NONE', #149, 1000.000000000000000 ) ;
#685 = DIRECTION ( 'NONE',  ( -0.000000000000000000, -1.000000000000000000, -0.000000000000000000 ) ) ;
#686 = EDGE_CURVE ( 'NONE', #841, #2883, #156, .T. ) ;
#687 = CARTESIAN_POINT ( 'NONE',  ( -0.6250000000000021094, 0.000000000000000000, 4.364351673553931682E-15 ) ) ;
#688 = VECTOR ( 'NONE', #3480, 1000.000000000000000 ) ;
#689 = ADVANCED_FACE ( 'NONE', ( #867 ), #1810, .F. ) ;
#690 = AXIS2_PLACEMENT_3D ( 'NONE', #1818, #164, #2831 ) ;
#691 = EDGE_LOOP ( 'NONE', ( #3742, #512, #1893, #937 ) ) ;
#692 = DIRECTION ( 'NONE',  ( -6.982962677686266711E-15, 0.000000000000000000, -1.000000000000000000 ) ) ;
#693 = VECTOR ( 'NONE', #2956, 1000.000000000000000 ) ;
#694 = VERTEX_POINT ( 'NONE', #3519 ) ;
#695 = ORIENTED_EDGE ( 'NONE', *, *, #423, .T. ) ;
#696 = ORIENTED_EDGE ( 'NONE', *, *, #3232, .T. ) ;
#697 = PRESENTATION_LAYER_ASSIGNMENT (  '', '', ( #2225 ) ) ;
#698 = EDGE_LOOP ( 'NONE', ( #2528, #3710, #2776, #1307 ) ) ;
#699 = PLANE ( 'NONE',  #963 ) ;
#700 = PRESENTATION_STYLE_ASSIGNMENT (( #783 ) ) ;
#701 = CARTESIAN_POINT ( 'NONE',  ( -0.8999999999999978018, 0.1000000000000000056, 0.6250000000000035527 ) ) ;
#702 = EDGE_LOOP ( 'NONE', ( #3792, #2854, #3453, #37 ) ) ;
#703 = PLANE ( 'NONE',  #1997 ) ;
#704 = DIRECTION ( 'NONE',  ( -0.000000000000000000, -1.000000000000000000, -0.000000000000000000 ) ) ;
#705 = ADVANCED_FACE ( 'NONE', ( #4177 ), #1136, .F. ) ;
#706 = FACE_OUTER_BOUND ( 'NONE', #1474, .T. ) ;
#707 = SURFACE_STYLE_USAGE ( .BOTH. , #3636 ) ;
#708 = DIRECTION ( 'NONE',  ( -6.982962677686266711E-15, 0.000000000000000000, -1.000000000000000000 ) ) ;
#709 = ADVANCED_FACE ( 'NONE', ( #3844 ), #3221, .F. ) ;
#710 = LINE ( 'NONE', #3787, #2910 ) ;
#711 = CARTESIAN_POINT ( 'NONE',  ( -0.1250000000000005551, 0.000000000000000000, 8.728703347107871845E-16 ) ) ;
#712 = ORIENTED_EDGE ( 'NONE', *, *, #2234, .T. ) ;
#713 = FACE_OUTER_BOUND ( 'NONE', #1059, .T. ) ;
#714 = EDGE_CURVE ( 'NONE', #1910, #3472, #2540, .T. ) ;
#715 = VERTEX_POINT ( 'NONE', #3240 ) ;
#716 = ORIENTED_EDGE ( 'NONE', *, *, #1611, .T. ) ;
#717 = ORIENTED_EDGE ( 'NONE', *, *, #744, .T. ) ;
#718 = ORIENTED_EDGE ( 'NONE', *, *, #3943, .T. ) ;
#719 = CARTESIAN_POINT ( 'NONE',  ( 4.364351673553898550E-15, 0.000000000000000000, 0.6249999999999974465 ) ) ;
#720 = ORIENTED_EDGE ( 'NONE', *, *, #3012, .T. ) ;
#721 = CARTESIAN_POINT ( 'NONE',  ( -0.4900000000000034328, 1.000000000000000000, -0.4899999999999962719 ) ) ;
#722 = FILL_AREA_STYLE_COLOUR ( '', #903 ) ;
#723 = CARTESIAN_POINT ( 'NONE',  ( -0.6250000000000012212, 0.1000000000000000056, 0.1250000000000025258 ) ) ;
#724 = CARTESIAN_POINT ( 'NONE',  ( 0.9000000000000023537, 0.1000000000000000056, 0.1249999999999922007 ) ) ;
#725 = LINE ( 'NONE', #750, #210 ) ;
#726 = VECTOR ( 'NONE', #427, 1000.000000000000000 ) ;
#727 = CARTESIAN_POINT ( 'NONE',  ( 0.9000000000000023537, 0.000000000000000000, 0.1249999999999921452 ) ) ;
#728 = CARTESIAN_POINT ( 'NONE',  ( -0.1249999999999942824, 0.000000000000000000, 0.9000000000000011324 ) ) ;
#729 = ORIENTED_EDGE ( 'NONE', *, *, #3035, .T. ) ;
#730 =( GEOMETRIC_REPRESENTATION_CONTEXT ( 3 ) GLOBAL_UNCERTAINTY_ASSIGNED_CONTEXT ( ( #3096 ) ) GLOBAL_UNIT_ASSIGNED_CONTEXT ( ( #3227, #2850, #2208 ) ) REPRESENTATION_CONTEXT ( 'NONE', 'WORKASPACE' ) );
#731 = ORIENTED_EDGE ( 'NONE', *, *, #3569, .T. ) ;
#732 = CARTESIAN_POINT ( 'NONE',  ( 0.6249999999999990008, 0.000000000000000000, -0.3750000000000052736 ) ) ;
#733 = ORIENTED_EDGE ( 'NONE', *, *, #2935, .T. ) ;
#734 = VECTOR ( 'NONE', #3934, 1000.000000000000000 ) ;
#735 = EDGE_CURVE ( 'NONE', #2773, #781, #504, .T. ) ;
#736 = EDGE_LOOP ( 'NONE', ( #4004, #1394, #143, #303 ) ) ;
#737 = ORIENTED_EDGE ( 'NONE', *, *, #1153, .F. ) ;
#738 = EDGE_CURVE ( 'NONE', #213, #3922, #1502, .T. ) ;
#739 = SURFACE_STYLE_USAGE ( .BOTH. , #1366 ) ;
#740 = PLANE ( 'NONE',  #2549 ) ;
#741 = EDGE_CURVE ( 'NONE', #3684, #4109, #846, .T. ) ;
#742 = ORIENTED_EDGE ( 'NONE', *, *, #2146, .T. ) ;
#743 = CARTESIAN_POINT ( 'NONE',  ( 0.9000000000000016875, 0.000000000000000000, -6.284666409917651872E-15 ) ) ;
#744 = EDGE_CURVE ( 'NONE', #2856, #319, #177, .T. ) ;
#745 = DIRECTION ( 'NONE',  ( 0.000000000000000000, 1.000000000000000000, 0.000000000000000000 ) ) ;
#746 = SURFACE_STYLE_FILL_AREA ( #52 ) ;
#747 = LINE ( 'NONE', #3108, #2351 ) ;
#748 = CARTESIAN_POINT ( 'NONE',  ( -0.9000000000000021316, 0.000000000000000000, 6.284666409917655028E-15 ) ) ;
#749 = VECTOR ( 'NONE', #2762, 1000.000000000000000 ) ;
#750 = CARTESIAN_POINT ( 'NONE',  ( 0.9000000000000016875, 0.000000000000000000, -6.284666409917651872E-15 ) ) ;
#751 = FACE_OUTER_BOUND ( 'NONE', #2240, .T. ) ;
#752 = CARTESIAN_POINT ( 'NONE',  ( -0.9000000000000012434, 0.1000000000000000056, 0.1250000000000045519 ) ) ;
#753 = VECTOR ( 'NONE', #1334, 1000.000000000000000 ) ;
#754 = ORIENTED_EDGE ( 'NONE', *, *, #4136, .T. ) ;
#755 = CARTESIAN_POINT ( 'NONE',  ( 0.9000000000000050182, 0.1000000000000000056, 0.8749999999999895639 ) ) ;
#756 = VECTOR ( 'NONE', #2868, 1000.000000000000000 ) ;
#757 = ORIENTED_EDGE ( 'NONE', *, *, #3204, .F. ) ;
#758 = VECTOR ( 'NONE', #2712, 1000.000000000000000 ) ;
#759 = ORIENTED_EDGE ( 'NONE', *, *, #3119, .T. ) ;
#760 = EDGE_LOOP ( 'NONE', ( #4125, #2156, #1360, #3231 ) ) ;
#761 = CIRCLE ( 'NONE', #3826, 0.1499999999999999667 ) ;
#762 = LINE ( 'NONE', #3795, #408 ) ;
#763 = FACE_OUTER_BOUND ( 'NONE', #3369, .T. ) ;
#764 = VERTEX_POINT ( 'NONE', #1545 ) ;
#765 = CARTESIAN_POINT ( 'NONE',  ( 0.6250000000000009992, 0.1000000000000000056, -0.1250000000000050793 ) ) ;
#766 = COLOUR_RGB ( '',0.9686274509803921573, 0.8784313725490195957, 0.5999999999999999778 ) ;
#767 = EDGE_LOOP ( 'NONE', ( #2580, #2191, #1541, #407 ) ) ;
#768 = FACE_OUTER_BOUND ( 'NONE', #1048, .T. ) ;
#769 = CARTESIAN_POINT ( 'NONE',  ( 0.8999999999999973577, 0.1000000000000000056, -0.6250000000000064393 ) ) ;
#770 = SURFACE_SIDE_STYLE ('',( #72 ) ) ;
#771 = EDGE_CURVE ( 'NONE', #2045, #3955, #4200, .T. ) ;
#772 = EDGE_CURVE ( 'NONE', #3595, #3053, #1897, .T. ) ;
#773 = PLANE ( 'NONE',  #3340 ) ;
#774 = LINE ( 'NONE', #3067, #2410 ) ;
#775 = LINE ( 'NONE', #792, #70 ) ;
#776 = LINE ( 'NONE', #141, #1509 ) ;
#777 = PLANE ( 'NONE',  #171 ) ;
#778 = DIRECTION ( 'NONE',  ( -6.982962677686266711E-15, 0.000000000000000000, -1.000000000000000000 ) ) ;
#779 = ORIENTED_EDGE ( 'NONE', *, *, #3886, .F. ) ;
#780 = ORIENTED_EDGE ( 'NONE', *, *, #3797, .F. ) ;
#781 = VERTEX_POINT ( 'NONE', #2495 ) ;
#782 = CARTESIAN_POINT ( 'NONE',  ( 0.6249999999999955591, 0.1000000000000000056, -0.8750000000000043299 ) ) ;
#783 = SURFACE_STYLE_USAGE ( .BOTH. , #1023 ) ;
#784 = ORIENTED_EDGE ( 'NONE', *, *, #2593, .F. ) ;
#785 = CARTESIAN_POINT ( 'NONE',  ( 0.9000000000000057954, 0.1000000000000000056, 0.6249999999999913403 ) ) ;
#786 = FACE_OUTER_BOUND ( 'NONE', #346, .T. ) ;
#787 = DIRECTION ( 'NONE',  ( -0.000000000000000000, -1.000000000000000000, -0.000000000000000000 ) ) ;
#788 = ORIENTED_EDGE ( 'NONE', *, *, #4306, .F. ) ;
#789 = DIRECTION ( 'NONE',  ( -7.416643546680468484E-15, 0.000000000000000000, -1.000000000000000000 ) ) ;
#790 = EDGE_CURVE ( 'NONE', #1930, #2632, #1851, .T. ) ;
#791 = EDGE_CURVE ( 'NONE', #3303, #2052, #2177, .T. ) ;
#792 = CARTESIAN_POINT ( 'NONE',  ( 0.6250000000000018874, 0.000000000000000000, -4.364351673553930105E-15 ) ) ;
#793 = EDGE_CURVE ( 'NONE', #2223, #1512, #1793, .T. ) ;
#794 = DIRECTION ( 'NONE',  ( 0.000000000000000000, 1.000000000000000000, 0.000000000000000000 ) ) ;
#795 = CARTESIAN_POINT ( 'NONE',  ( 0.1249999999999939354, 0.1000000000000000056, -0.9000000000000011324 ) ) ;
#796 = ADVANCED_FACE ( 'NONE', ( #3666 ), #3606, .F. ) ;
#797 = ORIENTED_EDGE ( 'NONE', *, *, #420, .T. ) ;
#798 = CARTESIAN_POINT ( 'NONE',  ( -0.8999999999999995781, 0.1000000000000000056, 0.3750000000000042188 ) ) ;
#799 = PRODUCT_DEFINITION_SHAPE ( 'NONE', 'NONE',  #391 ) ;
#800 = ORIENTED_EDGE ( 'NONE', *, *, #211, .F. ) ;
#801 = VECTOR ( 'NONE', #4027, 1000.000000000000000 ) ;
#802 = ORIENTED_EDGE ( 'NONE', *, *, #1194, .F. ) ;
#803 = ORIENTED_EDGE ( 'NONE', *, *, #3876, .F. ) ;
#804 = CARTESIAN_POINT ( 'NONE',  ( 0.6249999999999975575, 0.000000000000000000, -0.6250000000000042188 ) ) ;
#805 = VERTEX_POINT ( 'NONE', #4 ) ;
#806 = PRESENTATION_STYLE_ASSIGNMENT (( #1069 ) ) ;
#807 = DIRECTION ( 'NONE',  ( -0.000000000000000000, -1.000000000000000000, -0.000000000000000000 ) ) ;
#808 = LINE ( 'NONE', #3478, #1115 ) ;
#809 = DIRECTION ( 'NONE',  ( 6.982962677686266711E-15, -0.000000000000000000, 1.000000000000000000 ) ) ;
#810 = CARTESIAN_POINT ( 'NONE',  ( 0.9000000000000023537, 0.1000000000000000056, 0.1249999999999922007 ) ) ;
#811 = DIRECTION ( 'NONE',  ( 0.000000000000000000, -1.000000000000000000, 0.000000000000000000 ) ) ;
#812 = DIRECTION ( 'NONE',  ( -1.000000000000000000, 0.000000000000000000, 6.391579674512355058E-15 ) ) ;
#813 = DIRECTION ( 'NONE',  ( 0.000000000000000000, 1.000000000000000000, 0.000000000000000000 ) ) ;
#814 = CARTESIAN_POINT ( 'NONE',  ( 0.3749999999999957256, 0.000000000000000000, -0.6250000000000028866 ) ) ;
#815 = LINE ( 'NONE', #98, #3424 ) ;
#816 = VECTOR ( 'NONE', #400, 1000.000000000000000 ) ;
#817 = ADVANCED_FACE ( 'NONE', ( #3306 ), #286, .F. ) ;
#818 = VERTEX_POINT ( 'NONE', #957 ) ;
#819 = EDGE_CURVE ( 'NONE', #4193, #428, #914, .T. ) ;
#820 = VECTOR ( 'NONE', #264, 1000.000000000000000 ) ;
#821 = VERTEX_POINT ( 'NONE', #1919 ) ;
#822 = ORIENTED_EDGE ( 'NONE', *, *, #19, .T. ) ;
#823 = VERTEX_POINT ( 'NONE', #2291 ) ;
#824 = AXIS2_PLACEMENT_3D ( 'NONE', #2131, #3454, #4092 ) ;
#825 = CARTESIAN_POINT ( 'NONE',  ( -0.3750000000000063838, 0.1000000000000000056, -0.8999999999999978018 ) ) ;
#826 = AXIS2_PLACEMENT_3D ( 'NONE', #3661, #3989, #3681 ) ;
#827 = DIRECTION ( 'NONE',  ( 1.000000000000000000, 0.000000000000000000, -5.405941335889167918E-15 ) ) ;
#828 = CARTESIAN_POINT ( 'NONE',  ( -0.2250000000000033917, 0.1000000000000000056, -0.4749999999999982014 ) ) ;
#829 = PRESENTATION_LAYER_ASSIGNMENT (  '', '', ( #3489 ) ) ;
#830 = CARTESIAN_POINT ( 'NONE',  ( 0.6250000000000023315, 0.000000000000000000, 0.1249999999999939632 ) ) ;
#831 = FACE_OUTER_BOUND ( 'NONE', #2171, .T. ) ;
#832 = FACE_OUTER_BOUND ( 'NONE', #4011, .T. ) ;
#833 = DIRECTION ( 'NONE',  ( -7.377218013135540620E-15, 0.000000000000000000, -1.000000000000000000 ) ) ;
#834 = ADVANCED_FACE ( 'NONE', ( #4288 ), #3629, .F. ) ;
#835 = CARTESIAN_POINT ( 'NONE',  ( -0.9000000000000021316, 0.000000000000000000, 6.284666409917655028E-15 ) ) ;
#836 = CARTESIAN_POINT ( 'NONE',  ( 0.9000000000000007994, 0.000000000000000000, -0.1250000000000072720 ) ) ;
#837 = DIRECTION ( 'NONE',  ( 6.982962677686266711E-15, 0.000000000000000000, 1.000000000000000000 ) ) ;
#838 = ORIENTED_EDGE ( 'NONE', *, *, #425, .T. ) ;
#839 = FACE_OUTER_BOUND ( 'NONE', #1737, .T. ) ;
#840 = ORIENTED_EDGE ( 'NONE', *, *, #4062, .T. ) ;
#841 = VERTEX_POINT ( 'NONE', #2590 ) ;
#842 = ORIENTED_EDGE ( 'NONE', *, *, #950, .T. ) ;
#843 = LINE ( 'NONE', #2538, #345 ) ;
#844 = DIRECTION ( 'NONE',  ( 6.982962677686266711E-15, 0.000000000000000000, 1.000000000000000000 ) ) ;
#845 = ORIENTED_EDGE ( 'NONE', *, *, #1113, .F. ) ;
#846 = LINE ( 'NONE', #1877, #1936 ) ;
#847 = DIRECTION ( 'NONE',  ( 6.982962677686266711E-15, -0.000000000000000000, 1.000000000000000000 ) ) ;
#848 = CARTESIAN_POINT ( 'NONE',  ( 0.000000000000000000, 0.1000000000000000056, 0.000000000000000000 ) ) ;
#849 = DIRECTION ( 'NONE',  ( -1.000000000000000000, 0.000000000000000000, 6.982962677686266711E-15 ) ) ;
#850 = SURFACE_STYLE_FILL_AREA ( #1487 ) ;
#851 = PLANE ( 'NONE',  #1791 ) ;
#852 = CARTESIAN_POINT ( 'NONE',  ( 0.6249999999999974465, 0.1000000000000000056, -0.6250000000000041078 ) ) ;
#853 = ORIENTED_EDGE ( 'NONE', *, *, #3028, .T. ) ;
#854 = DIRECTION ( 'NONE',  ( 8.757111687208001669E-15, 0.000000000000000000, 1.000000000000000000 ) ) ;
#855 = ORIENTED_EDGE ( 'NONE', *, *, #605, .F. ) ;
#856 = DIRECTION ( 'NONE',  ( 6.982962677686266711E-15, 0.000000000000000000, 1.000000000000000000 ) ) ;
#857 = ORIENTED_EDGE ( 'NONE', *, *, #4020, .F. ) ;
#858 = ORIENTED_EDGE ( 'NONE', *, *, #20, .T. ) ;
#859 = AXIS2_PLACEMENT_3D ( 'NONE', #4171, #217, #1625 ) ;
#860 = EDGE_CURVE ( 'NONE', #1623, #1109, #1279, .T. ) ;
#861 = ADVANCED_FACE ( 'NONE', ( #2010 ), #2907, .F. ) ;
#862 = VECTOR ( 'NONE', #3271, 1000.000000000000000 ) ;
#863 = FACE_OUTER_BOUND ( 'NONE', #3031, .T. ) ;
#864 = DIRECTION ( 'NONE',  ( -1.000000000000000000, 0.000000000000000000, 6.982962677686266711E-15 ) ) ;
#865 = EDGE_CURVE ( 'NONE', #841, #130, #3913, .T. ) ;
#866 = ORIENTED_EDGE ( 'NONE', *, *, #3974, .F. ) ;
#867 = FACE_OUTER_BOUND ( 'NONE', #2489, .T. ) ;
#868 = LINE ( 'NONE', #224, #3966 ) ;
#869 = EDGE_CURVE ( 'NONE', #3208, #464, #326, .T. ) ;
#870 = VECTOR ( 'NONE', #3357, 1000.000000000000000 ) ;
#871 = DIRECTION ( 'NONE',  ( -1.000000000000000000, 0.000000000000000000, 6.982962677686266711E-15 ) ) ;
#872 = FACE_OUTER_BOUND ( 'NONE', #3724, .T. ) ;
#873 = PLANE ( 'NONE',  #2089 ) ;
#874 = VECTOR ( 'NONE', #439, 1000.000000000000000 ) ;
#875 = CARTESIAN_POINT ( 'NONE',  ( -0.9000000000000047962, 0.1000000000000000056, -0.3749999999999945599 ) ) ;
#876 = CARTESIAN_POINT ( 'NONE',  ( -0.3749999999999962252, 0.000000000000000000, 0.6250000000000029976 ) ) ;
#877 = MANIFOLD_SOLID_BREP ( 'Boss-Extrude2[9]', #258 ) ;
#878 = ORIENTED_EDGE ( 'NONE', *, *, #1135, .T. ) ;
#879 = CARTESIAN_POINT ( 'NONE',  ( 0.9000000000000014655, 0.000000000000000000, -6.284666409917650295E-15 ) ) ;
#880 = CLOSED_SHELL ( 'NONE', ( #2314, #3258, #1372, #3730 ) ) ;
#881 = ORIENTED_EDGE ( 'NONE', *, *, #1119, .T. ) ;
#882 = CARTESIAN_POINT ( 'NONE',  ( 0.9000000000000050182, 0.1000000000000000056, 0.8749999999999895639 ) ) ;
#883 = DIRECTION ( 'NONE',  ( 6.982962677686266711E-15, -0.000000000000000000, 1.000000000000000000 ) ) ;
#884 = VECTOR ( 'NONE', #2056, 1000.000000000000000 ) ;
#885 = VERTEX_POINT ( 'NONE', #2678 ) ;
#886 = ADVANCED_FACE ( 'NONE', ( #1612 ), #2629, .F. ) ;
#887 = ORIENTED_EDGE ( 'NONE', *, *, #2427, .T. ) ;
#888 = VECTOR ( 'NONE', #545, 1000.000000000000000 ) ;
#889 = VERTEX_POINT ( 'NONE', #26 ) ;
#890 = AXIS2_PLACEMENT_3D ( 'NONE', #3233, #234, #3905 ) ;
#891 = FACE_OUTER_BOUND ( 'NONE', #3614, .T. ) ;
#892 = DIRECTION ( 'NONE',  ( 0.000000000000000000, 1.000000000000000000, 0.000000000000000000 ) ) ;
#893 = AXIS2_PLACEMENT_3D ( 'NONE', #546, #3156, #569 ) ;
#894 = DIRECTION ( 'NONE',  ( 6.982962677686266711E-15, 0.000000000000000000, 1.000000000000000000 ) ) ;
#895 = CARTESIAN_POINT ( 'NONE',  ( 0.9000000000000057954, 0.1000000000000000056, 0.6249999999999913403 ) ) ;
#896 = VECTOR ( 'NONE', #2600, 1000.000000000000000 ) ;
#897 = DIRECTION ( 'NONE',  ( -1.000000000000000000, 0.000000000000000000, 6.982962677686266711E-15 ) ) ;
#898 = EDGE_CURVE ( 'NONE', #3053, #1065, #3415, .T. ) ;
#899 = DIRECTION ( 'NONE',  ( -6.982962677686266711E-15, -0.000000000000000000, -1.000000000000000000 ) ) ;
#900 = CARTESIAN_POINT ( 'NONE',  ( -0.1249999999999963224, 0.000000000000000000, 0.6250000000000012212 ) ) ;
#901 = FACE_OUTER_BOUND ( 'NONE', #295, .T. ) ;
#902 = PRESENTATION_STYLE_ASSIGNMENT (( #1268 ) ) ;
#903 = COLOUR_RGB ( '',0.9686274509803921573, 0.8784313725490195957, 0.5999999999999999778 ) ;
#904 = ORIENTED_EDGE ( 'NONE', *, *, #3728, .F. ) ;
#905 = FACE_OUTER_BOUND ( 'NONE', #1018, .T. ) ;
#906 = VERTEX_POINT ( 'NONE', #2049 ) ;
#907 = LINE ( 'NONE', #2276, #2432 ) ;
#908 = CARTESIAN_POINT ( 'NONE',  ( 0.1250000000000064948, 0.1000000000000000056, 0.8999999999999994671 ) ) ;
#909 = EDGE_LOOP ( 'NONE', ( #565, #2068, #1780, #1718 ) ) ;
#910 = MANIFOLD_SOLID_BREP ( 'Boss-Extrude2[6]', #4083 ) ;
#911 = EDGE_LOOP ( 'NONE', ( #3324, #3074, #1187, #1461 ) ) ;
#912 = ORIENTED_EDGE ( 'NONE', *, *, #1482, .F. ) ;
#913 = DIRECTION ( 'NONE',  ( -6.982962677686266711E-15, 0.000000000000000000, -1.000000000000000000 ) ) ;
#914 = LINE ( 'NONE', #2948, #1234 ) ;
#915 = CARTESIAN_POINT ( 'NONE',  ( -0.8999999999999964695, 0.000000000000000000, 0.8750000000000025535 ) ) ;
#916 = LINE ( 'NONE', #2933, #3599 ) ;
#917 = DIRECTION ( 'NONE',  ( -6.549281808692064937E-15, 0.000000000000000000, -1.000000000000000000 ) ) ;
#918 = CARTESIAN_POINT ( 'NONE',  ( -0.6250000000000032196, 0.1000000000000000056, -0.1249999999999963918 ) ) ;
#919 = DIRECTION ( 'NONE',  ( 0.000000000000000000, 1.000000000000000000, 0.000000000000000000 ) ) ;
#920 = CARTESIAN_POINT ( 'NONE',  ( 0.6249999999999975575, 0.1000000000000000056, -0.6250000000000041078 ) ) ;
#921 = ADVANCED_FACE ( 'NONE', ( #3689 ), #2696, .F. ) ;
#922 = EDGE_CURVE ( 'NONE', #1036, #3961, #3755, .T. ) ;
#923 = ORIENTED_EDGE ( 'NONE', *, *, #4214, .T. ) ;
#924 = PLANE ( 'NONE',  #68 ) ;
#925 = ORIENTED_EDGE ( 'NONE', *, *, #3754, .F. ) ;
#926 = ADVANCED_FACE ( 'NONE', ( #763 ), #4093, .F. ) ;
#927 = CARTESIAN_POINT ( 'NONE',  ( -0.2250000000000000888, 0.000000000000000000, 1.571166602479410602E-15 ) ) ;
#928 = ORIENTED_EDGE ( 'NONE', *, *, #1883, .T. ) ;
#929 = ORIENTED_EDGE ( 'NONE', *, *, #738, .T. ) ;
#930 = ORIENTED_EDGE ( 'NONE', *, *, #793, .T. ) ;
#931 = DIRECTION ( 'NONE',  ( 1.000000000000000000, -0.000000000000000000, -6.982962677686266711E-15 ) ) ;
#932 = VECTOR ( 'NONE', #3658, 1000.000000000000000 ) ;
#933 = DIRECTION ( 'NONE',  ( -1.000000000000000000, 0.000000000000000000, 5.405941335889167918E-15 ) ) ;
#934 = DIRECTION ( 'NONE',  ( 7.850324415674670258E-15, -0.000000000000000000, 1.000000000000000000 ) ) ;
#935 = DIRECTION ( 'NONE',  ( -1.256973833203566988E-15, -0.000000000000000000, 1.000000000000000000 ) ) ;
#936 = LINE ( 'NONE', #290, #3279 ) ;
#937 = ORIENTED_EDGE ( 'NONE', *, *, #1329, .T. ) ;
#938 = AXIS2_PLACEMENT_3D ( 'NONE', #2542, #3865, #871 ) ;
#939 = LINE ( 'NONE', #1993, #2844 ) ;
#940 = FACE_OUTER_BOUND ( 'NONE', #1958, .T. ) ;
#941 = ORIENTED_EDGE ( 'NONE', *, *, #1648, .F. ) ;
#942 = PLANE ( 'NONE',  #2151 ) ;
#943 = CARTESIAN_POINT ( 'NONE',  ( 0.9000000000000023537, 0.1000000000000000056, 0.1249999999999921452 ) ) ;
#944 = DIRECTION ( 'NONE',  ( 1.000000000000000000, 0.000000000000000000, -6.982962677686266711E-15 ) ) ;
#945 = LINE ( 'NONE', #3619, #1419 ) ;
#946 = EDGE_LOOP ( 'NONE', ( #1363, #2978, #2115, #3475 ) ) ;
#947 = VERTEX_POINT ( 'NONE', #373 ) ;
#948 = CLOSED_SHELL ( 'NONE', ( #194, #3545, #3807, #150, #2807, #3367 ) ) ;
#949 = EDGE_CURVE ( 'NONE', #3678, #3206, #403, .T. ) ;
#950 = EDGE_CURVE ( 'NONE', #2773, #464, #3082, .T. ) ;
#951 = ORIENTED_EDGE ( 'NONE', *, *, #3113, .T. ) ;
#952 = EDGE_LOOP ( 'NONE', ( #3880, #1821, #4012, #2401 ) ) ;
#953 = CLOSED_SHELL ( 'NONE', ( #1063, #2394, #577, #1772, #705 ) ) ;
#954 = VERTEX_POINT ( 'NONE', #1114 ) ;
#955 = CARTESIAN_POINT ( 'NONE',  ( -0.1249999999999963224, 0.000000000000000000, 0.6250000000000012212 ) ) ;
#956 = VECTOR ( 'NONE', #1597, 1000.000000000000000 ) ;
#957 = CARTESIAN_POINT ( 'NONE',  ( 0.6249999999999990008, 0.1000000000000000056, -0.3750000000000052736 ) ) ;
#958 = CARTESIAN_POINT ( 'NONE',  ( -0.9000000000000047962, 0.1000000000000000056, -0.3749999999999945599 ) ) ;
#959 = ORIENTED_EDGE ( 'NONE', *, *, #1191, .F. ) ;
#960 = DIRECTION ( 'NONE',  ( 6.982962677686266711E-15, -0.000000000000000000, 1.000000000000000000 ) ) ;
#961 = VECTOR ( 'NONE', #2095, 1000.000000000000000 ) ;
#962 = DIRECTION ( 'NONE',  ( -1.000000000000000000, -0.000000000000000000, 5.405941335889167918E-15 ) ) ;
#963 = AXIS2_PLACEMENT_3D ( 'NONE', #4013, #2032, #1345 ) ;
#964 = AXIS2_PLACEMENT_3D ( 'NONE', #1265, #4250, #3671 ) ;
#965 = UNCERTAINTY_MEASURE_WITH_UNIT (LENGTH_MEASURE( 1.000000000000000082E-05 ), #3128, 'distance_accuracy_value', 'NONE');
#966 = LINE ( 'NONE', #3635, #3474 ) ;
#967 = VERTEX_POINT ( 'NONE', #3437 ) ;
#968 = MANIFOLD_SOLID_BREP ( 'Boss-Extrude2[13]', #3052 ) ;
#969 = AXIS2_PLACEMENT_3D ( 'NONE', #503, #3218, #221 ) ;
#970 = ADVANCED_FACE ( 'NONE', ( #2551 ), #3101, .F. ) ;
#971 = ORIENTED_EDGE ( 'NONE', *, *, #3976, .T. ) ;
#972 = LINE ( 'NONE', #3638, #1317 ) ;
#973 = CARTESIAN_POINT ( 'NONE',  ( 0.6249999999999955591, 0.1000000000000000056, -0.8750000000000042188 ) ) ;
#974 = AXIS2_PLACEMENT_3D ( 'NONE', #2743, #1073, #1247 ) ;
#975 = FACE_OUTER_BOUND ( 'NONE', #1079, .T. ) ;
#976 = ORIENTED_EDGE ( 'NONE', *, *, #1675, .T. ) ;
#977 = LINE ( 'NONE', #2962, #1593 ) ;
#978 = AXIS2_PLACEMENT_3D ( 'NONE', #2290, #3628, #1654 ) ;
#979 = ORIENTED_EDGE ( 'NONE', *, *, #3232, .F. ) ;
#980 = ADVANCED_FACE ( 'NONE', ( #1931 ), #3577, .F. ) ;
#981 = ORIENTED_EDGE ( 'NONE', *, *, #1054, .T. ) ;
#982 = EDGE_CURVE ( 'NONE', #1952, #2345, #1457, .T. ) ;
#983 = DIRECTION ( 'NONE',  ( -6.982962677686266711E-15, -0.000000000000000000, -1.000000000000000000 ) ) ;
#984 = CARTESIAN_POINT ( 'NONE',  ( 0.8999999999999973577, 0.1000000000000000056, -0.6250000000000064393 ) ) ;
#985 = DIRECTION ( 'NONE',  ( -1.000000000000000000, 0.000000000000000000, -1.256973833203566988E-15 ) ) ;
#986 = EDGE_CURVE ( 'NONE', #601, #764, #4257, .T. ) ;
#987 = VERTEX_POINT ( 'NONE', #561 ) ;
#988 = DIRECTION ( 'NONE',  ( 6.982962677686266711E-15, 0.000000000000000000, 1.000000000000000000 ) ) ;
#989 = FACE_OUTER_BOUND ( 'NONE', #3513, .T. ) ;
#990 =( LENGTH_UNIT ( ) NAMED_UNIT ( * ) SI_UNIT ( .MILLI., .METRE. ) );
#991 = CARTESIAN_POINT ( 'NONE',  ( 2.618611004132338578E-15, 0.000000000000000000, 0.3749999999999983902 ) ) ;
#992 = CARTESIAN_POINT ( 'NONE',  ( -0.9000000000000064615, 0.000000000000000000, -0.6249999999999940048 ) ) ;
#993 = MANIFOLD_SOLID_BREP ( 'Boss-Extrude2[4]', #1440 ) ;
#994 = CARTESIAN_POINT ( 'NONE',  ( -0.9000000000000012434, 0.000000000000000000, 0.1250000000000045519 ) ) ;
#995 = ORIENTED_EDGE ( 'NONE', *, *, #2205, .F. ) ;
#996 = CARTESIAN_POINT ( 'NONE',  ( -0.2250000000000023925, 0.1000000000000000056, -0.3249999999999981792 ) ) ;
#997 = ORIENTED_EDGE ( 'NONE', *, *, #3886, .T. ) ;
#998 = CARTESIAN_POINT ( 'NONE',  ( -0.6249999999999977796, 0.1000000000000000056, 0.6250000000000016653 ) ) ;
#999 = EDGE_LOOP ( 'NONE', ( #538, #2012, #1856, #1108 ) ) ;
#1000 = VERTEX_POINT ( 'NONE', #3597 ) ;
#1001 = CARTESIAN_POINT ( 'NONE',  ( -6.110092342975483372E-15, 0.000000000000000000, -0.8750000000000000000 ) ) ;
#1002 = DIRECTION ( 'NONE',  ( 0.000000000000000000, 1.000000000000000000, 0.000000000000000000 ) ) ;
#1003 = LINE ( 'NONE', #3979, #1213 ) ;
#1004 = ADVANCED_FACE ( 'NONE', ( #3276 ), #4210, .F. ) ;
#1005 = ORIENTED_EDGE ( 'NONE', *, *, #4091, .F. ) ;
#1006 = DIRECTION ( 'NONE',  ( -1.000000000000000000, 0.000000000000000000, 7.416643546680468484E-15 ) ) ;
#1007 = CARTESIAN_POINT ( 'NONE',  ( 0.6250000000000057732, 0.1000000000000000056, 0.6249999999999932276 ) ) ;
#1008 = EDGE_CURVE ( 'NONE', #1986, #1422, #1538, .T. ) ;
#1009 = ADVANCED_FACE ( 'NONE', ( #3250 ), #1577, .F. ) ;
#1010 = LINE ( 'NONE', #272, #2641 ) ;
#1011 = AXIS2_PLACEMENT_3D ( 'NONE', #1367, #2858, #2381 ) ;
#1012 = DIRECTION ( 'NONE',  ( 1.000000000000000000, -0.000000000000000000, -8.362856351758727760E-15 ) ) ;
#1013 = LINE ( 'NONE', #3615, #4308 ) ;
#1014 = AXIS2_PLACEMENT_3D ( 'NONE', #3314, #1639, #4270 ) ;
#1015 = EDGE_LOOP ( 'NONE', ( #4216, #3364, #2304, #1170 ) ) ;
#1016 = LINE ( 'NONE', #3679, #1562 ) ;
#1017 = VECTOR ( 'NONE', #2843, 1000.000000000000000 ) ;
#1018 = EDGE_LOOP ( 'NONE', ( #2650, #2817, #1432, #2670 ) ) ;
#1019 = CARTESIAN_POINT ( 'NONE',  ( 0.000000000000000000, 0.1000000000000000056, 0.000000000000000000 ) ) ;
#1020 = EDGE_LOOP ( 'NONE', ( #1515, #2626, #1066, #853 ) ) ;
#1021 = EDGE_LOOP ( 'NONE', ( #2666, #1496, #2693, #186 ) ) ;
#1022 = LINE ( 'NONE', #2353, #2653 ) ;
#1023 = SURFACE_SIDE_STYLE ('',( #2780 ) ) ;
#1024 = PLANE ( 'NONE',  #1011 ) ;
#1025 = ORIENTED_EDGE ( 'NONE', *, *, #2750, .T. ) ;
#1026 = DIRECTION ( 'NONE',  ( -0.000000000000000000, -1.000000000000000000, -0.000000000000000000 ) ) ;
#1027 = VECTOR ( 'NONE', #1859, 1000.000000000000000 ) ;
#1028 = CARTESIAN_POINT ( 'NONE',  ( -0.6250000000000082157, 0.1000000000000000056, -0.8749999999999957812 ) ) ;
#1029 = CARTESIAN_POINT ( 'NONE',  ( 0.1250000000000002220, 0.000000000000000000, -8.728703347107849165E-16 ) ) ;
#1030 = LINE ( 'NONE', #3086, #3537 ) ;
#1031 = VECTOR ( 'NONE', #3821, 1000.000000000000000 ) ;
#1032 = SURFACE_STYLE_USAGE ( .BOTH. , #4022 ) ;
#1033 = EDGE_CURVE ( 'NONE', #4193, #2866, #129, .T. ) ;
#1034 = CARTESIAN_POINT ( 'NONE',  ( 4.364351673553898550E-15, 0.000000000000000000, 0.6249999999999974465 ) ) ;
#1035 = AXIS2_PLACEMENT_3D ( 'NONE', #170, #1824, #2071 ) ;
#1036 = VERTEX_POINT ( 'NONE', #1603 ) ;
#1037 = DIRECTION ( 'NONE',  ( 6.982962677686266711E-15, -0.000000000000000000, 1.000000000000000000 ) ) ;
#1038 = VECTOR ( 'NONE', #931, 1000.000000000000000 ) ;
#1039 = VERTEX_POINT ( 'NONE', #1782 ) ;
#1040 = AXIS2_PLACEMENT_3D ( 'NONE', #533, #1534, #1188 ) ;
#1041 = ORIENTED_EDGE ( 'NONE', *, *, #155, .F. ) ;
#1042 = LINE ( 'NONE', #566, #2510 ) ;
#1043 =( GEOMETRIC_REPRESENTATION_CONTEXT ( 3 ) GLOBAL_UNCERTAINTY_ASSIGNED_CONTEXT ( ( #1127 ) ) GLOBAL_UNIT_ASSIGNED_CONTEXT ( ( #2612, #3634, #32 ) ) REPRESENTATION_CONTEXT ( 'NONE', 'WORKASPACE' ) );
#1044 = VERTEX_POINT ( 'NONE', #1209 ) ;
#1045 = COLOUR_RGB ( '',0.9686274509803921573, 0.8784313725490195957, 0.5999999999999999778 ) ;
#1046 = ORIENTED_EDGE ( 'NONE', *, *, #3164, .F. ) ;
#1047 = LINE ( 'NONE', #719, #3798 ) ;
#1048 = EDGE_LOOP ( 'NONE', ( #1318, #2795, #1368, #3127 ) ) ;
#1049 = LINE ( 'NONE', #3459, #3420 ) ;
#1050 = DIRECTION ( 'NONE',  ( -0.000000000000000000, -1.000000000000000000, -0.000000000000000000 ) ) ;
#1051 = DIRECTION ( 'NONE',  ( -0.000000000000000000, -1.000000000000000000, -0.000000000000000000 ) ) ;
#1052 = LINE ( 'NONE', #294, #1916 ) ;
#1053 = CARTESIAN_POINT ( 'NONE',  ( -0.6250000000000021094, 0.000000000000000000, 4.364351673553931682E-15 ) ) ;
#1054 = EDGE_CURVE ( 'NONE', #41, #2284, #4112, .T. ) ;
#1055 = DIRECTION ( 'NONE',  ( -0.000000000000000000, -1.000000000000000000, -0.000000000000000000 ) ) ;
#1056 = DIRECTION ( 'NONE',  ( -6.982962677686266711E-15, 0.000000000000000000, -1.000000000000000000 ) ) ;
#1057 = VERTEX_POINT ( 'NONE', #2187 ) ;
#1058 = ADVANCED_FACE ( 'NONE', ( #3555 ), #3532, .F. ) ;
#1059 = EDGE_LOOP ( 'NONE', ( #176, #712, #1349, #2646 ) ) ;
#1060 = PLANE ( 'NONE',  #3209 ) ;
#1061 = EDGE_CURVE ( 'NONE', #805, #604, #907, .T. ) ;
#1062 = ORIENTED_EDGE ( 'NONE', *, *, #4307, .F. ) ;
#1063 = ADVANCED_FACE ( 'NONE', ( #2958 ), #3964, .F. ) ;
#1064 = EDGE_LOOP ( 'NONE', ( #2921, #1196, #1492, #1129 ) ) ;
#1065 = VERTEX_POINT ( 'NONE', #3618 ) ;
#1066 = ORIENTED_EDGE ( 'NONE', *, *, #4097, .F. ) ;
#1067 = DIRECTION ( 'NONE',  ( -7.377218013135540620E-15, 0.000000000000000000, -1.000000000000000000 ) ) ;
#1068 = VERTEX_POINT ( 'NONE', #622 ) ;
#1069 = SURFACE_STYLE_USAGE ( .BOTH. , #3457 ) ;
#1070 = DIRECTION ( 'NONE',  ( 0.000000000000000000, -1.000000000000000000, 0.000000000000000000 ) ) ;
#1071 = SURFACE_STYLE_USAGE ( .BOTH. , #1726 ) ;
#1072 = LINE ( 'NONE', #3066, #1579 ) ;
#1073 = DIRECTION ( 'NONE',  ( 0.000000000000000000, -1.000000000000000000, 0.000000000000000000 ) ) ;
#1074 = VECTOR ( 'NONE', #3533, 1000.000000000000000 ) ;
#1075 = CARTESIAN_POINT ( 'NONE',  ( -0.1249999999999942546, 0.1000000000000000056, 0.9000000000000011324 ) ) ;
#1076 = LINE ( 'NONE', #2746, #4130 ) ;
#1077 = ORIENTED_EDGE ( 'NONE', *, *, #3113, .F. ) ;
#1078 = MECHANICAL_DESIGN_GEOMETRIC_PRESENTATION_REPRESENTATION (  '', ( #3942 ), #1778 ) ;
#1079 = EDGE_LOOP ( 'NONE', ( #1167, #578, #4185, #3836 ) ) ;
#1080 = CARTESIAN_POINT ( 'NONE',  ( 0.6249999999999990008, 0.1000000000000000056, -0.3750000000000052180 ) ) ;
#1081 = ORIENTED_EDGE ( 'NONE', *, *, #474, .F. ) ;
#1082 = VECTOR ( 'NONE', #3194, 1000.000000000000000 ) ;
#1083 = ORIENTED_EDGE ( 'NONE', *, *, #3569, .F. ) ;
#1084 = EDGE_CURVE ( 'NONE', #1762, #1152, #1624, .T. ) ;
#1085 = VERTEX_POINT ( 'NONE', #3841 ) ;
#1086 = ADVANCED_FACE ( 'NONE', ( #3436 ), #2449, .F. ) ;
#1087 = VECTOR ( 'NONE', #3734, 1000.000000000000000 ) ;
#1088 = DIRECTION ( 'NONE',  ( -6.115600939697863952E-15, 0.000000000000000000, -1.000000000000000000 ) ) ;
#1089 = CARTESIAN_POINT ( 'NONE',  ( 0.6250000000000057732, 0.1000000000000000056, 0.6249999999999931166 ) ) ;
#1090 = ORIENTED_EDGE ( 'NONE', *, *, #772, .F. ) ;
#1091 = CARTESIAN_POINT ( 'NONE',  ( 0.6250000000000054401, 0.000000000000000000, 0.8749999999999927836 ) ) ;
#1092 = CYLINDRICAL_SURFACE ( 'NONE', #2505, 0.1499999999999999667 ) ;
#1093 = PLANE ( 'NONE',  #139 ) ;
#1094 = DIRECTION ( 'NONE',  ( 1.256973833203566988E-15, -0.000000000000000000, -1.000000000000000000 ) ) ;
#1095 = CARTESIAN_POINT ( 'NONE',  ( 0.3749999999999935052, 0.1000000000000000056, -0.9000000000000029088 ) ) ;
#1096 = VECTOR ( 'NONE', #2387, 1000.000000000000000 ) ;
#1097 = DIRECTION ( 'NONE',  ( -6.982962677686266711E-15, 0.000000000000000000, -1.000000000000000000 ) ) ;
#1098 = MECHANICAL_DESIGN_GEOMETRIC_PRESENTATION_REPRESENTATION (  '', ( #2009 ), #540 ) ;
#1099 = CARTESIAN_POINT ( 'NONE',  ( -0.6250000000000021094, 0.000000000000000000, 4.364351673553931682E-15 ) ) ;
#1100 = DIRECTION ( 'NONE',  ( 1.000000000000000000, -0.000000000000000000, -6.982962677686266711E-15 ) ) ;
#1101 = EDGE_CURVE ( 'NONE', #1870, #3714, #128, .T. ) ;
#1102 = AXIS2_PLACEMENT_3D ( 'NONE', #769, #3441, #3421 ) ;
#1103 = VERTEX_POINT ( 'NONE', #782 ) ;
#1104 = DIRECTION ( 'NONE',  ( -1.000000000000000000, 0.000000000000000000, 6.982962677686266711E-15 ) ) ;
#1105 = VECTOR ( 'NONE', #324, 1000.000000000000000 ) ;
#1106 = VERTEX_POINT ( 'NONE', #804 ) ;
#1107 = VECTOR ( 'NONE', #3809, 1000.000000000000000 ) ;
#1108 = ORIENTED_EDGE ( 'NONE', *, *, #3602, .T. ) ;
#1109 = VERTEX_POINT ( 'NONE', #3414 ) ;
#1110 = VECTOR ( 'NONE', #2119, 1000.000000000000000 ) ;
#1111 = CARTESIAN_POINT ( 'NONE',  ( -0.6250000000000067724, 0.1000000000000000056, -0.6249999999999955591 ) ) ;
#1112 = ADVANCED_FACE ( 'NONE', ( #2778 ), #2755, .F. ) ;
#1113 = EDGE_CURVE ( 'NONE', #3729, #6, #84, .T. ) ;
#1114 = CARTESIAN_POINT ( 'NONE',  ( 0.6249999999999955591, 0.000000000000000000, -0.8750000000000043299 ) ) ;
#1115 = VECTOR ( 'NONE', #483, 1000.000000000000000 ) ;
#1116 = VERTEX_POINT ( 'NONE', #454 ) ;
#1117 = ADVANCED_FACE ( 'NONE', ( #3753 ), #1805, .F. ) ;
#1118 = PLANE ( 'NONE',  #3752 ) ;
#1119 = EDGE_CURVE ( 'NONE', #2052, #2364, #762, .T. ) ;
#1120 = DIRECTION ( 'NONE',  ( 6.982962677686266711E-15, 0.000000000000000000, 1.000000000000000000 ) ) ;
#1121 = CARTESIAN_POINT ( 'NONE',  ( -0.6249999999999996669, 0.1000000000000000056, 0.3750000000000027756 ) ) ;
#1122 = CARTESIAN_POINT ( 'NONE',  ( -0.3750000000000063838, 0.1000000000000000056, -0.8999999999999978018 ) ) ;
#1123 = FACE_OUTER_BOUND ( 'NONE', #691, .T. ) ;
#1124 = DIRECTION ( 'NONE',  ( -6.982962677686266711E-15, -0.000000000000000000, -1.000000000000000000 ) ) ;
#1125 = VERTEX_POINT ( 'NONE', #3473 ) ;
#1126 = LINE ( 'NONE', #1759, #4034 ) ;
#1127 = UNCERTAINTY_MEASURE_WITH_UNIT (LENGTH_MEASURE( 1.000000000000000082E-05 ), #2612, 'distance_accuracy_value', 'NONE');
#1128 = ORIENTED_EDGE ( 'NONE', *, *, #4191, .F. ) ;
#1129 = ORIENTED_EDGE ( 'NONE', *, *, #2122, .F. ) ;
#1130 = EDGE_LOOP ( 'NONE', ( #2924, #4149, #1903, #1344 ) ) ;
#1131 = DIRECTION ( 'NONE',  ( -6.982962677686266711E-15, 0.000000000000000000, -1.000000000000000000 ) ) ;
#1132 = CARTESIAN_POINT ( 'NONE',  ( 0.8999999999999956923, 0.1000000000000000056, -0.8750000000000061062 ) ) ;
#1133 = ORIENTED_EDGE ( 'NONE', *, *, #4139, .F. ) ;
#1134 = CARTESIAN_POINT ( 'NONE',  ( -0.3750000000000006106, 0.000000000000000000, 2.618611004132354355E-15 ) ) ;
#1135 = EDGE_CURVE ( 'NONE', #3837, #2132, #2469, .T. ) ;
#1136 = PLANE ( 'NONE',  #2645 ) ;
#1137 = CARTESIAN_POINT ( 'NONE',  ( -0.9000000000000030198, 0.1000000000000000056, -0.1249999999999949069 ) ) ;
#1138 = EDGE_CURVE ( 'NONE', #668, #841, #477, .T. ) ;
#1139 = FACE_OUTER_BOUND ( 'NONE', #1773, .T. ) ;
#1140 = PLANE ( 'NONE',  #1321 ) ;
#1141 = ADVANCED_FACE ( 'NONE', ( #1410 ), #1476, .F. ) ;
#1142 = LINE ( 'NONE', #2482, #1370 ) ;
#1143 = FACE_OUTER_BOUND ( 'NONE', #1819, .T. ) ;
#1144 = ORIENTED_EDGE ( 'NONE', *, *, #2881, .T. ) ;
#1145 = LINE ( 'NONE', #1406, #1107 ) ;
#1146 = VECTOR ( 'NONE', #2756, 1000.000000000000000 ) ;
#1147 = ORIENTED_EDGE ( 'NONE', *, *, #2484, .T. ) ;
#1148 = ORIENTED_EDGE ( 'NONE', *, *, #1300, .F. ) ;
#1149 = ORIENTED_EDGE ( 'NONE', *, *, #2533, .F. ) ;
#1150 = ORIENTED_EDGE ( 'NONE', *, *, #3518, .T. ) ;
#1151 = DIRECTION ( 'NONE',  ( -6.982962677686266711E-15, -0.000000000000000000, -1.000000000000000000 ) ) ;
#1152 = VERTEX_POINT ( 'NONE', #2818 ) ;
#1153 = EDGE_CURVE ( 'NONE', #3582, #1403, #499, .T. ) ;
#1154 = PLANE ( 'NONE',  #3687 ) ;
#1155 = FACE_OUTER_BOUND ( 'NONE', #4259, .T. ) ;
#1156 = AXIS2_PLACEMENT_3D ( 'NONE', #2518, #172, #3170 ) ;
#1157 = DIRECTION ( 'NONE',  ( 6.982962677686266711E-15, 0.000000000000000000, 1.000000000000000000 ) ) ;
#1158 = DIRECTION ( 'NONE',  ( 6.982962677686266711E-15, 0.000000000000000000, 1.000000000000000000 ) ) ;
#1159 = LINE ( 'NONE', #4202, #251 ) ;
#1160 = CARTESIAN_POINT ( 'NONE',  ( -0.8999999999999995781, 0.1000000000000000056, 0.3750000000000042188 ) ) ;
#1161 = CARTESIAN_POINT ( 'NONE',  ( 0.000000000000000000, 0.1000000000000000056, 0.000000000000000000 ) ) ;
#1162 = DIRECTION ( 'NONE',  ( 0.000000000000000000, -1.000000000000000000, 0.000000000000000000 ) ) ;
#1163 = AXIS2_PLACEMENT_3D ( 'NONE', #3317, #317, #1320 ) ;
#1164 = DIRECTION ( 'NONE',  ( 6.588707342236992012E-15, -0.000000000000000000, 1.000000000000000000 ) ) ;
#1165 = DIRECTION ( 'NONE',  ( 6.982962677686266711E-15, -0.000000000000000000, 1.000000000000000000 ) ) ;
#1166 = VECTOR ( 'NONE', #3379, 1000.000000000000000 ) ;
#1167 = ORIENTED_EDGE ( 'NONE', *, *, #1214, .T. ) ;
#1168 = DIRECTION ( 'NONE',  ( -1.000000000000000000, 0.000000000000000000, 6.194452006787718103E-15 ) ) ;
#1169 =( GEOMETRIC_REPRESENTATION_CONTEXT ( 3 ) GLOBAL_UNCERTAINTY_ASSIGNED_CONTEXT ( ( #2596 ) ) GLOBAL_UNIT_ASSIGNED_CONTEXT ( ( #1699, #1680, #4035 ) ) REPRESENTATION_CONTEXT ( 'NONE', 'WORKASPACE' ) );
#1170 = ORIENTED_EDGE ( 'NONE', *, *, #735, .F. ) ;
#1171 = ORIENTED_EDGE ( 'NONE', *, *, #556, .F. ) ;
#1172 = AXIS2_PLACEMENT_3D ( 'NONE', #2203, #2478, #489 ) ;
#1173 = VECTOR ( 'NONE', #4266, 1000.000000000000000 ) ;
#1174 = PLANE ( 'NONE',  #1587 ) ;
#1175 = VECTOR ( 'NONE', #2326, 1000.000000000000000 ) ;
#1176 = DIRECTION ( 'NONE',  ( -1.000000000000000000, -0.000000000000000000, 7.377218013135540620E-15 ) ) ;
#1177 = VECTOR ( 'NONE', #2230, 1000.000000000000000 ) ;
#1178 = ORIENTED_EDGE ( 'NONE', *, *, #4306, .T. ) ;
#1179 = DIRECTION ( 'NONE',  ( -6.982962677686266711E-15, -0.000000000000000000, -1.000000000000000000 ) ) ;
#1180 = LINE ( 'NONE', #525, #2434 ) ;
#1181 = LINE ( 'NONE', #2592, #3805 ) ;
#1182 = AXIS2_PLACEMENT_3D ( 'NONE', #542, #2494, #844 ) ;
#1183 = PLANE ( 'NONE',  #3060 ) ;
#1184 = CARTESIAN_POINT ( 'NONE',  ( -0.8999999999999964695, 0.000000000000000000, 0.8750000000000021094 ) ) ;
#1185 = PLANE ( 'NONE',  #122 ) ;
#1186 = FILL_AREA_STYLE ('',( #185 ) ) ;
#1187 = ORIENTED_EDGE ( 'NONE', *, *, #1455, .F. ) ;
#1188 = DIRECTION ( 'NONE',  ( -8.362856351758727760E-15, 0.000000000000000000, -1.000000000000000000 ) ) ;
#1189 = EDGE_CURVE ( 'NONE', #242, #166, #2094, .T. ) ;
#1190 = ORIENTED_EDGE ( 'NONE', *, *, #4182, .F. ) ;
#1191 = EDGE_CURVE ( 'NONE', #1472, #594, #1763, .T. ) ;
#1192 = DIRECTION ( 'NONE',  ( 1.000000000000000000, 0.000000000000000000, -6.115600939697863952E-15 ) ) ;
#1193 = ORIENTED_EDGE ( 'NONE', *, *, #605, .T. ) ;
#1194 = EDGE_CURVE ( 'NONE', #3617, #1103, #3100, .T. ) ;
#1195 = ADVANCED_FACE ( 'NONE', ( #3777 ), #1174, .F. ) ;
#1196 = ORIENTED_EDGE ( 'NONE', *, *, #2507, .F. ) ;
#1197 = DIRECTION ( 'NONE',  ( 7.091382894934817154E-15, 0.000000000000000000, 1.000000000000000000 ) ) ;
#1198 = ORIENTED_EDGE ( 'NONE', *, *, #2251, .T. ) ;
#1199 = LINE ( 'NONE', #830, #3476 ) ;
#1200 = CARTESIAN_POINT ( 'NONE',  ( -0.8999999999999964695, 0.1000000000000000056, 0.8750000000000021094 ) ) ;
#1201 = CARTESIAN_POINT ( 'NONE',  ( -0.8999999999999995781, 0.1000000000000000056, 0.3750000000000042188 ) ) ;
#1202 = DIRECTION ( 'NONE',  ( 5.405941335889167918E-15, 0.000000000000000000, 1.000000000000000000 ) ) ;
#1203 = DIRECTION ( 'NONE',  ( 0.000000000000000000, 1.000000000000000000, 0.000000000000000000 ) ) ;
#1204 = CARTESIAN_POINT ( 'NONE',  ( -3.316907271900975110E-15, 0.1000000000000000056, -0.4749999999999997558 ) ) ;
#1205 = CARTESIAN_POINT ( 'NONE',  ( 4.364351673553898550E-15, 0.000000000000000000, 0.6249999999999974465 ) ) ;
#1206 = ORIENTED_EDGE ( 'NONE', *, *, #1215, .F. ) ;
#1207 = FACE_OUTER_BOUND ( 'NONE', #2309, .T. ) ;
#1208 = ORIENTED_EDGE ( 'NONE', *, *, #1802, .F. ) ;
#1209 = CARTESIAN_POINT ( 'NONE',  ( 0.1250000000000043021, 0.1000000000000000056, 0.6249999999999994449 ) ) ;
#1210 = LINE ( 'NONE', #2188, #3319 ) ;
#1211 = ORIENTED_EDGE ( 'NONE', *, *, #1505, .F. ) ;
#1212 = ORIENTED_EDGE ( 'NONE', *, *, #4097, .T. ) ;
#1213 = VECTOR ( 'NONE', #1920, 1000.000000000000000 ) ;
#1214 = EDGE_CURVE ( 'NONE', #2329, #3302, #1781, .T. ) ;
#1215 = EDGE_CURVE ( 'NONE', #818, #1109, #3169, .T. ) ;
#1216 = CARTESIAN_POINT ( 'NONE',  ( -0.9000000000000064615, 0.1000000000000000056, -0.6249999999999940048 ) ) ;
#1217 = CARTESIAN_POINT ( 'NONE',  ( 0.9000000000000023537, 0.000000000000000000, 0.1249999999999922007 ) ) ;
#1218 = DIRECTION ( 'NONE',  ( 0.000000000000000000, -1.000000000000000000, 0.000000000000000000 ) ) ;
#1219 = DIRECTION ( 'NONE',  ( -6.982962677686266711E-15, 0.000000000000000000, -1.000000000000000000 ) ) ;
#1220 = VECTOR ( 'NONE', #3135, 1000.000000000000000 ) ;
#1221 = LINE ( 'NONE', #588, #2766 ) ;
#1222 = CARTESIAN_POINT ( 'NONE',  ( -0.9000000000000030198, 0.1000000000000000056, -0.1249999999999949069 ) ) ;
#1223 = CARTESIAN_POINT ( 'NONE',  ( 0.9000000000000041300, 0.000000000000000000, 0.3749999999999918954 ) ) ;
#1224 = DIRECTION ( 'NONE',  ( 1.000000000000000000, -0.000000000000000000, -6.982962677686266711E-15 ) ) ;
#1225 = CARTESIAN_POINT ( 'NONE',  ( -0.6250000000000021094, 0.000000000000000000, 4.364351673553931682E-15 ) ) ;
#1226 = ORIENTED_EDGE ( 'NONE', *, *, #4249, .F. ) ;
#1227 = LINE ( 'NONE', #1255, #274 ) ;
#1228 = ORIENTED_EDGE ( 'NONE', *, *, #3423, .T. ) ;
#1229 = CARTESIAN_POINT ( 'NONE',  ( -0.4900000000000034328, 0.9000000000000001332, -0.4899999999999962719 ) ) ;
#1230 = CARTESIAN_POINT ( 'NONE',  ( -0.9000000000000064615, 0.1000000000000000056, -0.6249999999999938938 ) ) ;
#1231 = VECTOR ( 'NONE', #2406, 1000.000000000000000 ) ;
#1232 = ORIENTED_EDGE ( 'NONE', *, *, #1329, .F. ) ;
#1233 = ORIENTED_EDGE ( 'NONE', *, *, #420, .F. ) ;
#1234 = VECTOR ( 'NONE', #305, 1000.000000000000000 ) ;
#1235 = ORIENTED_EDGE ( 'NONE', *, *, #101, .T. ) ;
#1236 = AXIS2_PLACEMENT_3D ( 'NONE', #1310, #917, #635 ) ;
#1237 = CARTESIAN_POINT ( 'NONE',  ( -0.4900000000000034328, 0.9000000000000001332, -0.4899999999999962719 ) ) ;
#1238 = EDGE_CURVE ( 'NONE', #1842, #1628, #2683, .T. ) ;
#1239 = EDGE_CURVE ( 'NONE', #3529, #280, #4225, .T. ) ;
#1240 = AXIS2_PLACEMENT_3D ( 'NONE', #1503, #985, #1591 ) ;
#1241 = CARTESIAN_POINT ( 'NONE',  ( 0.6250000000000042188, 0.000000000000000000, 0.3749999999999941713 ) ) ;
#1242 = DIRECTION ( 'NONE',  ( -6.982962677686266711E-15, -0.000000000000000000, -1.000000000000000000 ) ) ;
#1243 = ADVANCED_FACE ( 'NONE', ( #989 ), #2338, .F. ) ;
#1244 = AXIS2_PLACEMENT_3D ( 'NONE', #1019, #1627, #692 ) ;
#1245 = DIRECTION ( 'NONE',  ( 8.362856351758727760E-15, 0.000000000000000000, 1.000000000000000000 ) ) ;
#1246 = DIRECTION ( 'NONE',  ( -7.377218013135540620E-15, 0.000000000000000000, -1.000000000000000000 ) ) ;
#1247 = DIRECTION ( 'NONE',  ( 7.228014483236698330E-15, 0.000000000000000000, 1.000000000000000000 ) ) ;
#1248 = VECTOR ( 'NONE', #2846, 1000.000000000000000 ) ;
#1249 = ADVANCED_FACE ( 'NONE', ( #2973 ), #309, .F. ) ;
#1250 = APPLICATION_CONTEXT ( 'automotive_design' ) ;
#1251 = LINE ( 'NONE', #491, #3612 ) ;
#1252 = SURFACE_SIDE_STYLE ('',( #2598 ) ) ;
#1253 = STYLED_ITEM ( 'NONE', ( #2078 ), #2463 ) ;
#1254 = ORIENTED_EDGE ( 'NONE', *, *, #2904, .F. ) ;
#1255 = CARTESIAN_POINT ( 'NONE',  ( 4.364351673553919850E-15, 0.000000000000000000, 0.6250000000000004441 ) ) ;
#1256 = VERTEX_POINT ( 'NONE', #654 ) ;
#1257 = CARTESIAN_POINT ( 'NONE',  ( -0.6250000000000046629, 0.000000000000000000, -0.3749999999999966138 ) ) ;
#1258 = EDGE_LOOP ( 'NONE', ( #1211, #2170, #2699 ) ) ;
#1259 = EDGE_LOOP ( 'NONE', ( #2087, #2754, #1451, #1342 ) ) ;
#1260 = ORIENTED_EDGE ( 'NONE', *, *, #1589, .T. ) ;
#1261 = CARTESIAN_POINT ( 'NONE',  ( -0.3749999999999962252, 0.1000000000000000056, 0.6250000000000029976 ) ) ;
#1262 = CARTESIAN_POINT ( 'NONE',  ( -0.6249999999999997780, 0.000000000000000000, 0.3750000000000027756 ) ) ;
#1263 = PLANE ( 'NONE',  #1354 ) ;
#1264 = DIRECTION ( 'NONE',  ( -5.248239201709448572E-15, -0.000000000000000000, -1.000000000000000000 ) ) ;
#1265 = CARTESIAN_POINT ( 'NONE',  ( -0.6249999999999977796, 0.000000000000000000, 0.6250000000000016653 ) ) ;
#1266 = SURFACE_STYLE_FILL_AREA ( #2974 ) ;
#1267 = CARTESIAN_POINT ( 'NONE',  ( 0.3750000000000061617, 0.1000000000000000056, 0.8999999999999976907 ) ) ;
#1268 = SURFACE_STYLE_USAGE ( .BOTH. , #1252 ) ;
#1269 = ADVANCED_FACE ( 'NONE', ( #1637 ), #268, .F. ) ;
#1270 = EDGE_CURVE ( 'NONE', #3328, #1256, #3609, .T. ) ;
#1271 = DIRECTION ( 'NONE',  ( -1.000000000000000000, 0.000000000000000000, 6.982962677686266711E-15 ) ) ;
#1272 = VERTEX_POINT ( 'NONE', #3291 ) ;
#1273 = DIRECTION ( 'NONE',  ( 6.115600939697863952E-15, 0.000000000000000000, 1.000000000000000000 ) ) ;
#1274 = ORIENTED_EDGE ( 'NONE', *, *, #3199, .F. ) ;
#1275 = ORIENTED_EDGE ( 'NONE', *, *, #4045, .T. ) ;
#1276 = VERTEX_POINT ( 'NONE', #1285 ) ;
#1277 = LINE ( 'NONE', #2628, #2218 ) ;
#1278 = AXIS2_PLACEMENT_3D ( 'NONE', #1383, #2731, #1056 ) ;
#1279 = LINE ( 'NONE', #4220, #1445 ) ;
#1280 = DIRECTION ( 'NONE',  ( -1.000000000000000000, 0.000000000000000000, 6.982962677686266711E-15 ) ) ;
#1281 = ORIENTED_EDGE ( 'NONE', *, *, #1138, .F. ) ;
#1282 = EDGE_CURVE ( 'NONE', #1580, #1412, #936, .T. ) ;
#1283 = LINE ( 'NONE', #3956, #3398 ) ;
#1284 = VECTOR ( 'NONE', #4080, 1000.000000000000000 ) ;
#1285 = CARTESIAN_POINT ( 'NONE',  ( -0.3750000000000033307, 0.1000000000000000056, -0.4749999999999972577 ) ) ;
#1286 =( NAMED_UNIT ( * ) SI_UNIT ( $, .STERADIAN. ) SOLID_ANGLE_UNIT ( ) );
#1287 = AXIS2_PLACEMENT_3D ( 'NONE', #3426, #789, #2809 ) ;
#1288 = LINE ( 'NONE', #2636, #2422 ) ;
#1289 = EDGE_CURVE ( 'NONE', #2599, #3053, #357, .T. ) ;
#1290 = VECTOR ( 'NONE', #416, 1000.000000000000000 ) ;
#1291 = EDGE_LOOP ( 'NONE', ( #4065, #4038, #2065, #3320 ) ) ;
#1292 = PLANE ( 'NONE',  #2441 ) ;
#1293 = EDGE_CURVE ( 'NONE', #3678, #168, #2911, .T. ) ;
#1294 = ORIENTED_EDGE ( 'NONE', *, *, #4194, .F. ) ;
#1295 = DIRECTION ( 'NONE',  ( -0.000000000000000000, -1.000000000000000000, -0.000000000000000000 ) ) ;
#1296 = CARTESIAN_POINT ( 'NONE',  ( -0.6249999999999996669, 0.000000000000000000, 0.3750000000000027756 ) ) ;
#1297 = ADVANCED_FACE ( 'NONE', ( #3587 ), #2269, .F. ) ;
#1298 = VERTEX_POINT ( 'NONE', #1007 ) ;
#1299 = FACE_OUTER_BOUND ( 'NONE', #1540, .T. ) ;
#1300 = EDGE_CURVE ( 'NONE', #3122, #280, #8, .T. ) ;
#1301 = ORIENTED_EDGE ( 'NONE', *, *, #4192, .F. ) ;
#1302 = VECTOR ( 'NONE', #3654, 1000.000000000000000 ) ;
#1303 = ORIENTED_EDGE ( 'NONE', *, *, #3754, .T. ) ;
#1304 = DIRECTION ( 'NONE',  ( -0.000000000000000000, -1.000000000000000000, -0.000000000000000000 ) ) ;
#1305 = VECTOR ( 'NONE', #2474, 1000.000000000000000 ) ;
#1306 = LINE ( 'NONE', #2292, #4231 ) ;
#1307 = ORIENTED_EDGE ( 'NONE', *, *, #500, .F. ) ;
#1308 = CARTESIAN_POINT ( 'NONE',  ( -0.9000000000000082379, 0.1000000000000000056, -0.8749999999999937828 ) ) ;
#1309 = AXIS2_PLACEMENT_3D ( 'NONE', #1111, #4073, #1088 ) ;
#1310 = CARTESIAN_POINT ( 'NONE',  ( -0.1250000000000050515, 0.000000000000000000, -0.6249999999999994449 ) ) ;
#1311 = FILL_AREA_STYLE ('',( #1991 ) ) ;
#1312 = VECTOR ( 'NONE', #847, 1000.000000000000000 ) ;
#1313 = VECTOR ( 'NONE', #1673, 1000.000000000000000 ) ;
#1314 = UNCERTAINTY_MEASURE_WITH_UNIT (LENGTH_MEASURE( 1.000000000000000082E-05 ), #678, 'distance_accuracy_value', 'NONE');
#1315 = LINE ( 'NONE', #3043, #4292 ) ;
#1316 = PLANE ( 'NONE',  #3252 ) ;
#1317 = VECTOR ( 'NONE', #639, 1000.000000000000000 ) ;
#1318 = ORIENTED_EDGE ( 'NONE', *, *, #2173, .F. ) ;
#1319 = LINE ( 'NONE', #2274, #4037 ) ;
#1320 = DIRECTION ( 'NONE',  ( 6.982962677686266711E-15, 0.000000000000000000, 1.000000000000000000 ) ) ;
#1321 = AXIS2_PLACEMENT_3D ( 'NONE', #1792, #3137, #812 ) ;
#1322 = LINE ( 'NONE', #711, #2403 ) ;
#1323 = ORIENTED_EDGE ( 'NONE', *, *, #181, .F. ) ;
#1324 = CARTESIAN_POINT ( 'NONE',  ( -0.8999999999999995781, 0.1000000000000000056, 0.3750000000000042188 ) ) ;
#1325 = ADVANCED_FACE ( 'NONE', ( #2594 ), #332, .F. ) ;
#1326 = ORIENTED_EDGE ( 'NONE', *, *, #3152, .T. ) ;
#1327 = ADVANCED_FACE ( 'NONE', ( #3358 ), #2611, .F. ) ;
#1328 = VERTEX_POINT ( 'NONE', #1967 ) ;
#1329 = EDGE_CURVE ( 'NONE', #4196, #3496, #1616, .T. ) ;
#1330 = LINE ( 'NONE', #3931, #1038 ) ;
#1331 = LINE ( 'NONE', #3355, #3104 ) ;
#1332 = ORIENTED_EDGE ( 'NONE', *, *, #445, .F. ) ;
#1333 = CARTESIAN_POINT ( 'NONE',  ( 0.9000000000000057954, 0.000000000000000000, 0.6249999999999913403 ) ) ;
#1334 = DIRECTION ( 'NONE',  ( -1.000000000000000000, 0.000000000000000000, 6.982962677686266711E-15 ) ) ;
#1335 = LINE ( 'NONE', #592, #3746 ) ;
#1336 = LINE ( 'NONE', #992, #519 ) ;
#1337 = CARTESIAN_POINT ( 'NONE',  ( 0.9000000000000041300, 0.1000000000000000056, 0.3749999999999918954 ) ) ;
#1338 = CARTESIAN_POINT ( 'NONE',  ( 0.000000000000000000, 0.1000000000000000056, 0.000000000000000000 ) ) ;
#1339 = PLANE ( 'NONE',  #3248 ) ;
#1340 = ORIENTED_EDGE ( 'NONE', *, *, #3422, .T. ) ;
#1341 = DIRECTION ( 'NONE',  ( 7.228014483236698330E-15, 0.000000000000000000, 1.000000000000000000 ) ) ;
#1342 = ORIENTED_EDGE ( 'NONE', *, *, #982, .F. ) ;
#1343 = ORIENTED_EDGE ( 'NONE', *, *, #1641, .T. ) ;
#1344 = ORIENTED_EDGE ( 'NONE', *, *, #3287, .F. ) ;
#1345 = DIRECTION ( 'NONE',  ( -7.850324415674670258E-15, 0.000000000000000000, -1.000000000000000000 ) ) ;
#1346 = EDGE_CURVE ( 'NONE', #498, #889, #2634, .T. ) ;
#1347 = FILL_AREA_STYLE ('',( #85 ) ) ;
#1348 = DIRECTION ( 'NONE',  ( -6.982962677686266711E-15, 0.000000000000000000, -1.000000000000000000 ) ) ;
#1349 = ORIENTED_EDGE ( 'NONE', *, *, #3121, .T. ) ;
#1350 = DIRECTION ( 'NONE',  ( 0.000000000000000000, 1.000000000000000000, 0.000000000000000000 ) ) ;
#1351 = DIRECTION ( 'NONE',  ( 1.000000000000000000, -0.000000000000000000, -6.982962677686266711E-15 ) ) ;
#1352 = LINE ( 'NONE', #1029, #1599 ) ;
#1353 = LINE ( 'NONE', #3269, #956 ) ;
#1354 = AXIS2_PLACEMENT_3D ( 'NONE', #5, #2011, #354 ) ;
#1355 = SURFACE_STYLE_FILL_AREA ( #34 ) ;
#1356 = CARTESIAN_POINT ( 'NONE',  ( 0.000000000000000000, 0.1000000000000000056, 0.000000000000000000 ) ) ;
#1357 = COLOUR_RGB ( '',0.2509803921568627416, 0.2509803921568627416, 0.2509803921568627416 ) ;
#1358 = CARTESIAN_POINT ( 'NONE',  ( -0.3750000000000033307, 0.1000000000000000056, -0.4749999999999972577 ) ) ;
#1359 = DIRECTION ( 'NONE',  ( -6.982962677686266711E-15, 0.000000000000000000, -1.000000000000000000 ) ) ;
#1360 = ORIENTED_EDGE ( 'NONE', *, *, #1833, .T. ) ;
#1361 = DIRECTION ( 'NONE',  ( 1.000000000000000000, -0.000000000000000000, -6.982962677686266711E-15 ) ) ;
#1362 = VECTOR ( 'NONE', #3998, 1000.000000000000000 ) ;
#1363 = ORIENTED_EDGE ( 'NONE', *, *, #600, .T. ) ;
#1364 = VERTEX_POINT ( 'NONE', #3311 ) ;
#1365 = VERTEX_POINT ( 'NONE', #1415 ) ;
#1366 = SURFACE_SIDE_STYLE ('',( #2073 ) ) ;
#1367 = CARTESIAN_POINT ( 'NONE',  ( 0.9000000000000007994, 0.1000000000000000056, -0.1250000000000072720 ) ) ;
#1368 = ORIENTED_EDGE ( 'NONE', *, *, #1061, .F. ) ;
#1369 = LINE ( 'NONE', #743, #1642 ) ;
#1370 = VECTOR ( 'NONE', #2389, 1000.000000000000000 ) ;
#1371 = CARTESIAN_POINT ( 'NONE',  ( -0.2250000000000023925, 0.1000000000000000056, -0.3249999999999982347 ) ) ;
#1372 = ADVANCED_FACE ( 'NONE', ( #417 ), #1092, .T. ) ;
#1373 = EDGE_CURVE ( 'NONE', #319, #2315, #1049, .T. ) ;
#1374 = CARTESIAN_POINT ( 'NONE',  ( -0.9000000000000064615, 0.1000000000000000056, -0.6249999999999940048 ) ) ;
#1375 = AXIS2_PLACEMENT_3D ( 'NONE', #1241, #3584, #4263 ) ;
#1376 = ORIENTED_EDGE ( 'NONE', *, *, #211, .T. ) ;
#1377 = ADVANCED_FACE ( 'NONE', ( #1748 ), #2404, .F. ) ;
#1378 = AXIS2_PLACEMENT_3D ( 'NONE', #1588, #262, #4286 ) ;
#1379 = CARTESIAN_POINT ( 'NONE',  ( 0.1250000000000064948, 0.1000000000000000056, 0.8999999999999994671 ) ) ;
#1380 = ADVANCED_FACE ( 'NONE', ( #4076 ), #1118, .T. ) ;
#1381 = AXIS2_PLACEMENT_3D ( 'NONE', #1438, #4018, #110 ) ;
#1382 = LINE ( 'NONE', #1420, #2714 ) ;
#1383 = CARTESIAN_POINT ( 'NONE',  ( 0.000000000000000000, 0.1000000000000000056, 0.000000000000000000 ) ) ;
#1384 = VECTOR ( 'NONE', #2145, 1000.000000000000000 ) ;
#1385 = ORIENTED_EDGE ( 'NONE', *, *, #2386, .F. ) ;
#1386 = FACE_OUTER_BOUND ( 'NONE', #1518, .T. ) ;
#1387 = AXIS2_PLACEMENT_3D ( 'NONE', #2684, #333, #2318 ) ;
#1388 = ORIENTED_EDGE ( 'NONE', *, *, #2583, .F. ) ;
#1389 = EDGE_LOOP ( 'NONE', ( #2007, #2735, #1025, #3351 ) ) ;
#1390 = AXIS2_PLACEMENT_3D ( 'NONE', #1217, #2473, #2561 ) ;
#1391 = ORIENTED_EDGE ( 'NONE', *, *, #1061, .T. ) ;
#1392 = DIRECTION ( 'NONE',  ( -6.588707342236992012E-15, 0.000000000000000000, -1.000000000000000000 ) ) ;
#1393 = CARTESIAN_POINT ( 'NONE',  ( 0.3750000000000045519, 0.1000000000000000056, 0.6249999999999977796 ) ) ;
#1394 = ORIENTED_EDGE ( 'NONE', *, *, #790, .T. ) ;
#1395 = LINE ( 'NONE', #2426, #4140 ) ;
#1396 = DIRECTION ( 'NONE',  ( 0.000000000000000000, 1.000000000000000000, 0.000000000000000000 ) ) ;
#1397 = DIRECTION ( 'NONE',  ( -1.000000000000000000, -0.000000000000000000, 6.391579674512355058E-15 ) ) ;
#1398 = DIRECTION ( 'NONE',  ( -8.362856351758727760E-15, -0.000000000000000000, -1.000000000000000000 ) ) ;
#1399 = CYLINDRICAL_SURFACE ( 'NONE', #974, 0.1499999999999999667 ) ;
#1400 = CARTESIAN_POINT ( 'NONE',  ( 1.000000000000006883, 1.000000000000000000, 0.9999999999999933387 ) ) ;
#1401 = EDGE_CURVE ( 'NONE', #1065, #3579, #31, .T. ) ;
#1402 = CARTESIAN_POINT ( 'NONE',  ( -0.6250000000000046629, 0.000000000000000000, -0.3749999999999966138 ) ) ;
#1403 = VERTEX_POINT ( 'NONE', #3779 ) ;
#1404 = ADVANCED_FACE ( 'NONE', ( #2077 ), #71, .F. ) ;
#1405 = ORIENTED_EDGE ( 'NONE', *, *, #3468, .T. ) ;
#1406 = CARTESIAN_POINT ( 'NONE',  ( 0.1250000000000041911, 0.1000000000000000056, 0.6249999999999994449 ) ) ;
#1407 = ORIENTED_EDGE ( 'NONE', *, *, #771, .F. ) ;
#1408 = EDGE_LOOP ( 'NONE', ( #2001, #1608, #3924, #3368 ) ) ;
#1409 = ORIENTED_EDGE ( 'NONE', *, *, #1968, .T. ) ;
#1410 = FACE_OUTER_BOUND ( 'NONE', #3151, .T. ) ;
#1411 = DIRECTION ( 'NONE',  ( -1.000000000000000000, 0.000000000000000000, 7.377218013135540620E-15 ) ) ;
#1412 = VERTEX_POINT ( 'NONE', #3716 ) ;
#1413 = CARTESIAN_POINT ( 'NONE',  ( 0.9000000000000041300, 0.1000000000000000056, 0.3749999999999918954 ) ) ;
#1414 = EDGE_LOOP ( 'NONE', ( #822, #2103, #3600, #496 ) ) ;
#1415 = CARTESIAN_POINT ( 'NONE',  ( 0.9000000000000041300, 0.000000000000000000, 0.3749999999999918954 ) ) ;
#1416 = FILL_AREA_STYLE_COLOUR ( '', #2517 ) ;
#1417 = LINE ( 'NONE', #3399, #4218 ) ;
#1418 = DIRECTION ( 'NONE',  ( 0.000000000000000000, 1.000000000000000000, 0.000000000000000000 ) ) ;
#1419 = VECTOR ( 'NONE', #3251, 1000.000000000000000 ) ;
#1420 = CARTESIAN_POINT ( 'NONE',  ( 6.110092342975454973E-15, 0.000000000000000000, 0.8749999999999958922 ) ) ;
#1421 = LINE ( 'NONE', #4122, #2623 ) ;
#1422 = VERTEX_POINT ( 'NONE', #2384 ) ;
#1423 = STYLED_ITEM ( 'NONE', ( #3336 ), #3868 ) ;
#1424 = ORIENTED_EDGE ( 'NONE', *, *, #3858, .T. ) ;
#1425 = DIRECTION ( 'NONE',  ( 8.362856351758727760E-15, -0.000000000000000000, 1.000000000000000000 ) ) ;
#1426 = ADVANCED_FACE ( 'NONE', ( #3021 ), #3085, .F. ) ;
#1427 = ADVANCED_FACE ( 'NONE', ( #3041 ), #4099, .F. ) ;
#1428 = ORIENTED_EDGE ( 'NONE', *, *, #3012, .F. ) ;
#1429 = EDGE_CURVE ( 'NONE', #764, #1938, #2429, .T. ) ;
#1430 = VECTOR ( 'NONE', #2475, 1000.000000000000000 ) ;
#1431 = EDGE_LOOP ( 'NONE', ( #1150, #2797, #1478, #2618 ) ) ;
#1432 = ORIENTED_EDGE ( 'NONE', *, *, #1728, .F. ) ;
#1433 = ORIENTED_EDGE ( 'NONE', *, *, #922, .F. ) ;
#1434 = EDGE_CURVE ( 'NONE', #1057, #3328, #88, .T. ) ;
#1435 = DIRECTION ( 'NONE',  ( -1.000000000000000000, -0.000000000000000000, 6.194452006787718103E-15 ) ) ;
#1436 = FILL_AREA_STYLE ('',( #3056 ) ) ;
#1437 = ORIENTED_EDGE ( 'NONE', *, *, #15, .F. ) ;
#1438 = CARTESIAN_POINT ( 'NONE',  ( 0.000000000000000000, 0.1000000000000000056, 0.000000000000000000 ) ) ;
#1439 = DIRECTION ( 'NONE',  ( 0.000000000000000000, -1.000000000000000000, 0.000000000000000000 ) ) ;
#1440 = CLOSED_SHELL ( 'NONE', ( #2201, #1325, #632, #371, #1058, #1557 ) ) ;
#1441 = DIRECTION ( 'NONE',  ( -1.000000000000000000, -0.000000000000000000, 5.405941335889167918E-15 ) ) ;
#1442 = DIRECTION ( 'NONE',  ( 0.000000000000000000, 1.000000000000000000, 0.000000000000000000 ) ) ;
#1443 = VECTOR ( 'NONE', #1441, 1000.000000000000000 ) ;
#1444 = LINE ( 'NONE', #3401, #2221 ) ;
#1445 = VECTOR ( 'NONE', #630, 1000.000000000000000 ) ;
#1446 = LINE ( 'NONE', #3721, #191 ) ;
#1447 = FACE_BOUND ( 'NONE', #4281, .T. ) ;
#1448 = VECTOR ( 'NONE', #3062, 1000.000000000000000 ) ;
#1449 = CARTESIAN_POINT ( 'NONE',  ( -0.2250000000000033917, 0.000000000000000000, -0.4749999999999982014 ) ) ;
#1450 = VECTOR ( 'NONE', #1568, 1000.000000000000000 ) ;
#1451 = ORIENTED_EDGE ( 'NONE', *, *, #1560, .F. ) ;
#1452 = VECTOR ( 'NONE', #1104, 1000.000000000000000 ) ;
#1453 = ORIENTED_EDGE ( 'NONE', *, *, #1084, .T. ) ;
#1454 = ORIENTED_EDGE ( 'NONE', *, *, #686, .T. ) ;
#1455 = EDGE_CURVE ( 'NONE', #1403, #3322, #1725, .T. ) ;
#1456 = CARTESIAN_POINT ( 'NONE',  ( 0.6250000000000016653, 0.000000000000000000, -4.364351673553928527E-15 ) ) ;
#1457 = LINE ( 'NONE', #3455, #2781 ) ;
#1458 = ORIENTED_EDGE ( 'NONE', *, *, #3518, .F. ) ;
#1459 = MECHANICAL_DESIGN_GEOMETRIC_PRESENTATION_REPRESENTATION (  '', ( #1253 ), #3491 ) ;
#1460 = ADVANCED_FACE ( 'NONE', ( #1766 ), #3695, .F. ) ;
#1461 = ORIENTED_EDGE ( 'NONE', *, *, #2593, .T. ) ;
#1462 = APPLICATION_PROTOCOL_DEFINITION ( 'draft international standard', 'automotive_design', 1998, #1250 ) ;
#1463 = EDGE_CURVE ( 'NONE', #3757, #120, #2144, .T. ) ;
#1464 = FACE_OUTER_BOUND ( 'NONE', #3058, .T. ) ;
#1465 = CARTESIAN_POINT ( 'NONE',  ( -0.8999999999999964695, 0.1000000000000000056, 0.8750000000000025535 ) ) ;
#1466 = ORIENTED_EDGE ( 'NONE', *, *, #1008, .F. ) ;
#1467 = FACE_OUTER_BOUND ( 'NONE', #3411, .T. ) ;
#1468 = DIRECTION ( 'NONE',  ( 0.000000000000000000, -1.000000000000000000, 0.000000000000000000 ) ) ;
#1469 = CARTESIAN_POINT ( 'NONE',  ( -0.9000000000000082379, 0.000000000000000000, -0.8749999999999937828 ) ) ;
#1470 = FACE_BOUND ( 'NONE', #2194, .T. ) ;
#1471 = DIRECTION ( 'NONE',  ( 0.000000000000000000, 1.000000000000000000, 0.000000000000000000 ) ) ;
#1472 = VERTEX_POINT ( 'NONE', #2782 ) ;
#1473 = EDGE_CURVE ( 'NONE', #3850, #3559, #1705, .T. ) ;
#1474 = EDGE_LOOP ( 'NONE', ( #1208, #2005, #971, #1935 ) ) ;
#1475 = ORIENTED_EDGE ( 'NONE', *, *, #1743, .T. ) ;
#1476 = PLANE ( 'NONE',  #1309 ) ;
#1477 = EDGE_CURVE ( 'NONE', #4052, #627, #2054, .T. ) ;
#1478 = ORIENTED_EDGE ( 'NONE', *, *, #3521, .T. ) ;
#1479 = PRODUCT_CONTEXT ( 'NONE', #1250, 'mechanical' ) ;
#1480 = DIRECTION ( 'NONE',  ( -1.000000000000000000, 0.000000000000000000, 6.982962677686266711E-15 ) ) ;
#1481 = LINE ( 'NONE', #175, #1806 ) ;
#1482 = EDGE_CURVE ( 'NONE', #1678, #823, #134, .T. ) ;
#1483 = CARTESIAN_POINT ( 'NONE',  ( -0.1250000000000050515, 0.1000000000000000056, -0.6249999999999994449 ) ) ;
#1484 = CARTESIAN_POINT ( 'NONE',  ( 0.1250000000000002220, 0.000000000000000000, -8.728703347107849165E-16 ) ) ;
#1485 = FILL_AREA_STYLE ('',( #2136 ) ) ;
#1486 = DIRECTION ( 'NONE',  ( 1.000000000000000000, 0.000000000000000000, -6.982962677686266711E-15 ) ) ;
#1487 = FILL_AREA_STYLE ('',( #3567 ) ) ;
#1488 = CARTESIAN_POINT ( 'NONE',  ( 0.6249999999999990008, 0.1000000000000000056, -0.3750000000000052180 ) ) ;
#1489 = CARTESIAN_POINT ( 'NONE',  ( 0.6250000000000023315, 0.000000000000000000, 0.1249999999999939632 ) ) ;
#1490 = LINE ( 'NONE', #1797, #4303 ) ;
#1491 = AXIS2_PLACEMENT_3D ( 'NONE', #2511, #3083, #2356 ) ;
#1492 = ORIENTED_EDGE ( 'NONE', *, *, #3784, .F. ) ;
#1493 = DIRECTION ( 'NONE',  ( 1.000000000000000000, 0.000000000000000000, -7.377218013135540620E-15 ) ) ;
#1494 = MECHANICAL_DESIGN_GEOMETRIC_PRESENTATION_REPRESENTATION (  '', ( #3034 ), #1709 ) ;
#1495 = ORIENTED_EDGE ( 'NONE', *, *, #3470, .T. ) ;
#1496 = ORIENTED_EDGE ( 'NONE', *, *, #791, .F. ) ;
#1497 = VECTOR ( 'NONE', #1528, 1000.000000000000000 ) ;
#1498 = DIRECTION ( 'NONE',  ( -7.850324415674670258E-15, -0.000000000000000000, -1.000000000000000000 ) ) ;
#1499 = FACE_OUTER_BOUND ( 'NONE', #3186, .T. ) ;
#1500 = DIRECTION ( 'NONE',  ( -2.991697309180445080E-15, 0.000000000000000000, 1.000000000000000000 ) ) ;
#1501 = ORIENTED_EDGE ( 'NONE', *, *, #1890, .T. ) ;
#1502 = LINE ( 'NONE', #3863, #3345 ) ;
#1503 = CARTESIAN_POINT ( 'NONE',  ( 0.6250000000000054401, 0.1000000000000000056, 0.8749999999999931166 ) ) ;
#1504 = CARTESIAN_POINT ( 'NONE',  ( -0.6250000000000046629, 0.000000000000000000, -0.3749999999999966138 ) ) ;
#1505 = EDGE_CURVE ( 'NONE', #638, #4247, #3190, .T. ) ;
#1506 = CARTESIAN_POINT ( 'NONE',  ( 0.3750000000000061617, 0.1000000000000000056, 0.8999999999999976907 ) ) ;
#1507 = ADVANCED_FACE ( 'NONE', ( #1464 ), #3499, .F. ) ;
#1508 = CARTESIAN_POINT ( 'NONE',  ( -0.3750000000000064948, 0.000000000000000000, -0.8999999999999978018 ) ) ;
#1509 = VECTOR ( 'NONE', #2437, 1000.000000000000000 ) ;
#1510 = EDGE_CURVE ( 'NONE', #375, #947, #1848, .T. ) ;
#1511 = ADVANCED_FACE ( 'NONE', ( #2805 ), #153, .F. ) ;
#1512 = VERTEX_POINT ( 'NONE', #3859 ) ;
#1513 = CARTESIAN_POINT ( 'NONE',  ( -0.6249999999999965583, 0.1000000000000000056, 0.8750000000000016653 ) ) ;
#1514 = VECTOR ( 'NONE', #813, 1000.000000000000000 ) ;
#1515 = ORIENTED_EDGE ( 'NONE', *, *, #2981, .T. ) ;
#1516 = CARTESIAN_POINT ( 'NONE',  ( 0.9000000000000007994, 0.000000000000000000, -0.1250000000000072720 ) ) ;
#1517 = PRESENTATION_LAYER_ASSIGNMENT (  '', '', ( #3413 ) ) ;
#1518 = EDGE_LOOP ( 'NONE', ( #3776, #2608, #4285, #3167 ) ) ;
#1519 = AXIS2_PLACEMENT_3D ( 'NONE', #2162, #3179, #182 ) ;
#1520 = VECTOR ( 'NONE', #3633, 1000.000000000000000 ) ;
#1521 = ORIENTED_EDGE ( 'NONE', *, *, #1477, .T. ) ;
#1522 = AXIS2_PLACEMENT_3D ( 'NONE', #3207, #4186, #3874 ) ;
#1523 = DIRECTION ( 'NONE',  ( 6.982962677686266711E-15, 0.000000000000000000, 1.000000000000000000 ) ) ;
#1524 = VECTOR ( 'NONE', #1468, 1000.000000000000000 ) ;
#1525 = ORIENTED_EDGE ( 'NONE', *, *, #3119, .F. ) ;
#1526 = CARTESIAN_POINT ( 'NONE',  ( -1.000000000000006883, 0.000000000000000000, -0.9999999999999926725 ) ) ;
#1527 = CARTESIAN_POINT ( 'NONE',  ( -0.6249999999999967804, 0.1000000000000000056, 0.8750000000000016653 ) ) ;
#1528 = DIRECTION ( 'NONE',  ( 0.000000000000000000, 1.000000000000000000, 0.000000000000000000 ) ) ;
#1529 = DIRECTION ( 'NONE',  ( 1.000000000000000000, 0.000000000000000000, -5.405941335889167918E-15 ) ) ;
#1530 = LINE ( 'NONE', #2595, #3427 ) ;
#1531 = LINE ( 'NONE', #1204, #1652 ) ;
#1532 = EDGE_CURVE ( 'NONE', #3302, #4053, #1786, .T. ) ;
#1533 = DIRECTION ( 'NONE',  ( -0.000000000000000000, -1.000000000000000000, -0.000000000000000000 ) ) ;
#1534 = DIRECTION ( 'NONE',  ( 1.000000000000000000, 0.000000000000000000, -8.362856351758727760E-15 ) ) ;
#1535 = EDGE_CURVE ( 'NONE', #410, #494, #843, .T. ) ;
#1536 = VERTEX_POINT ( 'NONE', #4153 ) ;
#1537 = ADVANCED_FACE ( 'NONE', ( #1499 ), #174, .F. ) ;
#1538 = LINE ( 'NONE', #2620, #2579 ) ;
#1539 = DIRECTION ( 'NONE',  ( -6.982962677686266711E-15, 0.000000000000000000, -1.000000000000000000 ) ) ;
#1540 = EDGE_LOOP ( 'NONE', ( #2816, #1343, #1702, #731 ) ) ;
#1541 = ORIENTED_EDGE ( 'NONE', *, *, #2340, .F. ) ;
#1542 = EDGE_LOOP ( 'NONE', ( #4033, #1254, #1005, #1294 ) ) ;
#1543 = FACE_OUTER_BOUND ( 'NONE', #351, .T. ) ;
#1544 = CARTESIAN_POINT ( 'NONE',  ( -0.2250000000000023925, 0.000000000000000000, -0.3249999999999982347 ) ) ;
#1545 = CARTESIAN_POINT ( 'NONE',  ( 0.9000000000000055733, 0.1000000000000000056, 0.8749999999999895639 ) ) ;
#1546 = LINE ( 'NONE', #895, #3759 ) ;
#1547 = CARTESIAN_POINT ( 'NONE',  ( -4.364351673553915905E-15, 0.000000000000000000, -0.6249999999999998890 ) ) ;
#1548 = DIRECTION ( 'NONE',  ( 1.000000000000000000, 0.000000000000000000, -7.416643546680468484E-15 ) ) ;
#1549 = PLANE ( 'NONE',  #1948 ) ;
#1550 = CARTESIAN_POINT ( 'NONE',  ( 0.1250000000000064948, 0.000000000000000000, 0.8999999999999994671 ) ) ;
#1551 = LINE ( 'NONE', #1573, #862 ) ;
#1552 = ORIENTED_EDGE ( 'NONE', *, *, #2744, .F. ) ;
#1553 = FACE_OUTER_BOUND ( 'NONE', #2447, .T. ) ;
#1554 = ORIENTED_EDGE ( 'NONE', *, *, #791, .T. ) ;
#1555 = CARTESIAN_POINT ( 'NONE',  ( 0.6249999999999955591, 0.000000000000000000, -0.8750000000000043299 ) ) ;
#1556 = ORIENTED_EDGE ( 'NONE', *, *, #2288, .F. ) ;
#1557 = ADVANCED_FACE ( 'NONE', ( #863 ), #4198, .F. ) ;
#1558 = EDGE_CURVE ( 'NONE', #3684, #3744, #1808, .T. ) ;
#1559 = EDGE_LOOP ( 'NONE', ( #2070, #581, #1149, #1323 ) ) ;
#1560 = EDGE_CURVE ( 'NONE', #2345, #1000, #2863, .T. ) ;
#1561 = ORIENTED_EDGE ( 'NONE', *, *, #2028, .T. ) ;
#1562 = VECTOR ( 'NONE', #2324, 1000.000000000000000 ) ;
#1563 = EDGE_CURVE ( 'NONE', #3493, #1039, #2222, .T. ) ;
#1564 = ORIENTED_EDGE ( 'NONE', *, *, #1463, .F. ) ;
#1565 = ORIENTED_EDGE ( 'NONE', *, *, #4091, .T. ) ;
#1566 = CARTESIAN_POINT ( 'NONE',  ( -0.6250000000000012212, 0.1000000000000000056, 0.1250000000000025535 ) ) ;
#1567 = DIRECTION ( 'NONE',  ( 8.165728684034090016E-15, 0.000000000000000000, 1.000000000000000000 ) ) ;
#1568 = DIRECTION ( 'NONE',  ( -0.000000000000000000, -1.000000000000000000, -0.000000000000000000 ) ) ;
#1569 = DIRECTION ( 'NONE',  ( 6.982962677686266711E-15, 0.000000000000000000, 1.000000000000000000 ) ) ;
#1570 = CARTESIAN_POINT ( 'NONE',  ( -1.000000000000006883, 0.000000000000000000, -0.9999999999999926725 ) ) ;
#1571 = LINE ( 'NONE', #918, #3767 ) ;
#1572 = CARTESIAN_POINT ( 'NONE',  ( 0.6250000000000023315, 0.1000000000000000056, 0.1249999999999940187 ) ) ;
#1573 = CARTESIAN_POINT ( 'NONE',  ( 0.9000000000000057954, 0.1000000000000000056, 0.6249999999999913403 ) ) ;
#1574 = EDGE_LOOP ( 'NONE', ( #2751, #2169, #61, #2944 ) ) ;
#1575 = CARTESIAN_POINT ( 'NONE',  ( -0.6250000000000012212, 0.000000000000000000, 0.1250000000000025258 ) ) ;
#1576 = ORIENTED_EDGE ( 'NONE', *, *, #101, .F. ) ;
#1577 = PLANE ( 'NONE',  #3134 ) ;
#1578 = PLANE ( 'NONE',  #2824 ) ;
#1579 = VECTOR ( 'NONE', #4021, 1000.000000000000000 ) ;
#1580 = VERTEX_POINT ( 'NONE', #520 ) ;
#1581 = EDGE_LOOP ( 'NONE', ( #2468, #3596, #3409, #327 ) ) ;
#1582 = AXIS2_PLACEMENT_3D ( 'NONE', #1983, #1002, #2265 ) ;
#1583 = ADVANCED_FACE ( 'NONE', ( #2193 ), #1154, .F. ) ;
#1584 = ORIENTED_EDGE ( 'NONE', *, *, #183, .F. ) ;
#1585 = VECTOR ( 'NONE', #3517, 1000.000000000000000 ) ;
#1586 = ORIENTED_EDGE ( 'NONE', *, *, #53, .T. ) ;
#1587 = AXIS2_PLACEMENT_3D ( 'NONE', #4129, #2114, #3814 ) ;
#1588 = CARTESIAN_POINT ( 'NONE',  ( -0.4900000000000034328, 0.9000000000000001332, -0.4899999999999962719 ) ) ;
#1589 = EDGE_CURVE ( 'NONE', #4241, #1039, #1828, .T. ) ;
#1590 = FILL_AREA_STYLE_COLOUR ( '', #472 ) ;
#1591 = DIRECTION ( 'NONE',  ( -1.256973833203566988E-15, 0.000000000000000000, 1.000000000000000000 ) ) ;
#1592 = ADVANCED_FACE ( 'NONE', ( #891 ), #458, .T. ) ;
#1593 = VECTOR ( 'NONE', #388, 1000.000000000000000 ) ;
#1594 = DIRECTION ( 'NONE',  ( -0.000000000000000000, -1.000000000000000000, -0.000000000000000000 ) ) ;
#1595 = DIRECTION ( 'NONE',  ( 6.115600939697863952E-15, -0.000000000000000000, 1.000000000000000000 ) ) ;
#1596 = VECTOR ( 'NONE', #4003, 1000.000000000000000 ) ;
#1597 = DIRECTION ( 'NONE',  ( 6.115600939697863952E-15, -0.000000000000000000, 1.000000000000000000 ) ) ;
#1598 = CARTESIAN_POINT ( 'NONE',  ( -0.6250000000000081046, 0.000000000000000000, -0.8749999999999957812 ) ) ;
#1599 = VECTOR ( 'NONE', #3442, 1000.000000000000000 ) ;
#1600 = ORIENTED_EDGE ( 'NONE', *, *, #2704, .T. ) ;
#1601 = FACE_OUTER_BOUND ( 'NONE', #911, .T. ) ;
#1602 = CARTESIAN_POINT ( 'NONE',  ( 0.3749999999999935052, 0.000000000000000000, -0.9000000000000029088 ) ) ;
#1603 = CARTESIAN_POINT ( 'NONE',  ( -0.8999999999999995781, 0.1000000000000000056, 0.3750000000000043299 ) ) ;
#1604 = CARTESIAN_POINT ( 'NONE',  ( 0.000000000000000000, 0.1000000000000000056, 0.000000000000000000 ) ) ;
#1605 = EDGE_LOOP ( 'NONE', ( #2445, #49, #169, #160 ) ) ;
#1606 = ADVANCED_FACE ( 'NONE', ( #1543 ), #2885, .F. ) ;
#1607 = ORIENTED_EDGE ( 'NONE', *, *, #3150, .F. ) ;
#1608 = ORIENTED_EDGE ( 'NONE', *, *, #3890, .T. ) ;
#1609 = ORIENTED_EDGE ( 'NONE', *, *, #2197, .F. ) ;
#1610 = LINE ( 'NONE', #955, #2851 ) ;
#1611 = EDGE_CURVE ( 'NONE', #2866, #3328, #3051, .T. ) ;
#1612 = FACE_OUTER_BOUND ( 'NONE', #3667, .T. ) ;
#1613 = CARTESIAN_POINT ( 'NONE',  ( 0.9000000000000014655, 0.000000000000000000, -6.284666409917650295E-15 ) ) ;
#1614 = LINE ( 'NONE', #7, #2554 ) ;
#1615 = EDGE_CURVE ( 'NONE', #3496, #1044, #1896, .T. ) ;
#1616 = LINE ( 'NONE', #2951, #1173 ) ;
#1617 = SURFACE_STYLE_USAGE ( .BOTH. , #310 ) ;
#1618 = FACE_OUTER_BOUND ( 'NONE', #1542, .T. ) ;
#1619 = SURFACE_STYLE_FILL_AREA ( #1687 ) ;
#1620 = ORIENTED_EDGE ( 'NONE', *, *, #3921, .F. ) ;
#1621 = VERTEX_POINT ( 'NONE', #17 ) ;
#1622 = CARTESIAN_POINT ( 'NONE',  ( -0.9000000000000021316, 0.000000000000000000, 6.284666409917655028E-15 ) ) ;
#1623 = VERTEX_POINT ( 'NONE', #3009 ) ;
#1624 = LINE ( 'NONE', #4277, #2215 ) ;
#1625 = DIRECTION ( 'NONE',  ( 6.982962677686266711E-15, 0.000000000000000000, 1.000000000000000000 ) ) ;
#1626 = VERTEX_POINT ( 'NONE', #3030 ) ;
#1627 = DIRECTION ( 'NONE',  ( 0.000000000000000000, 1.000000000000000000, 0.000000000000000000 ) ) ;
#1628 = VERTEX_POINT ( 'NONE', #64 ) ;
#1629 = ORIENTED_EDGE ( 'NONE', *, *, #2480, .T. ) ;
#1630 = DIRECTION ( 'NONE',  ( 6.549281808692064148E-15, 0.000000000000000000, 1.000000000000000000 ) ) ;
#1631 = VECTOR ( 'NONE', #1348, 1000.000000000000000 ) ;
#1632 = CARTESIAN_POINT ( 'NONE',  ( -0.8999999999999978018, 0.1000000000000000056, 0.6250000000000036637 ) ) ;
#1633 = LINE ( 'NONE', #2968, #312 ) ;
#1634 = ORIENTED_EDGE ( 'NONE', *, *, #3675, .F. ) ;
#1635 = DIRECTION ( 'NONE',  ( 0.000000000000000000, 1.000000000000000000, 0.000000000000000000 ) ) ;
#1636 = PRESENTATION_LAYER_ASSIGNMENT (  '', '', ( #2407 ) ) ;
#1637 = FACE_OUTER_BOUND ( 'NONE', #3838, .T. ) ;
#1638 = CARTESIAN_POINT ( 'NONE',  ( 0.6250000000000054401, 0.000000000000000000, 0.8749999999999931166 ) ) ;
#1639 = DIRECTION ( 'NONE',  ( -6.549281808692064148E-15, 0.000000000000000000, -1.000000000000000000 ) ) ;
#1640 = EDGE_CURVE ( 'NONE', #3595, #45, #1042, .T. ) ;
#1641 = EDGE_CURVE ( 'NONE', #4283, #2895, #667, .T. ) ;
#1642 = VECTOR ( 'NONE', #108, 1000.000000000000000 ) ;
#1643 = CARTESIAN_POINT ( 'NONE',  ( 0.000000000000000000, 0.1000000000000000056, 0.000000000000000000 ) ) ;
#1644 = EDGE_LOOP ( 'NONE', ( #2306, #757, #4254, #78 ) ) ;
#1645 = EDGE_CURVE ( 'NONE', #3206, #3678, #761, .T. ) ;
#1646 = CARTESIAN_POINT ( 'NONE',  ( -0.8999999999999964695, 0.1000000000000000056, 0.8750000000000021094 ) ) ;
#1647 = ORIENTED_EDGE ( 'NONE', *, *, #4279, .F. ) ;
#1648 = EDGE_CURVE ( 'NONE', #494, #1910, #2307, .T. ) ;
#1649 = VERTEX_POINT ( 'NONE', #2003 ) ;
#1650 = PLANE ( 'NONE',  #1244 ) ;
#1651 = ORIENTED_EDGE ( 'NONE', *, *, #344, .F. ) ;
#1652 = VECTOR ( 'NONE', #1815, 1000.000000000000000 ) ;
#1653 = ORIENTED_EDGE ( 'NONE', *, *, #1825, .F. ) ;
#1654 = DIRECTION ( 'NONE',  ( -1.000000000000000000, 0.000000000000000000, 6.194452006787718103E-15 ) ) ;
#1655 = AXIS2_PLACEMENT_3D ( 'NONE', #1483, #2821, #2888 ) ;
#1656 = FACE_OUTER_BOUND ( 'NONE', #1765, .T. ) ;
#1657 = ORIENTED_EDGE ( 'NONE', *, *, #3090, .T. ) ;
#1658 = CARTESIAN_POINT ( 'NONE',  ( 0.3750000000000045519, 0.000000000000000000, 0.6249999999999977796 ) ) ;
#1659 = AXIS2_PLACEMENT_3D ( 'NONE', #3982, #677, #1990 ) ;
#1660 = DIRECTION ( 'NONE',  ( 0.000000000000000000, -1.000000000000000000, 0.000000000000000000 ) ) ;
#1661 = SURFACE_STYLE_USAGE ( .BOTH. , #3610 ) ;
#1662 = VECTOR ( 'NONE', #3241, 1000.000000000000000 ) ;
#1663 = AXIS2_PLACEMENT_3D ( 'NONE', #187, #2184, #2529 ) ;
#1664 = DIRECTION ( 'NONE',  ( 6.982962677686266711E-15, 0.000000000000000000, 1.000000000000000000 ) ) ;
#1665 = VERTEX_POINT ( 'NONE', #2671 ) ;
#1666 = PLANE ( 'NONE',  #1014 ) ;
#1667 = VECTOR ( 'NONE', #1203, 1000.000000000000000 ) ;
#1668 = CARTESIAN_POINT ( 'NONE',  ( 0.6250000000000042188, 0.1000000000000000056, 0.3749999999999941713 ) ) ;
#1669 = LINE ( 'NONE', #640, #2774 ) ;
#1670 = PRESENTATION_LAYER_ASSIGNMENT (  '', '', ( #3908 ) ) ;
#1671 = CARTESIAN_POINT ( 'NONE',  ( 0.1250000000000043021, 0.000000000000000000, 0.6249999999999994449 ) ) ;
#1672 = ORIENTED_EDGE ( 'NONE', *, *, #2777, .T. ) ;
#1673 = DIRECTION ( 'NONE',  ( 0.000000000000000000, 1.000000000000000000, 0.000000000000000000 ) ) ;
#1674 = ADVANCED_FACE ( 'NONE', ( #713 ), #2027, .F. ) ;
#1675 = EDGE_CURVE ( 'NONE', #1272, #1665, #3382, .T. ) ;
#1676 = ORIENTED_EDGE ( 'NONE', *, *, #1615, .F. ) ;
#1677 = EDGE_LOOP ( 'NONE', ( #4095, #3535, #1561, #4089 ) ) ;
#1678 = VERTEX_POINT ( 'NONE', #998 ) ;
#1679 = DIRECTION ( 'NONE',  ( -0.000000000000000000, -1.000000000000000000, -0.000000000000000000 ) ) ;
#1680 =( NAMED_UNIT ( * ) PLANE_ANGLE_UNIT ( ) SI_UNIT ( $, .RADIAN. ) );
#1681 = FACE_OUTER_BOUND ( 'NONE', #4126, .T. ) ;
#1682 = VERTEX_POINT ( 'NONE', #2733 ) ;
#1683 = CARTESIAN_POINT ( 'NONE',  ( -0.6250000000000021094, 0.000000000000000000, 4.364351673553931682E-15 ) ) ;
#1684 = DIRECTION ( 'NONE',  ( 0.000000000000000000, -1.000000000000000000, 0.000000000000000000 ) ) ;
#1685 = DIRECTION ( 'NONE',  ( 0.000000000000000000, 1.000000000000000000, 0.000000000000000000 ) ) ;
#1686 = PLANE ( 'NONE',  #399 ) ;
#1687 = FILL_AREA_STYLE ('',( #3674 ) ) ;
#1688 = CARTESIAN_POINT ( 'NONE',  ( -0.6249999999999966693, 0.000000000000000000, 0.8750000000000016653 ) ) ;
#1689 = EDGE_LOOP ( 'NONE', ( #737, #1128, #1332, #784 ) ) ;
#1690 = DIRECTION ( 'NONE',  ( 1.000000000000000000, -0.000000000000000000, -1.463387981396423302E-15 ) ) ;
#1691 = ORIENTED_EDGE ( 'NONE', *, *, #3071, .F. ) ;
#1692 = DIRECTION ( 'NONE',  ( 0.7071067811865522357, 0.000000000000000000, 0.7071067811865429098 ) ) ;
#1693 = ORIENTED_EDGE ( 'NONE', *, *, #1907, .T. ) ;
#1694 = ADVANCED_FACE ( 'NONE', ( #1299 ), #1060, .F. ) ;
#1695 = EDGE_LOOP ( 'NONE', ( #2047, #866, #3603, #3509 ) ) ;
#1696 = ORIENTED_EDGE ( 'NONE', *, *, #564, .T. ) ;
#1697 = ADVANCED_FACE ( 'NONE', ( #1386 ), #3347, .F. ) ;
#1698 = DIRECTION ( 'NONE',  ( -0.000000000000000000, -1.000000000000000000, -0.000000000000000000 ) ) ;
#1699 =( LENGTH_UNIT ( ) NAMED_UNIT ( * ) SI_UNIT ( .MILLI., .METRE. ) );
#1700 = CARTESIAN_POINT ( 'NONE',  ( 0.8999999999999991340, 0.000000000000000000, -0.3750000000000069944 ) ) ;
#1701 = ADVANCED_FACE ( 'NONE', ( #4282 ), #1650, .F. ) ;
#1702 = ORIENTED_EDGE ( 'NONE', *, *, #3071, .T. ) ;
#1703 = CARTESIAN_POINT ( 'NONE',  ( 0.6250000000000016653, 0.000000000000000000, -4.364351673553928527E-15 ) ) ;
#1704 = VECTOR ( 'NONE', #934, 1000.000000000000000 ) ;
#1705 = LINE ( 'NONE', #2723, #3621 ) ;
#1706 = CARTESIAN_POINT ( 'NONE',  ( -0.4900000000000045430, 0.9000000000000001332, -0.6399999999999962386 ) ) ;
#1707 = LINE ( 'NONE', #1374, #1443 ) ;
#1708 = ORIENTED_EDGE ( 'NONE', *, *, #165, .F. ) ;
#1709 =( GEOMETRIC_REPRESENTATION_CONTEXT ( 3 ) GLOBAL_UNCERTAINTY_ASSIGNED_CONTEXT ( ( #469 ) ) GLOBAL_UNIT_ASSIGNED_CONTEXT ( ( #2459, #2433, #1790 ) ) REPRESENTATION_CONTEXT ( 'NONE', 'WORKASPACE' ) );
#1710 = DIRECTION ( 'NONE',  ( 7.377218013135540620E-15, -0.000000000000000000, 1.000000000000000000 ) ) ;
#1711 = DIRECTION ( 'NONE',  ( 1.000000000000000000, -0.000000000000000000, -6.982962677686266711E-15 ) ) ;
#1712 = VECTOR ( 'NONE', #3541, 1000.000000000000000 ) ;
#1713 = DIRECTION ( 'NONE',  ( 7.377218013135540620E-15, 0.000000000000000000, 1.000000000000000000 ) ) ;
#1714 = CARTESIAN_POINT ( 'NONE',  ( -0.6249999999999967804, 0.1000000000000000056, 0.8750000000000016653 ) ) ;
#1715 = ORIENTED_EDGE ( 'NONE', *, *, #2935, .F. ) ;
#1716 = FACE_OUTER_BOUND ( 'NONE', #2067, .T. ) ;
#1717 = PRODUCT_DEFINITION_FORMATION_WITH_SPECIFIED_SOURCE ( 'ANY', '', #2051, .NOT_KNOWN. ) ;
#1718 = ORIENTED_EDGE ( 'NONE', *, *, #1752, .T. ) ;
#1719 = ORIENTED_EDGE ( 'NONE', *, *, #1084, .F. ) ;
#1720 =( NAMED_UNIT ( * ) SI_UNIT ( $, .STERADIAN. ) SOLID_ANGLE_UNIT ( ) );
#1721 = CARTESIAN_POINT ( 'NONE',  ( -0.3749999999999938383, 0.1000000000000000056, 0.9000000000000030198 ) ) ;
#1722 = ORIENTED_EDGE ( 'NONE', *, *, #2988, .T. ) ;
#1723 =( NAMED_UNIT ( * ) PLANE_ANGLE_UNIT ( ) SI_UNIT ( $, .RADIAN. ) );
#1724 = AXIS2_PLACEMENT_3D ( 'NONE', #3806, #1055, #76 ) ;
#1725 = LINE ( 'NONE', #440, #2359 ) ;
#1726 = SURFACE_SIDE_STYLE ('',( #2761 ) ) ;
#1727 = EDGE_CURVE ( 'NONE', #1125, #3837, #347, .T. ) ;
#1728 = EDGE_CURVE ( 'NONE', #3434, #2874, #977, .T. ) ;
#1729 = DIRECTION ( 'NONE',  ( -1.000000000000000000, 0.000000000000000000, 7.850324415674670258E-15 ) ) ;
#1730 = VECTOR ( 'NONE', #1179, 1000.000000000000000 ) ;
#1731 = AXIS2_PLACEMENT_3D ( 'NONE', #3224, #811, #1813 ) ;
#1732 = CARTESIAN_POINT ( 'NONE',  ( 0.9000000000000041300, 0.1000000000000000056, 0.3749999999999918954 ) ) ;
#1733 = VECTOR ( 'NONE', #1176, 1000.000000000000000 ) ;
#1734 = CARTESIAN_POINT ( 'NONE',  ( -0.8999999999999995781, 0.1000000000000000056, 0.3750000000000042188 ) ) ;
#1735 = PLANE ( 'NONE',  #2258 ) ;
#1736 = VECTOR ( 'NONE', #1165, 1000.000000000000000 ) ;
#1737 = EDGE_LOOP ( 'NONE', ( #4009, #2606 ) ) ;
#1738 = LINE ( 'NONE', #3451, #2994 ) ;
#1739 = AXIS2_PLACEMENT_3D ( 'NONE', #3445, #490, #3088 ) ;
#1740 = ORIENTED_EDGE ( 'NONE', *, *, #3204, .T. ) ;
#1741 = VECTOR ( 'NONE', #241, 1000.000000000000000 ) ;
#1742 = ORIENTED_EDGE ( 'NONE', *, *, #3064, .F. ) ;
#1743 = EDGE_CURVE ( 'NONE', #1512, #3757, #644, .T. ) ;
#1744 = DIRECTION ( 'NONE',  ( 6.982962677686266711E-15, -0.000000000000000000, 1.000000000000000000 ) ) ;
#1745 = DIRECTION ( 'NONE',  ( -0.000000000000000000, 1.000000000000000000, -0.000000000000000000 ) ) ;
#1746 = DIRECTION ( 'NONE',  ( -1.000000000000000000, -0.000000000000000000, 6.194452006787718103E-15 ) ) ;
#1747 = CARTESIAN_POINT ( 'NONE',  ( -0.9000000000000047962, 0.000000000000000000, -0.3749999999999945599 ) ) ;
#1748 = FACE_OUTER_BOUND ( 'NONE', #3077, .T. ) ;
#1749 =( NAMED_UNIT ( * ) SI_UNIT ( $, .STERADIAN. ) SOLID_ANGLE_UNIT ( ) );
#1750 = CARTESIAN_POINT ( 'NONE',  ( 0.6250000000000054401, 0.000000000000000000, 0.8749999999999927836 ) ) ;
#1751 = CARTESIAN_POINT ( 'NONE',  ( -2.618611004132356327E-15, 0.000000000000000000, -0.3750000000000008882 ) ) ;
#1752 = EDGE_CURVE ( 'NONE', #2905, #1057, #4030, .T. ) ;
#1753 = PLANE ( 'NONE',  #1739 ) ;
#1754 = ADVANCED_FACE ( 'NONE', ( #1716 ), #4305, .F. ) ;
#1755 = CARTESIAN_POINT ( 'NONE',  ( 0.8999999999999956923, 0.000000000000000000, -0.8750000000000061062 ) ) ;
#1756 = CARTESIAN_POINT ( 'NONE',  ( 6.982962677686269866E-15, 1.000000000000000000, 1.000000000000000444 ) ) ;
#1757 = ADVANCED_FACE ( 'NONE', ( #465 ), #4145, .F. ) ;
#1758 = ORIENTED_EDGE ( 'NONE', *, *, #2105, .T. ) ;
#1759 = CARTESIAN_POINT ( 'NONE',  ( -1.000000000000006883, 0.000000000000000000, -0.9999999999999926725 ) ) ;
#1760 = ORIENTED_EDGE ( 'NONE', *, *, #3385, .T. ) ;
#1761 = ORIENTED_EDGE ( 'NONE', *, *, #3887, .T. ) ;
#1762 = VERTEX_POINT ( 'NONE', #2066 ) ;
#1763 = LINE ( 'NONE', #2837, #202 ) ;
#1764 = CARTESIAN_POINT ( 'NONE',  ( -0.6249999999999997780, 0.1000000000000000056, 0.3750000000000027756 ) ) ;
#1765 = EDGE_LOOP ( 'NONE', ( #1672, #800, #1719, #3249 ) ) ;
#1766 = FACE_OUTER_BOUND ( 'NONE', #3644, .T. ) ;
#1767 = DIRECTION ( 'NONE',  ( 1.000000000000000000, 0.000000000000000000, -7.377218013135540620E-15 ) ) ;
#1768 = LINE ( 'NONE', #3046, #1110 ) ;
#1769 = AXIS2_PLACEMENT_3D ( 'NONE', #3037, #86, #513 ) ;
#1770 = LINE ( 'NONE', #1400, #2914 ) ;
#1771 = CARTESIAN_POINT ( 'NONE',  ( 0.6250000000000023315, 0.000000000000000000, 0.1249999999999939632 ) ) ;
#1772 = ADVANCED_FACE ( 'NONE', ( #3162 ), #2088, .T. ) ;
#1773 = EDGE_LOOP ( 'NONE', ( #3282, #3019, #1954, #1979 ) ) ;
#1774 = DIRECTION ( 'NONE',  ( 1.000000000000000000, 0.000000000000000000, 2.991697309180445080E-15 ) ) ;
#1775 = EDGE_CURVE ( 'NONE', #1365, #627, #3117, .T. ) ;
#1776 = ORIENTED_EDGE ( 'NONE', *, *, #600, .F. ) ;
#1777 = EDGE_CURVE ( 'NONE', #2284, #3707, #2794, .T. ) ;
#1778 =( GEOMETRIC_REPRESENTATION_CONTEXT ( 3 ) GLOBAL_UNCERTAINTY_ASSIGNED_CONTEXT ( ( #2975 ) ) GLOBAL_UNIT_ASSIGNED_CONTEXT ( ( #114, #158, #2104 ) ) REPRESENTATION_CONTEXT ( 'NONE', 'WORKASPACE' ) );
#1779 = EDGE_LOOP ( 'NONE', ( #4110, #456, #2350, #878 ) ) ;
#1780 = ORIENTED_EDGE ( 'NONE', *, *, #4168, .F. ) ;
#1781 = LINE ( 'NONE', #825, #338 ) ;
#1782 = CARTESIAN_POINT ( 'NONE',  ( -0.1250000000000049960, 0.000000000000000000, -0.6249999999999994449 ) ) ;
#1783 = EDGE_LOOP ( 'NONE', ( #302, #2325, #2964, #3439 ) ) ;
#1784 = EDGE_CURVE ( 'NONE', #823, #624, #815, .T. ) ;
#1785 = EDGE_LOOP ( 'NONE', ( #283, #575, #2372, #1274 ) ) ;
#1786 = LINE ( 'NONE', #3799, #2086 ) ;
#1787 = DIRECTION ( 'NONE',  ( 0.000000000000000000, 1.000000000000000000, 0.000000000000000000 ) ) ;
#1788 = LINE ( 'NONE', #2726, #536 ) ;
#1789 = VERTEX_POINT ( 'NONE', #2126 ) ;
#1790 =( NAMED_UNIT ( * ) SI_UNIT ( $, .STERADIAN. ) SOLID_ANGLE_UNIT ( ) );
#1791 = AXIS2_PLACEMENT_3D ( 'NONE', #1550, #3919, #573 ) ;
#1792 = CARTESIAN_POINT ( 'NONE',  ( 0.8999999999999991340, 0.1000000000000000056, -0.3750000000000069389 ) ) ;
#1793 = CIRCLE ( 'NONE', #1582, 0.1499999999999999667 ) ;
#1794 = LINE ( 'NONE', #1755, #1166 ) ;
#1795 = CARTESIAN_POINT ( 'NONE',  ( -0.9000000000000012434, 0.1000000000000000056, 0.1250000000000045242 ) ) ;
#1796 = ORIENTED_EDGE ( 'NONE', *, *, #3765, .T. ) ;
#1797 = CARTESIAN_POINT ( 'NONE',  ( 0.3749999999999935052, 0.1000000000000000056, -0.9000000000000029088 ) ) ;
#1798 = VECTOR ( 'NONE', #306, 1000.000000000000000 ) ;
#1799 = ORIENTED_EDGE ( 'NONE', *, *, #1775, .T. ) ;
#1800 = AXIS2_PLACEMENT_3D ( 'NONE', #3273, #3903, #2855 ) ;
#1801 = ORIENTED_EDGE ( 'NONE', *, *, #2705, .T. ) ;
#1802 = EDGE_CURVE ( 'NONE', #715, #638, #4086, .T. ) ;
#1803 = ORIENTED_EDGE ( 'NONE', *, *, #3387, .F. ) ;
#1804 = VECTOR ( 'NONE', #3339, 1000.000000000000000 ) ;
#1805 = PLANE ( 'NONE',  #824 ) ;
#1806 = VECTOR ( 'NONE', #3239, 1000.000000000000000 ) ;
#1807 = EDGE_LOOP ( 'NONE', ( #2097, #4260, #1233, #4195 ) ) ;
#1808 = LINE ( 'NONE', #2174, #2219 ) ;
#1809 = CARTESIAN_POINT ( 'NONE',  ( -0.6249999999999967804, 0.1000000000000000056, 0.8750000000000016653 ) ) ;
#1810 = PLANE ( 'NONE',  #2076 ) ;
#1811 = DIRECTION ( 'NONE',  ( -1.000000000000000000, -0.000000000000000000, 1.463387981396423302E-15 ) ) ;
#1812 = CARTESIAN_POINT ( 'NONE',  ( 0.8999999999999973577, 0.000000000000000000, -0.6250000000000064393 ) ) ;
#1813 = DIRECTION ( 'NONE',  ( 6.982962677686266711E-15, 0.000000000000000000, 1.000000000000000000 ) ) ;
#1814 = DIRECTION ( 'NONE',  ( 7.377218013135540620E-15, 0.000000000000000000, 1.000000000000000000 ) ) ;
#1815 = DIRECTION ( 'NONE',  ( 1.000000000000000000, -0.000000000000000000, -6.982962677686266711E-15 ) ) ;
#1816 = CARTESIAN_POINT ( 'NONE',  ( 0.8999999999999973577, 0.1000000000000000056, -0.6250000000000063283 ) ) ;
#1817 = ADVANCED_FACE ( 'NONE', ( #4106 ), #2393, .F. ) ;
#1818 = CARTESIAN_POINT ( 'NONE',  ( -0.9000000000000064615, 0.1000000000000000056, -0.6249999999999940048 ) ) ;
#1819 = EDGE_LOOP ( 'NONE', ( #43, #65, #448, #620 ) ) ;
#1820 = LINE ( 'NONE', #3416, #658 ) ;
#1821 = ORIENTED_EDGE ( 'NONE', *, *, #653, .F. ) ;
#1822 = ORIENTED_EDGE ( 'NONE', *, *, #2716, .F. ) ;
#1823 = ORIENTED_EDGE ( 'NONE', *, *, #660, .F. ) ;
#1824 = DIRECTION ( 'NONE',  ( -1.000000000000000000, 0.000000000000000000, 6.982962677686266711E-15 ) ) ;
#1825 = EDGE_CURVE ( 'NONE', #2883, #967, #1126, .T. ) ;
#1826 = ORIENTED_EDGE ( 'NONE', *, *, #2676, .F. ) ;
#1827 = EDGE_CURVE ( 'NONE', #1665, #4109, #1490, .T. ) ;
#1828 = LINE ( 'NONE', #2157, #2017 ) ;
#1829 = EDGE_CURVE ( 'NONE', #1682, #647, #3407, .T. ) ;
#1830 = EDGE_CURVE ( 'NONE', #1276, #4247, #3773, .T. ) ;
#1831 = DIRECTION ( 'NONE',  ( 0.000000000000000000, 1.000000000000000000, 0.000000000000000000 ) ) ;
#1832 = DIRECTION ( 'NONE',  ( 0.000000000000000000, 1.000000000000000000, 0.000000000000000000 ) ) ;
#1833 = EDGE_CURVE ( 'NONE', #1789, #2903, #3142, .T. ) ;
#1834 = LINE ( 'NONE', #3374, #1921 ) ;
#1835 = PLANE ( 'NONE',  #3419 ) ;
#1836 =( NAMED_UNIT ( * ) SI_UNIT ( $, .STERADIAN. ) SOLID_ANGLE_UNIT ( ) );
#1837 = DIRECTION ( 'NONE',  ( 6.621561953524431636E-15, -0.000000000000000000, 1.000000000000000000 ) ) ;
#1838 = LINE ( 'NONE', #876, #3388 ) ;
#1839 = EDGE_LOOP ( 'NONE', ( #315, #1454, #3078, #2574 ) ) ;
#1840 = PLANE ( 'NONE',  #2293 ) ;
#1841 = VECTOR ( 'NONE', #1280, 1000.000000000000000 ) ;
#1842 = VERTEX_POINT ( 'NONE', #2110 ) ;
#1843 = PLANE ( 'NONE',  #2759 ) ;
#1844 = ORIENTED_EDGE ( 'NONE', *, *, #4191, .T. ) ;
#1845 = ORIENTED_EDGE ( 'NONE', *, *, #1802, .T. ) ;
#1846 = VECTOR ( 'NONE', #1635, 1000.000000000000000 ) ;
#1847 = ORIENTED_EDGE ( 'NONE', *, *, #3202, .T. ) ;
#1848 = LINE ( 'NONE', #2493, #411 ) ;
#1849 = PLANE ( 'NONE',  #1390 ) ;
#1850 = ORIENTED_EDGE ( 'NONE', *, *, #3514, .F. ) ;
#1851 = LINE ( 'NONE', #2521, #1031 ) ;
#1852 = LINE ( 'NONE', #4221, #2786 ) ;
#1853 = LINE ( 'NONE', #2566, #1017 ) ;
#1854 = EDGE_CURVE ( 'NONE', #4196, #2220, #1738, .T. ) ;
#1855 = FACE_OUTER_BOUND ( 'NONE', #698, .T. ) ;
#1856 = ORIENTED_EDGE ( 'NONE', *, *, #3613, .T. ) ;
#1857 = FILL_AREA_STYLE ('',( #529 ) ) ;
#1858 = EDGE_CURVE ( 'NONE', #3690, #1036, #2465, .T. ) ;
#1859 = DIRECTION ( 'NONE',  ( -1.000000000000000000, 0.000000000000000000, 6.982962677686266711E-15 ) ) ;
#1860 = AXIS2_PLACEMENT_3D ( 'NONE', #616, #311, #1949 ) ;
#1861 = VERTEX_POINT ( 'NONE', #732 ) ;
#1862 = PLANE ( 'NONE',  #1522 ) ;
#1863 = AXIS2_PLACEMENT_3D ( 'NONE', #2213, #2919, #944 ) ;
#1864 = ORIENTED_EDGE ( 'NONE', *, *, #629, .F. ) ;
#1865 = EDGE_LOOP ( 'NONE', ( #193, #501, #2398, #2998 ) ) ;
#1866 = DIRECTION ( 'NONE',  ( 0.000000000000000000, 1.000000000000000000, 0.000000000000000000 ) ) ;
#1867 = LINE ( 'NONE', #3878, #2481 ) ;
#1868 = VECTOR ( 'NONE', #745, 1000.000000000000000 ) ;
#1869 = ORIENTED_EDGE ( 'NONE', *, *, #598, .T. ) ;
#1870 = VERTEX_POINT ( 'NONE', #4066 ) ;
#1871 = CIRCLE ( 'NONE', #614, 0.1499999999999999667 ) ;
#1872 = VECTOR ( 'NONE', #1361, 1000.000000000000000 ) ;
#1873 = VERTEX_POINT ( 'NONE', #4124 ) ;
#1874 = MECHANICAL_DESIGN_GEOMETRIC_PRESENTATION_REPRESENTATION (  '', ( #3489 ), #3973 ) ;
#1875 = DIRECTION ( 'NONE',  ( -0.000000000000000000, -1.000000000000000000, -0.000000000000000000 ) ) ;
#1876 = LINE ( 'NONE', #1544, #1939 ) ;
#1877 = CARTESIAN_POINT ( 'NONE',  ( 0.3749999999999957812, 0.1000000000000000056, -0.6250000000000028866 ) ) ;
#1878 = PLANE ( 'NONE',  #4302 ) ;
#1879 = CARTESIAN_POINT ( 'NONE',  ( 0.9000000000000041300, 0.1000000000000000056, 0.3749999999999918954 ) ) ;
#1880 = CARTESIAN_POINT ( 'NONE',  ( -0.2250000000000023925, 0.000000000000000000, -0.3249999999999982347 ) ) ;
#1881 = CARTESIAN_POINT ( 'NONE',  ( 0.3750000000000045519, 0.000000000000000000, 0.6249999999999977796 ) ) ;
#1882 = CARTESIAN_POINT ( 'NONE',  ( 0.1250000000000043021, 0.1000000000000000056, 0.6249999999999994449 ) ) ;
#1883 = EDGE_CURVE ( 'NONE', #3875, #341, #1145, .T. ) ;
#1884 = CARTESIAN_POINT ( 'NONE',  ( -1.000000000000006883, 1.000000000000000000, -0.9999999999999926725 ) ) ;
#1885 = EDGE_CURVE ( 'NONE', #1422, #818, #2749, .T. ) ;
#1886 = EDGE_CURVE ( 'NONE', #3322, #1328, #493, .T. ) ;
#1887 = ORIENTED_EDGE ( 'NONE', *, *, #1968, .F. ) ;
#1888 = DIRECTION ( 'NONE',  ( -1.000000000000000000, -0.000000000000000000, 7.377218013135540620E-15 ) ) ;
#1889 = ORIENTED_EDGE ( 'NONE', *, *, #1282, .T. ) ;
#1890 = EDGE_CURVE ( 'NONE', #497, #1762, #212, .T. ) ;
#1891 = CARTESIAN_POINT ( 'NONE',  ( -0.1250000000000068279, 0.000000000000000000, -0.8999999999999994671 ) ) ;
#1892 = LINE ( 'NONE', #908, #1074 ) ;
#1893 = ORIENTED_EDGE ( 'NONE', *, *, #1854, .F. ) ;
#1894 = EDGE_LOOP ( 'NONE', ( #3909, #3641, #1845, #4146 ) ) ;
#1895 = ORIENTED_EDGE ( 'NONE', *, *, #3514, .T. ) ;
#1896 = LINE ( 'NONE', #1978, #1313 ) ;
#1897 = LINE ( 'NONE', #3479, #2717 ) ;
#1898 = LINE ( 'NONE', #1484, #1662 ) ;
#1899 = DIRECTION ( 'NONE',  ( -6.982962677686266711E-15, 0.000000000000000000, -1.000000000000000000 ) ) ;
#1900 = PLANE ( 'NONE',  #4155 ) ;
#1901 = LINE ( 'NONE', #3159, #1177 ) ;
#1902 = CARTESIAN_POINT ( 'NONE',  ( 6.284666409917642406E-15, 0.000000000000000000, 0.9000000000000003553 ) ) ;
#1903 = ORIENTED_EDGE ( 'NONE', *, *, #2752, .F. ) ;
#1904 = EDGE_LOOP ( 'NONE', ( #514, #3750, #3098, #3236 ) ) ;
#1905 = LINE ( 'NONE', #3552, #3352 ) ;
#1906 = ORIENTED_EDGE ( 'NONE', *, *, #3486, .F. ) ;
#1907 = EDGE_CURVE ( 'NONE', #3102, #375, #1227, .T. ) ;
#1908 =( LENGTH_UNIT ( ) NAMED_UNIT ( * ) SI_UNIT ( .MILLI., .METRE. ) );
#1909 = FACE_OUTER_BOUND ( 'NONE', #2834, .T. ) ;
#1910 = VERTEX_POINT ( 'NONE', #3831 ) ;
#1911 = EDGE_CURVE ( 'NONE', #3259, #2515, #2254, .T. ) ;
#1912 = ADVANCED_FACE ( 'NONE', ( #1553 ), #3574, .T. ) ;
#1913 = ORIENTED_EDGE ( 'NONE', *, *, #714, .T. ) ;
#1914 = AXIS2_PLACEMENT_3D ( 'NONE', #4147, #3390, #414 ) ;
#1915 = ORIENTED_EDGE ( 'NONE', *, *, #2075, .F. ) ;
#1916 = VECTOR ( 'NONE', #3984, 1000.000000000000000 ) ;
#1917 = VERTEX_POINT ( 'NONE', #1513 ) ;
#1918 = LINE ( 'NONE', #1001, #544 ) ;
#1919 = CARTESIAN_POINT ( 'NONE',  ( 0.6250000000000023315, 0.000000000000000000, 0.1249999999999939632 ) ) ;
#1920 = DIRECTION ( 'NONE',  ( 6.982962677686266711E-15, -0.000000000000000000, 1.000000000000000000 ) ) ;
#1921 = VECTOR ( 'NONE', #988, 1000.000000000000000 ) ;
#1922 = LINE ( 'NONE', #3223, #3256 ) ;
#1923 = CARTESIAN_POINT ( 'NONE',  ( 0.9000000000000050182, 0.1000000000000000056, 0.8749999999999895639 ) ) ;
#1924 = SURFACE_STYLE_USAGE ( .BOTH. , #9 ) ;
#1925 = ADVANCED_FACE ( 'NONE', ( #2939 ), #4166, .F. ) ;
#1926 = FACE_OUTER_BOUND ( 'NONE', #4029, .T. ) ;
#1927 = ADVANCED_FACE ( 'NONE', ( #3923 ), #3851, .F. ) ;
#1928 = CARTESIAN_POINT ( 'NONE',  ( -0.3750000000000049960, 0.1000000000000000056, -0.6249999999999978906 ) ) ;
#1929 = AXIS2_PLACEMENT_3D ( 'NONE', #1338, #3298, #2022 ) ;
#1930 = VERTEX_POINT ( 'NONE', #2896 ) ;
#1931 = FACE_OUTER_BOUND ( 'NONE', #1644, .T. ) ;
#1932 = CARTESIAN_POINT ( 'NONE',  ( 0.000000000000000000, 0.1000000000000000056, 0.000000000000000000 ) ) ;
#1933 = AXIS2_PLACEMENT_3D ( 'NONE', #184, #2829, #2232 ) ;
#1934 = ORIENTED_EDGE ( 'NONE', *, *, #3118, .T. ) ;
#1935 = ORIENTED_EDGE ( 'NONE', *, *, #313, .T. ) ;
#1936 = VECTOR ( 'NONE', #1831, 1000.000000000000000 ) ;
#1937 = ADVANCED_FACE ( 'NONE', ( #1601 ), #924, .F. ) ;
#1938 = VERTEX_POINT ( 'NONE', #2506 ) ;
#1939 = VECTOR ( 'NONE', #2195, 1000.000000000000000 ) ;
#1940 = EDGE_LOOP ( 'NONE', ( #3033, #261, #1407, #3346 ) ) ;
#1941 = AXIS2_PLACEMENT_3D ( 'NONE', #1229, #1866, #2878 ) ;
#1942 = DIRECTION ( 'NONE',  ( -1.000000000000000000, 0.000000000000000000, 6.982962677686266711E-15 ) ) ;
#1943 = CARTESIAN_POINT ( 'NONE',  ( 0.6250000000000057732, 0.000000000000000000, 0.6249999999999931166 ) ) ;
#1944 = DIRECTION ( 'NONE',  ( -6.982962677686266711E-15, -0.000000000000000000, -1.000000000000000000 ) ) ;
#1945 = AXIS2_PLACEMENT_3D ( 'NONE', #511, #837, #275 ) ;
#1946 = LINE ( 'NONE', #2316, #595 ) ;
#1947 = CARTESIAN_POINT ( 'NONE',  ( 0.9000000000000050182, 0.000000000000000000, 0.8749999999999895639 ) ) ;
#1948 = AXIS2_PLACEMENT_3D ( 'NONE', #1881, #3198, #2525 ) ;
#1949 = DIRECTION ( 'NONE',  ( 1.000000000000000000, 0.000000000000000000, -6.982962677686266711E-15 ) ) ;
#1950 = FACE_BOUND ( 'NONE', #4047, .T. ) ;
#1951 = AXIS2_PLACEMENT_3D ( 'NONE', #3736, #2741, #3106 ) ;
#1952 = VERTEX_POINT ( 'NONE', #559 ) ;
#1953 = DIRECTION ( 'NONE',  ( -1.000000000000000000, 0.000000000000000000, 6.982962677686266711E-15 ) ) ;
#1954 = ORIENTED_EDGE ( 'NONE', *, *, #183, .T. ) ;
#1955 = DIRECTION ( 'NONE',  ( 0.7071067811865429098, 0.000000000000000000, -0.7071067811865522357 ) ) ;
#1956 = FACE_OUTER_BOUND ( 'NONE', #3751, .T. ) ;
#1957 = ORIENTED_EDGE ( 'NONE', *, *, #152, .T. ) ;
#1958 = EDGE_LOOP ( 'NONE', ( #3911, #2467, #2813, #3309 ) ) ;
#1959 = ORIENTED_EDGE ( 'NONE', *, *, #3652, .T. ) ;
#1960 = CARTESIAN_POINT ( 'NONE',  ( -0.3750000000000063838, 0.000000000000000000, -0.8999999999999978018 ) ) ;
#1961 = ADVANCED_FACE ( 'NONE', ( #905 ), #4234, .F. ) ;
#1962 = SURFACE_STYLE_FILL_AREA ( #4245 ) ;
#1963 = CARTESIAN_POINT ( 'NONE',  ( -4.364351673553919061E-15, 0.000000000000000000, -0.6250000000000003331 ) ) ;
#1964 = EDGE_CURVE ( 'NONE', #2512, #3690, #1905, .T. ) ;
#1965 = EDGE_LOOP ( 'NONE', ( #3793, #3626, #3980, #2186 ) ) ;
#1966 = FACE_OUTER_BOUND ( 'NONE', #1677, .T. ) ;
#1967 = CARTESIAN_POINT ( 'NONE',  ( -0.3749999999999959477, 0.1000000000000000056, 0.6250000000000029976 ) ) ;
#1968 = EDGE_CURVE ( 'NONE', #213, #2323, #3247, .T. ) ;
#1969 = ADVANCED_FACE ( 'NONE', ( #1207 ), #1840, .F. ) ;
#1970 = UNCERTAINTY_MEASURE_WITH_UNIT (LENGTH_MEASURE( 1.000000000000000082E-05 ), #3004, 'distance_accuracy_value', 'NONE');
#1971 = DIRECTION ( 'NONE',  ( 1.000000000000000000, -0.000000000000000000, -6.982962677686266711E-15 ) ) ;
#1972 = CARTESIAN_POINT ( 'NONE',  ( 0.000000000000000000, 1.000000000000000000, 0.000000000000000000 ) ) ;
#1973 = ORIENTED_EDGE ( 'NONE', *, *, #2075, .T. ) ;
#1974 = DIRECTION ( 'NONE',  ( 0.000000000000000000, 1.000000000000000000, 0.000000000000000000 ) ) ;
#1975 = CARTESIAN_POINT ( 'NONE',  ( -0.6250000000000067724, 0.000000000000000000, -0.6249999999999955591 ) ) ;
#1976 = DIRECTION ( 'NONE',  ( -0.000000000000000000, -1.000000000000000000, -0.000000000000000000 ) ) ;
#1977 = ORIENTED_EDGE ( 'NONE', *, *, #259, .F. ) ;
#1978 = CARTESIAN_POINT ( 'NONE',  ( 0.1250000000000041911, 0.1000000000000000056, 0.6249999999999994449 ) ) ;
#1979 = ORIENTED_EDGE ( 'NONE', *, *, #340, .F. ) ;
#1980 = ORIENTED_EDGE ( 'NONE', *, *, #1675, .F. ) ;
#1981 = CARTESIAN_POINT ( 'NONE',  ( -0.9000000000000047962, 0.1000000000000000056, -0.3749999999999945599 ) ) ;
#1982 = VECTOR ( 'NONE', #2245, 1000.000000000000000 ) ;
#1983 = CARTESIAN_POINT ( 'NONE',  ( -0.4900000000000034328, 0.9000000000000001332, -0.4899999999999962719 ) ) ;
#1984 = ORIENTED_EDGE ( 'NONE', *, *, #1560, .T. ) ;
#1985 = LINE ( 'NONE', #1963, #1841 ) ;
#1986 = VERTEX_POINT ( 'NONE', #2875 ) ;
#1987 = CARTESIAN_POINT ( 'NONE',  ( 0.000000000000000000, 0.000000000000000000, 0.000000000000000000 ) ) ;
#1988 = VECTOR ( 'NONE', #380, 1000.000000000000000 ) ;
#1989 = ADVANCED_FACE ( 'NONE', ( #2916 ), #3508, .F. ) ;
#1990 = DIRECTION ( 'NONE',  ( -6.982962677686266711E-15, 0.000000000000000000, -1.000000000000000000 ) ) ;
#1991 = FILL_AREA_STYLE_COLOUR ( '', #2514 ) ;
#1992 = VECTOR ( 'NONE', #2610, 1000.000000000000000 ) ;
#1993 = CARTESIAN_POINT ( 'NONE',  ( -1.000000000000006883, 1.000000000000000000, -0.9999999999999926725 ) ) ;
#1994 = CARTESIAN_POINT ( 'NONE',  ( -0.3749999999999938383, 0.1000000000000000056, 0.9000000000000030198 ) ) ;
#1995 = ADVANCED_FACE ( 'NONE', ( #3530 ), #1862, .T. ) ;
#1996 = EDGE_CURVE ( 'NONE', #1109, #1986, #2210, .T. ) ;
#1997 = AXIS2_PLACEMENT_3D ( 'NONE', #2036, #3290, #289 ) ;
#1998 = CARTESIAN_POINT ( 'NONE',  ( -2.618611004132355933E-15, 0.000000000000000000, -0.3750000000000008327 ) ) ;
#1999 = FACE_OUTER_BOUND ( 'NONE', #126, .T. ) ;
#2000 = FACE_OUTER_BOUND ( 'NONE', #2320, .T. ) ;
#2001 = ORIENTED_EDGE ( 'NONE', *, *, #2744, .T. ) ;
#2002 = VERTEX_POINT ( 'NONE', #3005 ) ;
#2003 = CARTESIAN_POINT ( 'NONE',  ( -0.9000000000000047962, 0.1000000000000000056, -0.3749999999999945599 ) ) ;
#2004 = ORIENTED_EDGE ( 'NONE', *, *, #214, .T. ) ;
#2005 = ORIENTED_EDGE ( 'NONE', *, *, #2255, .F. ) ;
#2006 = AXIS2_PLACEMENT_3D ( 'NONE', #875, #2848, #3547 ) ;
#2007 = ORIENTED_EDGE ( 'NONE', *, *, #949, .F. ) ;
#2008 = DIRECTION ( 'NONE',  ( 7.228014483236698330E-15, 0.000000000000000000, 1.000000000000000000 ) ) ;
#2009 = STYLED_ITEM ( 'NONE', ( #3925 ), #993 ) ;
#2010 = FACE_OUTER_BOUND ( 'NONE', #2918, .T. ) ;
#2011 = DIRECTION ( 'NONE',  ( 1.000000000000000000, 0.000000000000000000, -5.208813668164530963E-15 ) ) ;
#2012 = ORIENTED_EDGE ( 'NONE', *, *, #3728, .T. ) ;
#2013 = LINE ( 'NONE', #330, #870 ) ;
#2014 = AXIS2_PLACEMENT_3D ( 'NONE', #2740, #3375, #3105 ) ;
#2015 = CARTESIAN_POINT ( 'NONE',  ( -8.728703347107885650E-16, 0.000000000000000000, -0.1250000000000007494 ) ) ;
#2016 = VECTOR ( 'NONE', #1698, 1000.000000000000000 ) ;
#2017 = VECTOR ( 'NONE', #1875, 1000.000000000000000 ) ;
#2018 = CARTESIAN_POINT ( 'NONE',  ( -0.3749999999999962252, 0.1000000000000000056, 0.6250000000000029976 ) ) ;
#2019 = STYLED_ITEM ( 'NONE', ( #2703 ), #2405 ) ;
#2020 = LINE ( 'NONE', #1688, #3625 ) ;
#2021 = EDGE_CURVE ( 'NONE', #1116, #3772, #2667, .T. ) ;
#2022 = DIRECTION ( 'NONE',  ( 6.982962677686266711E-15, 0.000000000000000000, 1.000000000000000000 ) ) ;
#2023 = MECHANICAL_DESIGN_GEOMETRIC_PRESENTATION_REPRESENTATION (  '', ( #3908 ), #3430 ) ;
#2024 = DIRECTION ( 'NONE',  ( 6.982962677686266711E-15, 0.000000000000000000, 1.000000000000000000 ) ) ;
#2025 = EDGE_CURVE ( 'NONE', #473, #3816, #3297, .T. ) ;
#2026 = ORIENTED_EDGE ( 'NONE', *, *, #2827, .F. ) ;
#2027 = PLANE ( 'NONE',  #826 ) ;
#2028 = EDGE_CURVE ( 'NONE', #947, #3559, #3676, .T. ) ;
#2029 = EDGE_LOOP ( 'NONE', ( #4007, #716, #3092, #3852 ) ) ;
#2030 = EDGE_LOOP ( 'NONE', ( #4242, #123, #192, #2989 ) ) ;
#2031 = EDGE_LOOP ( 'NONE', ( #717, #2091, #1178, #2419 ) ) ;
#2032 = DIRECTION ( 'NONE',  ( 1.000000000000000000, 0.000000000000000000, -7.850324415674670258E-15 ) ) ;
#2033 = DIRECTION ( 'NONE',  ( -7.377218013135540620E-15, 0.000000000000000000, -1.000000000000000000 ) ) ;
#2034 = CARTESIAN_POINT ( 'NONE',  ( 0.8999999999999956923, 0.1000000000000000056, -0.8750000000000061062 ) ) ;
#2035 = VERTEX_POINT ( 'NONE', #683 ) ;
#2036 = CARTESIAN_POINT ( 'NONE',  ( 0.000000000000000000, 0.1000000000000000056, 0.000000000000000000 ) ) ;
#2037 = DIRECTION ( 'NONE',  ( -7.228014483236698330E-15, 0.000000000000000000, -1.000000000000000000 ) ) ;
#2038 = FILL_AREA_STYLE ('',( #395 ) ) ;
#2039 = LINE ( 'NONE', #74, #2207 ) ;
#2040 = DIRECTION ( 'NONE',  ( 0.000000000000000000, 1.000000000000000000, 0.000000000000000000 ) ) ;
#2041 = EDGE_LOOP ( 'NONE', ( #515, #4085, #3711, #2242 ) ) ;
#2042 = CARTESIAN_POINT ( 'NONE',  ( -0.1249999999999943101, 0.1000000000000000056, 0.9000000000000011324 ) ) ;
#2043 = ORIENTED_EDGE ( 'NONE', *, *, #1373, .F. ) ;
#2044 = CARTESIAN_POINT ( 'NONE',  ( -0.2250000000000023925, 0.1000000000000000056, -0.3249999999999982347 ) ) ;
#2045 = VERTEX_POINT ( 'NONE', #3316 ) ;
#2046 = EDGE_CURVE ( 'NONE', #3955, #3259, #3656, .T. ) ;
#2047 = ORIENTED_EDGE ( 'NONE', *, *, #4019, .T. ) ;
#2048 = EDGE_CURVE ( 'NONE', #240, #3538, #619, .T. ) ;
#2049 = CARTESIAN_POINT ( 'NONE',  ( -0.9000000000000047962, 0.000000000000000000, -0.3749999999999945599 ) ) ;
#2050 = FACE_OUTER_BOUND ( 'NONE', #3235, .T. ) ;
#2051 = PRODUCT ( 'KX134-1211', 'KX134-1211', '', ( #1479 ) ) ;
#2052 = VERTEX_POINT ( 'NONE', #4255 ) ;
#2053 = VECTOR ( 'NONE', #3770, 1000.000000000000000 ) ;
#2054 = LINE ( 'NONE', #3396, #1448 ) ;
#2055 = FACE_OUTER_BOUND ( 'NONE', #39, .T. ) ;
#2056 = DIRECTION ( 'NONE',  ( -1.000000000000000000, 0.000000000000000000, 6.982962677686266711E-15 ) ) ;
#2057 = PRESENTATION_LAYER_ASSIGNMENT (  '', '', ( #3942 ) ) ;
#2058 = ORIENTED_EDGE ( 'NONE', *, *, #4307, .T. ) ;
#2059 = CARTESIAN_POINT ( 'NONE',  ( -0.9000000000000030198, 0.1000000000000000056, -0.1249999999999947958 ) ) ;
#2060 = AXIS2_PLACEMENT_3D ( 'NONE', #848, #506, #1569 ) ;
#2061 = DIRECTION ( 'NONE',  ( -0.000000000000000000, -1.000000000000000000, -0.000000000000000000 ) ) ;
#2062 = CARTESIAN_POINT ( 'NONE',  ( -0.3750000000000033307, 0.000000000000000000, -0.4749999999999972577 ) ) ;
#2063 = ORIENTED_EDGE ( 'NONE', *, *, #1829, .F. ) ;
#2064 = EDGE_CURVE ( 'NONE', #781, #3015, #2708, .T. ) ;
#2065 = ORIENTED_EDGE ( 'NONE', *, *, #3699, .T. ) ;
#2066 = CARTESIAN_POINT ( 'NONE',  ( -0.3750000000000049405, 0.1000000000000000056, -0.6249999999999977796 ) ) ;
#2067 = EDGE_LOOP ( 'NONE', ( #323, #1651, #1850, #3551 ) ) ;
#2068 = ORIENTED_EDGE ( 'NONE', *, *, #1611, .F. ) ;
#2069 = CLOSED_SHELL ( 'NONE', ( #366, #1327, #2775, #1195, #689, #28 ) ) ;
#2070 = ORIENTED_EDGE ( 'NONE', *, *, #3152, .F. ) ;
#2071 = DIRECTION ( 'NONE',  ( 6.982962677686266711E-15, 0.000000000000000000, 1.000000000000000000 ) ) ;
#2072 = VECTOR ( 'NONE', #2181, 1000.000000000000000 ) ;
#2073 = SURFACE_STYLE_FILL_AREA ( #1347 ) ;
#2074 = FACE_OUTER_BOUND ( 'NONE', #2961, .T. ) ;
#2075 = EDGE_CURVE ( 'NONE', #2323, #1116, #2687, .T. ) ;
#2076 = AXIS2_PLACEMENT_3D ( 'NONE', #3155, #3562, #894 ) ;
#2077 = FACE_OUTER_BOUND ( 'NONE', #1414, .T. ) ;
#2078 = PRESENTATION_STYLE_ASSIGNMENT (( #1071 ) ) ;
#2079 = PLANE ( 'NONE',  #4087 ) ;
#2080 = VECTOR ( 'NONE', #2244, 1000.000000000000000 ) ;
#2081 = AXIS2_PLACEMENT_3D ( 'NONE', #3845, #2200, #1219 ) ;
#2082 = PLANE ( 'NONE',  #348 ) ;
#2083 = VECTOR ( 'NONE', #4150, 1000.000000000000000 ) ;
#2084 = FACE_OUTER_BOUND ( 'NONE', #432, .T. ) ;
#2085 = FACE_BOUND ( 'NONE', #1559, .T. ) ;
#2086 = VECTOR ( 'NONE', #3842, 1000.000000000000000 ) ;
#2087 = ORIENTED_EDGE ( 'NONE', *, *, #3515, .F. ) ;
#2088 = PLANE ( 'NONE',  #3065 ) ;
#2089 = AXIS2_PLACEMENT_3D ( 'NONE', #900, #2249, #1814 ) ;
#2090 = UNCERTAINTY_MEASURE_WITH_UNIT (LENGTH_MEASURE( 1.000000000000000082E-05 ), #1908, 'distance_accuracy_value', 'NONE');
#2091 = ORIENTED_EDGE ( 'NONE', *, *, #1373, .T. ) ;
#2092 = ORIENTED_EDGE ( 'NONE', *, *, #2704, .F. ) ;
#2093 = ORIENTED_EDGE ( 'NONE', *, *, #4222, .F. ) ;
#2094 = LINE ( 'NONE', #436, #2083 ) ;
#2095 = DIRECTION ( 'NONE',  ( 0.000000000000000000, 1.000000000000000000, 0.000000000000000000 ) ) ;
#2096 = CARTESIAN_POINT ( 'NONE',  ( 0.1249999999999939354, 0.000000000000000000, -0.9000000000000011324 ) ) ;
#2097 = ORIENTED_EDGE ( 'NONE', *, *, #865, .T. ) ;
#2098 = DIRECTION ( 'NONE',  ( 1.000000000000000000, 0.000000000000000000, -6.115600939697863952E-15 ) ) ;
#2099 = DIRECTION ( 'NONE',  ( 0.000000000000000000, 1.000000000000000000, 0.000000000000000000 ) ) ;
#2100 = PLANE ( 'NONE',  #1951 ) ;
#2101 = ADVANCED_FACE ( 'NONE', ( #361 ), #1292, .F. ) ;
#2102 = CARTESIAN_POINT ( 'NONE',  ( -6.982962677686265133E-15, 1.000000000000000000, -0.9999999999999997780 ) ) ;
#2103 = ORIENTED_EDGE ( 'NONE', *, *, #1777, .F. ) ;
#2104 =( NAMED_UNIT ( * ) SI_UNIT ( $, .STERADIAN. ) SOLID_ANGLE_UNIT ( ) );
#2105 = EDGE_CURVE ( 'NONE', #3772, #282, #337, .T. ) ;
#2106 = PLANE ( 'NONE',  #3764 ) ;
#2107 = EDGE_CURVE ( 'NONE', #3331, #2874, #1013, .T. ) ;
#2108 = DIRECTION ( 'NONE',  ( 0.000000000000000000, 1.000000000000000000, 0.000000000000000000 ) ) ;
#2109 = DIRECTION ( 'NONE',  ( 6.982962677686266711E-15, -0.000000000000000000, 1.000000000000000000 ) ) ;
#2110 = CARTESIAN_POINT ( 'NONE',  ( -0.6250000000000031086, 0.000000000000000000, -0.1249999999999963918 ) ) ;
#2111 = ORIENTED_EDGE ( 'NONE', *, *, #2971, .T. ) ;
#2112 = ORIENTED_EDGE ( 'NONE', *, *, #19, .F. ) ;
#2113 = ORIENTED_EDGE ( 'NONE', *, *, #1641, .F. ) ;
#2114 = DIRECTION ( 'NONE',  ( -8.165728684034090016E-15, 0.000000000000000000, -1.000000000000000000 ) ) ;
#2115 = ORIENTED_EDGE ( 'NONE', *, *, #1858, .T. ) ;
#2116 = DIRECTION ( 'NONE',  ( -6.115600939697863952E-15, 0.000000000000000000, -1.000000000000000000 ) ) ;
#2117 = CARTESIAN_POINT ( 'NONE',  ( -0.4900000000000034328, 1.000000000000000000, -0.4899999999999962719 ) ) ;
#2118 = CARTESIAN_POINT ( 'NONE',  ( -6.284666409917643195E-15, 0.000000000000000000, -0.9000000000000003553 ) ) ;
#2119 = DIRECTION ( 'NONE',  ( -1.000000000000000000, -0.000000000000000000, 7.377218013135540620E-15 ) ) ;
#2120 = VECTOR ( 'NONE', #3733, 1000.000000000000000 ) ;
#2121 = CARTESIAN_POINT ( 'NONE',  ( -0.9999999999999931166, 1.000000000000000000, 1.000000000000007327 ) ) ;
#2122 = EDGE_CURVE ( 'NONE', #2132, #885, #2979, .T. ) ;
#2123 = FACE_BOUND ( 'NONE', #1259, .T. ) ;
#2124 = VECTOR ( 'NONE', #4184, 1000.000000000000000 ) ;
#2125 = VERTEX_POINT ( 'NONE', #3025 ) ;
#2126 = CARTESIAN_POINT ( 'NONE',  ( 1.000000000000006883, 1.000000000000000000, 0.9999999999999935607 ) ) ;
#2127 = UNCERTAINTY_MEASURE_WITH_UNIT (LENGTH_MEASURE( 1.000000000000000082E-05 ), #2224, 'distance_accuracy_value', 'NONE');
#2128 = ORIENTED_EDGE ( 'NONE', *, *, #2107, .F. ) ;
#2129 = CIRCLE ( 'NONE', #2263, 0.1499999999999999667 ) ;
#2130 = EDGE_LOOP ( 'NONE', ( #470, #29, #1915, #1228 ) ) ;
#2131 = CARTESIAN_POINT ( 'NONE',  ( 0.9000000000000041300, 0.000000000000000000, 0.3749999999999918954 ) ) ;
#2132 = VERTEX_POINT ( 'NONE', #3985 ) ;
#2133 = DIRECTION ( 'NONE',  ( 0.000000000000000000, -1.000000000000000000, 0.000000000000000000 ) ) ;
#2134 = CARTESIAN_POINT ( 'NONE',  ( 0.9000000000000055733, 0.000000000000000000, 0.8749999999999895639 ) ) ;
#2135 = CARTESIAN_POINT ( 'NONE',  ( 0.6250000000000018874, 0.000000000000000000, -4.364351673553930105E-15 ) ) ;
#2136 = FILL_AREA_STYLE_COLOUR ( '', #386 ) ;
#2137 = VECTOR ( 'NONE', #2867, 1000.000000000000000 ) ;
#2138 = PLANE ( 'NONE',  #2504 ) ;
#2139 = LINE ( 'NONE', #2409, #415 ) ;
#2140 = AXIS2_PLACEMENT_3D ( 'NONE', #1943, #586, #3354 ) ;
#2141 = CARTESIAN_POINT ( 'NONE',  ( 0.9000000000000050182, 0.1000000000000000056, 0.8749999999999898970 ) ) ;
#2142 = LINE ( 'NONE', #3488, #726 ) ;
#2143 = STYLED_ITEM ( 'NONE', ( #111 ), #2456 ) ;
#2144 = CIRCLE ( 'NONE', #3823, 0.1499999999999999667 ) ;
#2145 = DIRECTION ( 'NONE',  ( 0.000000000000000000, 1.000000000000000000, 0.000000000000000000 ) ) ;
#2146 = EDGE_CURVE ( 'NONE', #3495, #1917, #2020, .T. ) ;
#2147 = ORIENTED_EDGE ( 'NONE', *, *, #3571, .T. ) ;
#2148 = ADVANCED_FACE ( 'NONE', ( #35 ), #942, .T. ) ;
#2149 = VECTOR ( 'NONE', #778, 1000.000000000000000 ) ;
#2150 = ORIENTED_EDGE ( 'NONE', *, *, #2386, .T. ) ;
#2151 = AXIS2_PLACEMENT_3D ( 'NONE', #1356, #2640, #4298 ) ;
#2152 = EDGE_CURVE ( 'NONE', #3493, #987, #1319, .T. ) ;
#2153 = EDGE_CURVE ( 'NONE', #3928, #1106, #3378, .T. ) ;
#2154 = CARTESIAN_POINT ( 'NONE',  ( -1.000000000000006883, 1.000000000000000000, -0.9999999999999926725 ) ) ;
#2155 = COLOUR_RGB ( '',0.9686274509803921573, 0.8784313725490195957, 0.5999999999999999778 ) ;
#2156 = ORIENTED_EDGE ( 'NONE', *, *, #3709, .T. ) ;
#2157 = CARTESIAN_POINT ( 'NONE',  ( -0.1250000000000050515, 0.000000000000000000, -0.6249999999999994449 ) ) ;
#2158 = FACE_OUTER_BOUND ( 'NONE', #2253, .T. ) ;
#2159 = CARTESIAN_POINT ( 'NONE',  ( 1.000000000000006883, 0.000000000000000000, 0.9999999999999935607 ) ) ;
#2160 = DIRECTION ( 'NONE',  ( 1.000000000000000000, -0.000000000000000000, -6.982962677686266711E-15 ) ) ;
#2161 = LINE ( 'NONE', #1201, #1082 ) ;
#2162 = CARTESIAN_POINT ( 'NONE',  ( 0.000000000000000000, 0.1000000000000000056, 0.000000000000000000 ) ) ;
#2163 = CARTESIAN_POINT ( 'NONE',  ( -0.1250000000000068279, 0.1000000000000000056, -0.8999999999999994671 ) ) ;
#2164 = CARTESIAN_POINT ( 'NONE',  ( 0.000000000000000000, 0.1000000000000000056, 0.000000000000000000 ) ) ;
#2165 = FACE_BOUND ( 'NONE', #4113, .T. ) ;
#2166 = DIRECTION ( 'NONE',  ( 6.982962677686266711E-15, 0.000000000000000000, 1.000000000000000000 ) ) ;
#2167 = ORIENTED_EDGE ( 'NONE', *, *, #1996, .F. ) ;
#2168 = LINE ( 'NONE', #1516, #1146 ) ;
#2169 = ORIENTED_EDGE ( 'NONE', *, *, #645, .F. ) ;
#2170 = ORIENTED_EDGE ( 'NONE', *, *, #313, .F. ) ;
#2171 = EDGE_LOOP ( 'NONE', ( #1235, #3581, #1696, #523 ) ) ;
#2172 = EDGE_CURVE ( 'NONE', #1536, #240, #381, .T. ) ;
#2173 = EDGE_CURVE ( 'NONE', #4283, #599, #972, .T. ) ;
#2174 = CARTESIAN_POINT ( 'NONE',  ( -4.364351673553919061E-15, 0.000000000000000000, -0.6250000000000003331 ) ) ;
#2175 = LINE ( 'NONE', #3500, #1585 ) ;
#2176 = ORIENTED_EDGE ( 'NONE', *, *, #2427, .F. ) ;
#2177 = LINE ( 'NONE', #524, #3129 ) ;
#2178 = LINE ( 'NONE', #4178, #2922 ) ;
#2179 = DIRECTION ( 'NONE',  ( -1.000000000000000000, -0.000000000000000000, 1.250253737397611564E-14 ) ) ;
#2180 = LINE ( 'NONE', #2870, #343 ) ;
#2181 = DIRECTION ( 'NONE',  ( 6.982962677686266711E-15, 0.000000000000000000, 1.000000000000000000 ) ) ;
#2182 = DIRECTION ( 'NONE',  ( -0.000000000000000000, -1.000000000000000000, -0.000000000000000000 ) ) ;
#2183 = ORIENTED_EDGE ( 'NONE', *, *, #3887, .F. ) ;
#2184 = DIRECTION ( 'NONE',  ( 1.000000000000000000, 0.000000000000000000, -4.380877463721056069E-15 ) ) ;
#2185 = VECTOR ( 'NONE', #4005, 1000.000000000000000 ) ;
#2186 = ORIENTED_EDGE ( 'NONE', *, *, #285, .T. ) ;
#2187 = CARTESIAN_POINT ( 'NONE',  ( -0.6250000000000081046, 0.000000000000000000, -0.8749999999999957812 ) ) ;
#2188 = CARTESIAN_POINT ( 'NONE',  ( 0.9000000000000007994, 0.1000000000000000056, -0.1250000000000072720 ) ) ;
#2189 = COLOUR_RGB ( '',0.9686274509803921573, 0.8784313725490195957, 0.5999999999999999778 ) ;
#2190 = VERTEX_POINT ( 'NONE', #994 ) ;
#2191 = ORIENTED_EDGE ( 'NONE', *, *, #3647, .F. ) ;
#2192 = ORIENTED_EDGE ( 'NONE', *, *, #3602, .F. ) ;
#2193 = FACE_OUTER_BOUND ( 'NONE', #1574, .T. ) ;
#2194 = EDGE_LOOP ( 'NONE', ( #1977, #4049, #3141, #2093 ) ) ;
#2195 = DIRECTION ( 'NONE',  ( -0.000000000000000000, -1.000000000000000000, -0.000000000000000000 ) ) ;
#2196 = EDGE_CURVE ( 'NONE', #3206, #2352, #2479, .T. ) ;
#2197 = EDGE_CURVE ( 'NONE', #41, #3928, #725, .T. ) ;
#2198 = ORIENTED_EDGE ( 'NONE', *, *, #2420, .T. ) ;
#2199 = CARTESIAN_POINT ( 'NONE',  ( -0.6250000000000046629, 0.000000000000000000, -0.3749999999999966138 ) ) ;
#2200 = DIRECTION ( 'NONE',  ( 0.000000000000000000, 1.000000000000000000, 0.000000000000000000 ) ) ;
#2201 = ADVANCED_FACE ( 'NONE', ( #3768 ), #2082, .T. ) ;
#2202 = LINE ( 'NONE', #1879, #1712 ) ;
#2203 = CARTESIAN_POINT ( 'NONE',  ( 0.000000000000000000, 0.000000000000000000, 0.000000000000000000 ) ) ;
#2204 = SURFACE_SIDE_STYLE ('',( #850 ) ) ;
#2205 = EDGE_CURVE ( 'NONE', #1106, #954, #775, .T. ) ;
#2206 = CARTESIAN_POINT ( 'NONE',  ( -2.618611004132356327E-15, 0.000000000000000000, -0.3750000000000008882 ) ) ;
#2207 = VECTOR ( 'NONE', #1094, 1000.000000000000000 ) ;
#2208 =( NAMED_UNIT ( * ) SI_UNIT ( $, .STERADIAN. ) SOLID_ANGLE_UNIT ( ) );
#2209 = VERTEX_POINT ( 'NONE', #1732 ) ;
#2210 = LINE ( 'NONE', #1998, #2658 ) ;
#2211 = COLOUR_RGB ( '',0.9686274509803921573, 0.8784313725490195957, 0.5999999999999999778 ) ;
#2212 = ORIENTED_EDGE ( 'NONE', *, *, #3786, .T. ) ;
#2213 = CARTESIAN_POINT ( 'NONE',  ( 0.1249999999999958505, 0.1000000000000000056, -0.6250000000000012212 ) ) ;
#2214 = DIRECTION ( 'NONE',  ( -6.115600939697863952E-15, 0.000000000000000000, -1.000000000000000000 ) ) ;
#2215 = VECTOR ( 'NONE', #1295, 1000.000000000000000 ) ;
#2216 = EDGE_LOOP ( 'NONE', ( #1260, #2536, #2993, #3631 ) ) ;
#2217 = ORIENTED_EDGE ( 'NONE', *, *, #3784, .T. ) ;
#2218 = VECTOR ( 'NONE', #372, 1000.000000000000000 ) ;
#2219 = VECTOR ( 'NONE', #1480, 1000.000000000000000 ) ;
#2220 = VERTEX_POINT ( 'NONE', #2435 ) ;
#2221 = VECTOR ( 'NONE', #2787, 1000.000000000000000 ) ;
#2222 = LINE ( 'NONE', #3153, #3901 ) ;
#2223 = VERTEX_POINT ( 'NONE', #2810 ) ;
#2224 =( LENGTH_UNIT ( ) NAMED_UNIT ( * ) SI_UNIT ( .MILLI., .METRE. ) );
#2225 = STYLED_ITEM ( 'NONE', ( #3763 ), #2440 ) ;
#2226 = CARTESIAN_POINT ( 'NONE',  ( 0.1250000000000002220, 0.000000000000000000, -8.728703347107849165E-16 ) ) ;
#2227 = PLANE ( 'NONE',  #893 ) ;
#2228 = DIRECTION ( 'NONE',  ( 0.000000000000000000, 1.000000000000000000, 0.000000000000000000 ) ) ;
#2229 = FACE_OUTER_BOUND ( 'NONE', #3680, .T. ) ;
#2230 = DIRECTION ( 'NONE',  ( -0.000000000000000000, -1.000000000000000000, -0.000000000000000000 ) ) ;
#2231 = EDGE_CURVE ( 'NONE', #2874, #2220, #4061, .T. ) ;
#2232 = DIRECTION ( 'NONE',  ( -1.000000000000000000, 0.000000000000000000, 8.362856351758727760E-15 ) ) ;
#2233 = ADVANCED_FACE ( 'NONE', ( #2388 ), #1753, .T. ) ;
#2234 = EDGE_CURVE ( 'NONE', #3856, #2732, #1768, .T. ) ;
#2235 = CARTESIAN_POINT ( 'NONE',  ( 0.1250000000000064948, 0.1000000000000000056, 0.8999999999999994671 ) ) ;
#2236 = ORIENTED_EDGE ( 'NONE', *, *, #99, .T. ) ;
#2237 = DIRECTION ( 'NONE',  ( -1.000000000000000000, 0.000000000000000000, 7.091382894934817154E-15 ) ) ;
#2238 = LINE ( 'NONE', #2257, #451 ) ;
#2239 = ORIENTED_EDGE ( 'NONE', *, *, #986, .T. ) ;
#2240 = EDGE_LOOP ( 'NONE', ( #840, #2113, #4054, #695 ) ) ;
#2241 = ORIENTED_EDGE ( 'NONE', *, *, #3387, .T. ) ;
#2242 = ORIENTED_EDGE ( 'NONE', *, *, #4069, .F. ) ;
#2243 = LINE ( 'NONE', #4262, #2862 ) ;
#2244 = DIRECTION ( 'NONE',  ( 0.000000000000000000, 1.000000000000000000, 0.000000000000000000 ) ) ;
#2245 = DIRECTION ( 'NONE',  ( -5.603069003613805661E-15, -0.000000000000000000, -1.000000000000000000 ) ) ;
#2246 = EDGE_CURVE ( 'NONE', #1068, #307, #3111, .T. ) ;
#2247 = DIRECTION ( 'NONE',  ( 1.000000000000000000, 0.000000000000000000, -8.362856351758727760E-15 ) ) ;
#2248 = DIRECTION ( 'NONE',  ( 6.194452006787718103E-15, 0.000000000000000000, 1.000000000000000000 ) ) ;
#2249 = DIRECTION ( 'NONE',  ( -1.000000000000000000, 0.000000000000000000, 7.377218013135540620E-15 ) ) ;
#2250 = FACE_OUTER_BOUND ( 'NONE', #4290, .T. ) ;
#2251 = EDGE_CURVE ( 'NONE', #3729, #1106, #2765, .T. ) ;
#2252 = LINE ( 'NONE', #1205, #2828 ) ;
#2253 = EDGE_LOOP ( 'NONE', ( #1190, #941, #4233, #3940 ) ) ;
#2254 = LINE ( 'NONE', #2575, #896 ) ;
#2255 = EDGE_CURVE ( 'NONE', #2488, #715, #1444, .T. ) ;
#2256 = ORIENTED_EDGE ( 'NONE', *, *, #1101, .F. ) ;
#2257 = CARTESIAN_POINT ( 'NONE',  ( 2.618611004132337000E-15, 0.000000000000000000, 0.3749999999999981681 ) ) ;
#2258 = AXIS2_PLACEMENT_3D ( 'NONE', #4084, #2462, #2412 ) ;
#2259 = ORIENTED_EDGE ( 'NONE', *, *, #3786, .F. ) ;
#2260 = ORIENTED_EDGE ( 'NONE', *, *, #2246, .F. ) ;
#2261 = VECTOR ( 'NONE', #1533, 1000.000000000000000 ) ;
#2262 = ORIENTED_EDGE ( 'NONE', *, *, #3723, .F. ) ;
#2263 = AXIS2_PLACEMENT_3D ( 'NONE', #4118, #1442, #397 ) ;
#2264 = CARTESIAN_POINT ( 'NONE',  ( -0.4900000000000034328, 0.9000000000000001332, -0.4899999999999962719 ) ) ;
#2265 = DIRECTION ( 'NONE',  ( -7.228014483236698330E-15, 0.000000000000000000, -1.000000000000000000 ) ) ;
#2266 = LINE ( 'NONE', #1089, #2960 ) ;
#2267 = VECTOR ( 'NONE', #1026, 1000.000000000000000 ) ;
#2268 = CARTESIAN_POINT ( 'NONE',  ( 0.1250000000000064948, 0.000000000000000000, 0.8999999999999994671 ) ) ;
#2269 = PLANE ( 'NONE',  #1236 ) ;
#2270 = SURFACE_STYLE_FILL_AREA ( #1311 ) ;
#2271 = DIRECTION ( 'NONE',  ( -8.757111687208001669E-15, 0.000000000000000000, -1.000000000000000000 ) ) ;
#2272 = CARTESIAN_POINT ( 'NONE',  ( 0.9000000000000050182, 0.1000000000000000056, 0.8749999999999895639 ) ) ;
#2273 = ORIENTED_EDGE ( 'NONE', *, *, #642, .T. ) ;
#2274 = CARTESIAN_POINT ( 'NONE',  ( -0.1250000000000068279, 0.000000000000000000, -0.8999999999999994671 ) ) ;
#2275 = CARTESIAN_POINT ( 'NONE',  ( 0.8999999999999973577, 0.1000000000000000056, -0.6250000000000064393 ) ) ;
#2276 = CARTESIAN_POINT ( 'NONE',  ( -0.6250000000000013323, 0.1000000000000000056, 0.1250000000000025258 ) ) ;
#2277 = DIRECTION ( 'NONE',  ( 0.000000000000000000, 1.000000000000000000, 0.000000000000000000 ) ) ;
#2278 = VECTOR ( 'NONE', #4082, 1000.000000000000000 ) ;
#2279 = ADVANCED_FACE ( 'NONE', ( #3739 ), #424, .F. ) ;
#2280 = EDGE_LOOP ( 'NONE', ( #1973, #198, #104, #1409 ) ) ;
#2281 = ADVANCED_FACE ( 'NONE', ( #2728 ), #2106, .F. ) ;
#2282 = EDGE_LOOP ( 'NONE', ( #1232, #2466, #3189, #517 ) ) ;
#2283 = AXIS2_PLACEMENT_3D ( 'NONE', #413, #2033, #1411 ) ;
#2284 = VERTEX_POINT ( 'NONE', #461 ) ;
#2285 = ADVANCED_FACE ( 'NONE', ( #4043 ), #1140, .F. ) ;
#2286 = AXIS2_PLACEMENT_3D ( 'NONE', #2264, #3605, #2008 ) ;
#2287 = ORIENTED_EDGE ( 'NONE', *, *, #2311, .F. ) ;
#2288 = EDGE_CURVE ( 'NONE', #3991, #2329, #2139, .T. ) ;
#2289 = VECTOR ( 'NONE', #1660, 1000.000000000000000 ) ;
#2290 = CARTESIAN_POINT ( 'NONE',  ( 0.9000000000000057954, 0.1000000000000000056, 0.6249999999999913403 ) ) ;
#2291 = CARTESIAN_POINT ( 'NONE',  ( -0.8999999999999979128, 0.1000000000000000056, 0.6250000000000036637 ) ) ;
#2292 = CARTESIAN_POINT ( 'NONE',  ( -0.8999999999999995781, 0.1000000000000000056, 0.3750000000000042188 ) ) ;
#2293 = AXIS2_PLACEMENT_3D ( 'NONE', #1575, #3229, #2548 ) ;
#2294 = ORIENTED_EDGE ( 'NONE', *, *, #3150, .T. ) ;
#2295 = DIRECTION ( 'NONE',  ( 0.000000000000000000, 1.000000000000000000, 0.000000000000000000 ) ) ;
#2296 = DIRECTION ( 'NONE',  ( -0.000000000000000000, -1.000000000000000000, -0.000000000000000000 ) ) ;
#2297 =( NAMED_UNIT ( * ) SI_UNIT ( $, .STERADIAN. ) SOLID_ANGLE_UNIT ( ) );
#2298 = VECTOR ( 'NONE', #1271, 1000.000000000000000 ) ;
#2299 = CARTESIAN_POINT ( 'NONE',  ( -0.6249999999999996669, 0.000000000000000000, 0.3750000000000027756 ) ) ;
#2300 = CARTESIAN_POINT ( 'NONE',  ( -0.6249999999999977796, 0.1000000000000000056, 0.6250000000000016653 ) ) ;
#2301 = VECTOR ( 'NONE', #3154, 1000.000000000000000 ) ;
#2302 = VERTEX_POINT ( 'NONE', #2059 ) ;
#2303 = DIRECTION ( 'NONE',  ( 0.000000000000000000, 1.000000000000000000, 0.000000000000000000 ) ) ;
#2304 = ORIENTED_EDGE ( 'NONE', *, *, #2064, .F. ) ;
#2305 = CARTESIAN_POINT ( 'NONE',  ( 0.000000000000000000, 0.1000000000000000056, 0.000000000000000000 ) ) ;
#2306 = ORIENTED_EDGE ( 'NONE', *, *, #3014, .F. ) ;
#2307 = LINE ( 'NONE', #365, #207 ) ;
#2308 = ORIENTED_EDGE ( 'NONE', *, *, #860, .T. ) ;
#2309 = EDGE_LOOP ( 'NONE', ( #1906, #3575, #1133, #1776 ) ) ;
#2310 = CARTESIAN_POINT ( 'NONE',  ( -0.6250000000000067724, 0.1000000000000000056, -0.6249999999999955591 ) ) ;
#2311 = EDGE_CURVE ( 'NONE', #3604, #390, #57, .T. ) ;
#2312 = DIRECTION ( 'NONE',  ( -6.621561953524431636E-15, 0.000000000000000000, -1.000000000000000000 ) ) ;
#2313 = CARTESIAN_POINT ( 'NONE',  ( -0.6250000000000047740, 0.1000000000000000056, -0.3749999999999966138 ) ) ;
#2314 = ADVANCED_FACE ( 'NONE', ( #3720 ), #1399, .T. ) ;
#2315 = VERTEX_POINT ( 'NONE', #3869 ) ;
#2316 = CARTESIAN_POINT ( 'NONE',  ( -0.9000000000000030198, 0.000000000000000000, -0.1249999999999949069 ) ) ;
#2317 = CARTESIAN_POINT ( 'NONE',  ( -0.4900000000000045430, 1.000000000000000000, -0.6399999999999962386 ) ) ;
#2318 = DIRECTION ( 'NONE',  ( 6.982962677686266711E-15, 0.000000000000000000, 1.000000000000000000 ) ) ;
#2319 = CARTESIAN_POINT ( 'NONE',  ( -0.6250000000000031086, 0.000000000000000000, -0.1249999999999963918 ) ) ;
#2320 = EDGE_LOOP ( 'NONE', ( #3383, #1758, #322, #1275 ) ) ;
#2321 = LINE ( 'NONE', #681, #2336 ) ;
#2322 = DIRECTION ( 'NONE',  ( -1.000000000000000000, -0.000000000000000000, 8.362856351758727760E-15 ) ) ;
#2323 = VERTEX_POINT ( 'NONE', #1223 ) ;
#2324 = DIRECTION ( 'NONE',  ( 0.000000000000000000, 1.000000000000000000, 0.000000000000000000 ) ) ;
#2325 = ORIENTED_EDGE ( 'NONE', *, *, #4136, .F. ) ;
#2326 = DIRECTION ( 'NONE',  ( 1.000000000000000000, -0.000000000000000000, -7.377218013135540620E-15 ) ) ;
#2327 = ADVANCED_FACE ( 'NONE', ( #4181 ), #2544, .F. ) ;
#2328 = ORIENTED_EDGE ( 'NONE', *, *, #2337, .F. ) ;
#2329 = VERTEX_POINT ( 'NONE', #206 ) ;
#2330 = DIRECTION ( 'NONE',  ( 1.000000000000000000, -0.000000000000000000, -6.982962677686266711E-15 ) ) ;
#2331 = ADVANCED_FACE ( 'NONE', ( #3505 ), #1549, .F. ) ;
#2332 = VECTOR ( 'NONE', #2879, 1000.000000000000000 ) ;
#2333 = CARTESIAN_POINT ( 'NONE',  ( 0.9000000000000050182, 0.000000000000000000, 0.8749999999999895639 ) ) ;
#2334 = ORIENTED_EDGE ( 'NONE', *, *, #1189, .T. ) ;
#2335 = CARTESIAN_POINT ( 'NONE',  ( 0.1250000000000064948, 0.000000000000000000, 0.8999999999999994671 ) ) ;
#2336 = VECTOR ( 'NONE', #3960, 1000.000000000000000 ) ;
#2337 = EDGE_CURVE ( 'NONE', #2209, #1365, #1901, .T. ) ;
#2338 = PLANE ( 'NONE',  #127 ) ;
#2339 = EDGE_CURVE ( 'NONE', #1364, #498, #1571, .T. ) ;
#2340 = EDGE_CURVE ( 'NONE', #2125, #4053, #3588, .T. ) ;
#2341 = DIRECTION ( 'NONE',  ( -6.982962677686266711E-15, 0.000000000000000000, -1.000000000000000000 ) ) ;
#2342 = LINE ( 'NONE', #1137, #1220 ) ;
#2343 = EDGE_CURVE ( 'NONE', #1678, #4127, #3225, .T. ) ;
#2344 = CARTESIAN_POINT ( 'NONE',  ( 0.3749999999999957812, 0.1000000000000000056, -0.6250000000000028866 ) ) ;
#2345 = VERTEX_POINT ( 'NONE', #4138 ) ;
#2346 = DIRECTION ( 'NONE',  ( 1.000000000000000000, -0.000000000000000000, -7.377218013135540620E-15 ) ) ;
#2347 = EDGE_LOOP ( 'NONE', ( #81, #1760, #3794 ) ) ;
#2348 = CARTESIAN_POINT ( 'NONE',  ( -0.9000000000000082379, 0.1000000000000000056, -0.8749999999999937828 ) ) ;
#2349 = VECTOR ( 'NONE', #3639, 1000.000000000000000 ) ;
#2350 = ORIENTED_EDGE ( 'NONE', *, *, #1727, .T. ) ;
#2351 = VECTOR ( 'NONE', #787, 1000.000000000000000 ) ;
#2352 = VERTEX_POINT ( 'NONE', #2500 ) ;
#2353 = CARTESIAN_POINT ( 'NONE',  ( -0.1249999999999963224, 0.1000000000000000056, 0.6250000000000012212 ) ) ;
#2354 = AXIS2_PLACEMENT_3D ( 'NONE', #984, #1567, #3953 ) ;
#2355 = EDGE_LOOP ( 'NONE', ( #842, #646, #1708, #4209 ) ) ;
#2356 = DIRECTION ( 'NONE',  ( 1.000000000000000000, 0.000000000000000000, -6.391579674512355058E-15 ) ) ;
#2357 = ORIENTED_EDGE ( 'NONE', *, *, #2698, .F. ) ;
#2358 = LINE ( 'NONE', #1683, #3045 ) ;
#2359 = VECTOR ( 'NONE', #2360, 1000.000000000000000 ) ;
#2360 = DIRECTION ( 'NONE',  ( 0.000000000000000000, 1.000000000000000000, 0.000000000000000000 ) ) ;
#2361 = VECTOR ( 'NONE', #983, 1000.000000000000000 ) ;
#2362 = VECTOR ( 'NONE', #2322, 1000.000000000000000 ) ;
#2363 = CARTESIAN_POINT ( 'NONE',  ( -0.2250000000000033917, 0.1000000000000000056, -0.4749999999999982014 ) ) ;
#2364 = VERTEX_POINT ( 'NONE', #4205 ) ;
#2365 = PRESENTATION_STYLE_ASSIGNMENT (( #1032 ) ) ;
#2366 = EDGE_CURVE ( 'NONE', #3301, #1623, #1530, .T. ) ;
#2367 = VECTOR ( 'NONE', #316, 1000.000000000000000 ) ;
#2368 = DIRECTION ( 'NONE',  ( 0.000000000000000000, 1.000000000000000000, 0.000000000000000000 ) ) ;
#2369 = PLANE ( 'NONE',  #1163 ) ;
#2370 = EDGE_CURVE ( 'NONE', #2190, #805, #2569, .T. ) ;
#2371 = LINE ( 'NONE', #1714, #4269 ) ;
#2372 = ORIENTED_EDGE ( 'NONE', *, *, #1477, .F. ) ;
#2373 = ADVANCED_FACE ( 'NONE', ( #3895 ), #873, .F. ) ;
#2374 = ORIENTED_EDGE ( 'NONE', *, *, #1858, .F. ) ;
#2375 = DIRECTION ( 'NONE',  ( 1.000000000000000000, -0.000000000000000000, -6.982962677686266711E-15 ) ) ;
#2376 = EDGE_LOOP ( 'NONE', ( #1212, #3008, #3168, #651 ) ) ;
#2377 = MANIFOLD_SOLID_BREP ( 'Boss-Extrude2[2]', #3952 ) ;
#2378 = ORIENTED_EDGE ( 'NONE', *, *, #772, .T. ) ;
#2379 = CARTESIAN_POINT ( 'NONE',  ( -0.4900000000000034328, 1.000000000000000000, -0.4899999999999962719 ) ) ;
#2380 = ORIENTED_EDGE ( 'NONE', *, *, #1429, .F. ) ;
#2381 = DIRECTION ( 'NONE',  ( -6.982962677686266711E-15, 0.000000000000000000, -1.000000000000000000 ) ) ;
#2382 = ORIENTED_EDGE ( 'NONE', *, *, #1401, .T. ) ;
#2383 = FILL_AREA_STYLE ('',( #2452 ) ) ;
#2384 = CARTESIAN_POINT ( 'NONE',  ( 0.8999999999999991340, 0.1000000000000000056, -0.3750000000000069944 ) ) ;
#2385 = CARTESIAN_POINT ( 'NONE',  ( -0.6250000000000046629, 0.1000000000000000056, -0.3749999999999966138 ) ) ;
#2386 = EDGE_CURVE ( 'NONE', #624, #3275, #161, .T. ) ;
#2387 = DIRECTION ( 'NONE',  ( -0.000000000000000000, -1.000000000000000000, -0.000000000000000000 ) ) ;
#2388 = FACE_OUTER_BOUND ( 'NONE', #1965, .T. ) ;
#2389 = DIRECTION ( 'NONE',  ( 0.000000000000000000, 1.000000000000000000, 0.000000000000000000 ) ) ;
#2390 = DIRECTION ( 'NONE',  ( 0.000000000000000000, -1.000000000000000000, 0.000000000000000000 ) ) ;
#2391 = MANIFOLD_SOLID_BREP ( 'Boss-Extrude2[8]', #117 ) ;
#2392 = ORIENTED_EDGE ( 'NONE', *, *, #1214, .F. ) ;
#2393 = PLANE ( 'NONE',  #690 ) ;
#2394 = ADVANCED_FACE ( 'NONE', ( #2635 ), #4161, .F. ) ;
#2395 = ORIENTED_EDGE ( 'NONE', *, *, #2343, .T. ) ;
#2396 = ORIENTED_EDGE ( 'NONE', *, *, #1996, .T. ) ;
#2397 = ORIENTED_EDGE ( 'NONE', *, *, #3858, .F. ) ;
#2398 = ORIENTED_EDGE ( 'NONE', *, *, #2616, .F. ) ;
#2399 = PRESENTATION_STYLE_ASSIGNMENT (( #739 ) ) ;
#2400 = FACE_OUTER_BOUND ( 'NONE', #3097, .T. ) ;
#2401 = ORIENTED_EDGE ( 'NONE', *, *, #3576, .F. ) ;
#2402 = DIRECTION ( 'NONE',  ( 7.377218013135540620E-15, 0.000000000000000000, 1.000000000000000000 ) ) ;
#2403 = VECTOR ( 'NONE', #1037, 1000.000000000000000 ) ;
#2404 = PLANE ( 'NONE',  #615 ) ;
#2405 = MANIFOLD_SOLID_BREP ( 'Boss-Extrude2[3]', #2567 ) ;
#2406 = DIRECTION ( 'NONE',  ( 1.000000000000000000, -0.000000000000000000, -6.982962677686266711E-15 ) ) ;
#2407 = STYLED_ITEM ( 'NONE', ( #902 ), #3775 ) ;
#2408 = DIRECTION ( 'NONE',  ( -1.000000000000000000, 0.000000000000000000, 6.391579674512355058E-15 ) ) ;
#2409 = CARTESIAN_POINT ( 'NONE',  ( -0.1250000000000050515, 0.1000000000000000056, -0.6249999999999994449 ) ) ;
#2410 = VECTOR ( 'NONE', #2785, 1000.000000000000000 ) ;
#2411 = PLANE ( 'NONE',  #3191 ) ;
#2412 = DIRECTION ( 'NONE',  ( 5.248239201709448572E-15, 0.000000000000000000, 1.000000000000000000 ) ) ;
#2413 = MANIFOLD_SOLID_BREP ( 'Boss-Extrude2[12]', #3266 ) ;
#2414 = COLOUR_RGB ( '',0.9686274509803921573, 0.8784313725490195957, 0.5999999999999999778 ) ;
#2415 = VERTEX_POINT ( 'NONE', #358 ) ;
#2416 = DIRECTION ( 'NONE',  ( 2.991697309180445080E-15, 0.000000000000000000, -1.000000000000000000 ) ) ;
#2417 = ORIENTED_EDGE ( 'NONE', *, *, #3196, .T. ) ;
#2418 = ADVANCED_FACE ( 'NONE', ( #3672 ), #3334, .T. ) ;
#2419 = ORIENTED_EDGE ( 'NONE', *, *, #3123, .T. ) ;
#2420 = EDGE_CURVE ( 'NONE', #2963, #3303, #1352, .T. ) ;
#2421 = CARTESIAN_POINT ( 'NONE',  ( 6.284666409917642406E-15, 0.000000000000000000, 0.9000000000000003553 ) ) ;
#2422 = VECTOR ( 'NONE', #33, 1000.000000000000000 ) ;
#2423 = DIRECTION ( 'NONE',  ( 6.982962677686266711E-15, -0.000000000000000000, 1.000000000000000000 ) ) ;
#2424 = DIRECTION ( 'NONE',  ( -1.000000000000000000, 0.000000000000000000, 6.982962677686266711E-15 ) ) ;
#2425 = ADVANCED_FACE ( 'NONE', ( #459 ), #1093, .T. ) ;
#2426 = CARTESIAN_POINT ( 'NONE',  ( 0.6250000000000009992, 0.1000000000000000056, -0.1250000000000049682 ) ) ;
#2427 = EDGE_CURVE ( 'NONE', #823, #3011, #3131, .T. ) ;
#2428 = AXIS2_PLACEMENT_3D ( 'NONE', #2379, #1745, #4014 ) ;
#2429 = LINE ( 'NONE', #785, #3061 ) ;
#2430 =( LENGTH_UNIT ( ) NAMED_UNIT ( * ) SI_UNIT ( .MILLI., .METRE. ) );
#2431 = DIRECTION ( 'NONE',  ( -6.115600939697863952E-15, -0.000000000000000000, -1.000000000000000000 ) ) ;
#2432 = VECTOR ( 'NONE', #298, 1000.000000000000000 ) ;
#2433 =( NAMED_UNIT ( * ) PLANE_ANGLE_UNIT ( ) SI_UNIT ( $, .RADIAN. ) );
#2434 = VECTOR ( 'NONE', #1158, 1000.000000000000000 ) ;
#2435 = CARTESIAN_POINT ( 'NONE',  ( 0.1250000000000064948, 0.1000000000000000056, 0.8999999999999994671 ) ) ;
#2436 = VECTOR ( 'NONE', #1471, 1000.000000000000000 ) ;
#2437 = DIRECTION ( 'NONE',  ( -6.982962677686266711E-15, -0.000000000000000000, -1.000000000000000000 ) ) ;
#2438 = LINE ( 'NONE', #795, #2053 ) ;
#2439 = EDGE_LOOP ( 'NONE', ( #24, #2043, #4128, #802 ) ) ;
#2440 = MANIFOLD_SOLID_BREP ( 'Boss-Extrude2[7]', #2069 ) ;
#2441 = AXIS2_PLACEMENT_3D ( 'NONE', #1643, #2368, #708 ) ;
#2442 = DIRECTION ( 'NONE',  ( 6.982962677686266711E-15, -0.000000000000000000, 1.000000000000000000 ) ) ;
#2443 = VECTOR ( 'NONE', #222, 1000.000000000000000 ) ;
#2444 = UNCERTAINTY_MEASURE_WITH_UNIT (LENGTH_MEASURE( 1.000000000000000082E-05 ), #2430, 'distance_accuracy_value', 'NONE');
#2445 = ORIENTED_EDGE ( 'NONE', *, *, #2616, .T. ) ;
#2446 = ADVANCED_FACE ( 'NONE', ( #786 ), #2100, .T. ) ;
#2447 = EDGE_LOOP ( 'NONE', ( #147, #3622, #3133 ) ) ;
#2448 = EDGE_LOOP ( 'NONE', ( #3789, #2492, #2748, #1801 ) ) ;
#2449 = PLANE ( 'NONE',  #1035 ) ;
#2450 = ORIENTED_EDGE ( 'NONE', *, *, #3709, .F. ) ;
#2451 = ORIENTED_EDGE ( 'NONE', *, *, #3090, .F. ) ;
#2452 = FILL_AREA_STYLE_COLOUR ( '', #2414 ) ;
#2453 = CARTESIAN_POINT ( 'NONE',  ( 0.000000000000000000, 0.000000000000000000, 0.000000000000000000 ) ) ;
#2454 = CARTESIAN_POINT ( 'NONE',  ( -0.8999999999999978018, 0.000000000000000000, 0.6250000000000036637 ) ) ;
#2455 = EDGE_CURVE ( 'NONE', #2223, #120, #378, .T. ) ;
#2456 = MANIFOLD_SOLID_BREP ( 'Boss-Extrude2[5]', #188 ) ;
#2457 = EDGE_CURVE ( 'NONE', #583, #3856, #2724, .T. ) ;
#2458 = LINE ( 'NONE', #396, #749 ) ;
#2459 =( LENGTH_UNIT ( ) NAMED_UNIT ( * ) SI_UNIT ( .MILLI., .METRE. ) );
#2460 = DIRECTION ( 'NONE',  ( 5.208813668164530963E-15, 0.000000000000000000, 1.000000000000000000 ) ) ;
#2461 = DIRECTION ( 'NONE',  ( 8.362856351758727760E-15, 0.000000000000000000, 1.000000000000000000 ) ) ;
#2462 = DIRECTION ( 'NONE',  ( -1.000000000000000000, 0.000000000000000000, 5.248239201709448572E-15 ) ) ;
#2463 = MANIFOLD_SOLID_BREP ( 'Boss-Extrude3', #880 ) ;
#2464 = ORIENTED_EDGE ( 'NONE', *, *, #4276, .T. ) ;
#2465 = LINE ( 'NONE', #798, #133 ) ;
#2466 = ORIENTED_EDGE ( 'NONE', *, *, #3391, .F. ) ;
#2467 = ORIENTED_EDGE ( 'NONE', *, *, #4023, .F. ) ;
#2468 = ORIENTED_EDGE ( 'NONE', *, *, #2583, .T. ) ;
#2469 = LINE ( 'NONE', #3081, #2655 ) ;
#2470 = DIRECTION ( 'NONE',  ( 0.000000000000000000, 1.000000000000000000, 0.000000000000000000 ) ) ;
#2471 = PLANE ( 'NONE',  #2631 ) ;
#2472 = CARTESIAN_POINT ( 'NONE',  ( 0.1250000000000041911, 0.1000000000000000056, 0.6249999999999994449 ) ) ;
#2473 = DIRECTION ( 'NONE',  ( -1.000000000000000000, 0.000000000000000000, 6.982962677686266711E-15 ) ) ;
#2474 = DIRECTION ( 'NONE',  ( -6.982962677686266711E-15, 0.000000000000000000, -1.000000000000000000 ) ) ;
#2475 = DIRECTION ( 'NONE',  ( 1.000000000000000000, -0.000000000000000000, -6.982962677686266711E-15 ) ) ;
#2476 = AXIS2_PLACEMENT_3D ( 'NONE', #580, #597, #3926 ) ;
#2477 = ADVANCED_FACE ( 'NONE', ( #2055 ), #2539, .F. ) ;
#2478 = DIRECTION ( 'NONE',  ( 0.000000000000000000, -1.000000000000000000, 0.000000000000000000 ) ) ;
#2479 = LINE ( 'NONE', #3804, #1524 ) ;
#2480 = EDGE_CURVE ( 'NONE', #4052, #2209, #521, .T. ) ;
#2481 = VECTOR ( 'NONE', #883, 1000.000000000000000 ) ;
#2482 = CARTESIAN_POINT ( 'NONE',  ( -0.9000000000000047962, 0.1000000000000000056, -0.3749999999999945599 ) ) ;
#2483 = CARTESIAN_POINT ( 'NONE',  ( -0.4900000000000045430, 1.000000000000000000, -0.6399999999999962386 ) ) ;
#2484 = EDGE_CURVE ( 'NONE', #3496, #1626, #2175, .T. ) ;
#2485 = VECTOR ( 'NONE', #3655, 1000.000000000000000 ) ;
#2486 = DIRECTION ( 'NONE',  ( 6.982962677686266711E-15, 0.000000000000000000, 1.000000000000000000 ) ) ;
#2487 = EDGE_LOOP ( 'NONE', ( #2308, #2396, #4016, #718 ) ) ;
#2488 = VERTEX_POINT ( 'NONE', #3861 ) ;
#2489 = EDGE_LOOP ( 'NONE', ( #2840, #788, #3079, #2092 ) ) ;
#2490 = ORIENTED_EDGE ( 'NONE', *, *, #2048, .T. ) ;
#2491 = DIRECTION ( 'NONE',  ( -1.000000000000000000, 0.000000000000000000, 6.982962677686266711E-15 ) ) ;
#2492 = ORIENTED_EDGE ( 'NONE', *, *, #1645, .F. ) ;
#2493 = CARTESIAN_POINT ( 'NONE',  ( -0.1250000000000006939, 0.000000000000000000, 8.728703347107881706E-16 ) ) ;
#2494 = DIRECTION ( 'NONE',  ( -1.000000000000000000, 0.000000000000000000, 6.982962677686266711E-15 ) ) ;
#2495 = CARTESIAN_POINT ( 'NONE',  ( -0.6249999999999966693, 0.000000000000000000, 0.8750000000000016653 ) ) ;
#2496 = DIRECTION ( 'NONE',  ( -0.000000000000000000, -1.000000000000000000, -0.000000000000000000 ) ) ;
#2497 = FACE_OUTER_BOUND ( 'NONE', #103, .T. ) ;
#2498 = AXIS2_PLACEMENT_3D ( 'NONE', #1734, #3072, #2745 ) ;
#2499 = CARTESIAN_POINT ( 'NONE',  ( 0.9999999999999931166, 1.000000000000000000, -1.000000000000006661 ) ) ;
#2500 = CARTESIAN_POINT ( 'NONE',  ( -0.4900000000000023781, 0.9000000000000001332, -0.3399999999999963607 ) ) ;
#2501 = STYLED_ITEM ( 'NONE', ( #2399 ), #910 ) ;
#2502 = CARTESIAN_POINT ( 'NONE',  ( 0.3750000000000045519, 0.000000000000000000, 0.6249999999999977796 ) ) ;
#2503 = LINE ( 'NONE', #118, #173 ) ;
#2504 = AXIS2_PLACEMENT_3D ( 'NONE', #3847, #1486, #4180 ) ;
#2505 = AXIS2_PLACEMENT_3D ( 'NONE', #2117, #1070, #2760 ) ;
#2506 = CARTESIAN_POINT ( 'NONE',  ( 0.9000000000000057954, 0.1000000000000000056, 0.6249999999999912292 ) ) ;
#2507 = EDGE_CURVE ( 'NONE', #2364, #2963, #2520, .T. ) ;
#2508 = ORIENTED_EDGE ( 'NONE', *, *, #3819, .F. ) ;
#2509 = EDGE_CURVE ( 'NONE', #4247, #2859, #1876, .T. ) ;
#2510 = VECTOR ( 'NONE', #3238, 1000.000000000000000 ) ;
#2511 = CARTESIAN_POINT ( 'NONE',  ( 0.6249999999999990008, 0.000000000000000000, -0.3750000000000052180 ) ) ;
#2512 = VERTEX_POINT ( 'NONE', #1566 ) ;
#2513 = ORIENTED_EDGE ( 'NONE', *, *, #3702, .F. ) ;
#2514 = COLOUR_RGB ( '',0.9686274509803921573, 0.8784313725490195957, 0.5999999999999999778 ) ;
#2515 = VERTEX_POINT ( 'NONE', #2134 ) ;
#2516 = CARTESIAN_POINT ( 'NONE',  ( 0.6249999999999990008, 0.000000000000000000, -0.3750000000000052180 ) ) ;
#2517 = COLOUR_RGB ( '',1.000000000000000000, 1.000000000000000000, 1.000000000000000000 ) ;
#2518 = CARTESIAN_POINT ( 'NONE',  ( 0.000000000000000000, 0.000000000000000000, 0.000000000000000000 ) ) ;
#2519 = CARTESIAN_POINT ( 'NONE',  ( -1.000000000000006883, 1.000000000000000000, -0.9999999999999926725 ) ) ;
#2520 = LINE ( 'NONE', #3843, #3697 ) ;
#2521 = CARTESIAN_POINT ( 'NONE',  ( -0.6250000000000081046, 0.1000000000000000056, -0.8749999999999957812 ) ) ;
#2522 = DIRECTION ( 'NONE',  ( 7.850324415674670258E-15, 0.000000000000000000, 1.000000000000000000 ) ) ;
#2523 = FACE_OUTER_BOUND ( 'NONE', #2130, .T. ) ;
#2524 = DIRECTION ( 'NONE',  ( -7.377218013135540620E-15, -0.000000000000000000, -1.000000000000000000 ) ) ;
#2525 = DIRECTION ( 'NONE',  ( 5.603069003613805661E-15, 0.000000000000000000, 1.000000000000000000 ) ) ;
#2526 = PLANE ( 'NONE',  #2572 ) ;
#2527 = LINE ( 'NONE', #2546, #3802 ) ;
#2528 = ORIENTED_EDGE ( 'NONE', *, *, #551, .T. ) ;
#2529 = DIRECTION ( 'NONE',  ( -4.380877463721056069E-15, 0.000000000000000000, -1.000000000000000000 ) ) ;
#2530 = EDGE_CURVE ( 'NONE', #2859, #2488, #3219, .T. ) ;
#2531 = VERTEX_POINT ( 'NONE', #2906 ) ;
#2532 = DIRECTION ( 'NONE',  ( -1.000000000000000000, 0.000000000000000000, 6.982962677686266711E-15 ) ) ;
#2533 = EDGE_CURVE ( 'NONE', #4261, #1580, #2865, .T. ) ;
#2534 = EDGE_LOOP ( 'NONE', ( #438, #3573, #2815, #256 ) ) ;
#2535 = EDGE_CURVE ( 'NONE', #1986, #3726, #1481, .T. ) ;
#2536 = ORIENTED_EDGE ( 'NONE', *, *, #1563, .F. ) ;
#2537 = ADVANCED_FACE ( 'NONE', ( #4199 ), #1849, .F. ) ;
#2538 = CARTESIAN_POINT ( 'NONE',  ( 0.3750000000000061062, 0.000000000000000000, 0.8999999999999976907 ) ) ;
#2539 = PLANE ( 'NONE',  #1182 ) ;
#2540 = LINE ( 'NONE', #2226, #888 ) ;
#2541 = DIRECTION ( 'NONE',  ( 0.000000000000000000, 1.000000000000000000, 0.000000000000000000 ) ) ;
#2542 = CARTESIAN_POINT ( 'NONE',  ( 0.1249999999999939354, 0.1000000000000000056, -0.9000000000000011324 ) ) ;
#2543 = PLANE ( 'NONE',  #3203 ) ;
#2544 = PLANE ( 'NONE',  #3692 ) ;
#2545 = DIRECTION ( 'NONE',  ( 6.982962677686266711E-15, 0.000000000000000000, 1.000000000000000000 ) ) ;
#2546 = CARTESIAN_POINT ( 'NONE',  ( -0.6250000000000032196, 0.1000000000000000056, -0.1249999999999963918 ) ) ;
#2547 = EDGE_LOOP ( 'NONE', ( #2672, #838, #2334, #2943 ) ) ;
#2548 = DIRECTION ( 'NONE',  ( 6.115600939697863952E-15, 0.000000000000000000, 1.000000000000000000 ) ) ;
#2549 = AXIS2_PLACEMENT_3D ( 'NONE', #2034, #4036, #1168 ) ;
#2550 = EDGE_LOOP ( 'NONE', ( #1620, #1475, #2690, #3693 ) ) ;
#2551 = FACE_OUTER_BOUND ( 'NONE', #3145, .T. ) ;
#2552 = CARTESIAN_POINT ( 'NONE',  ( 0.3750000000000061617, 0.000000000000000000, 0.8999999999999976907 ) ) ;
#2553 = EDGE_LOOP ( 'NONE', ( #858, #2902, #4297, #4173 ) ) ;
#2554 = VECTOR ( 'NONE', #935, 1000.000000000000000 ) ;
#2555 = ORIENTED_EDGE ( 'NONE', *, *, #2251, .F. ) ;
#2556 = APPLICATION_PROTOCOL_DEFINITION ( 'draft international standard', 'automotive_design', 1998, #4309 ) ;
#2557 = ORIENTED_EDGE ( 'NONE', *, *, #214, .F. ) ;
#2558 = EDGE_CURVE ( 'NONE', #954, #6, #3884, .T. ) ;
#2559 = STYLED_ITEM ( 'NONE', ( #806 ), #3827 ) ;
#2560 = CARTESIAN_POINT ( 'NONE',  ( 0.3750000000000061062, 0.1000000000000000056, 0.8999999999999976907 ) ) ;
#2561 = DIRECTION ( 'NONE',  ( 6.982962677686266711E-15, 0.000000000000000000, 1.000000000000000000 ) ) ;
#2562 = ADVANCED_FACE ( 'NONE', ( #1155 ), #3561, .F. ) ;
#2563 = PLANE ( 'NONE',  #466 ) ;
#2564 = CARTESIAN_POINT ( 'NONE',  ( 0.1249999999999958505, 0.000000000000000000, -0.6250000000000012212 ) ) ;
#2565 = EDGE_CURVE ( 'NONE', #1000, #2125, #808, .T. ) ;
#2566 = CARTESIAN_POINT ( 'NONE',  ( 4.364351673553919061E-15, 0.000000000000000000, 0.6250000000000003331 ) ) ;
#2567 = CLOSED_SHELL ( 'NONE', ( #655, #796, #471, #1243, #2562, #2849 ) ) ;
#2568 = CARTESIAN_POINT ( 'NONE',  ( -0.9000000000000082379, 0.1000000000000000056, -0.8749999999999937828 ) ) ;
#2569 = LINE ( 'NONE', #3917, #2585 ) ;
#2570 = PLANE ( 'NONE',  #2006 ) ;
#2571 = EDGE_LOOP ( 'NONE', ( #1740, #1959, #976, #4031 ) ) ;
#2572 = AXIS2_PLACEMENT_3D ( 'NONE', #2164, #508, #2872 ) ;
#2573 = DIRECTION ( 'NONE',  ( 0.000000000000000000, 1.000000000000000000, 0.000000000000000000 ) ) ;
#2574 = ORIENTED_EDGE ( 'NONE', *, *, #340, .T. ) ;
#2575 = CARTESIAN_POINT ( 'NONE',  ( 0.9000000000000014655, 0.000000000000000000, -6.284666409917650295E-15 ) ) ;
#2576 = AXIS2_PLACEMENT_3D ( 'NONE', #3017, #4055, #1392 ) ;
#2577 = ORIENTED_EDGE ( 'NONE', *, *, #2800, .T. ) ;
#2578 = LINE ( 'NONE', #927, #2332 ) ;
#2579 = VECTOR ( 'NONE', #2802, 1000.000000000000000 ) ;
#2580 = ORIENTED_EDGE ( 'NONE', *, *, #4170, .T. ) ;
#2581 = CIRCLE ( 'NONE', #2286, 0.1499999999999999667 ) ;
#2582 = AXIS2_PLACEMENT_3D ( 'NONE', #2560, #3883, #4050 ) ;
#2583 = EDGE_CURVE ( 'NONE', #464, #2035, #2839, .T. ) ;
#2584 = ORIENTED_EDGE ( 'NONE', *, *, #2339, .T. ) ;
#2585 = VECTOR ( 'NONE', #2871, 1000.000000000000000 ) ;
#2586 = ORIENTED_EDGE ( 'NONE', *, *, #1463, .T. ) ;
#2587 = PLANE ( 'NONE',  #269 ) ;
#2588 =( GEOMETRIC_REPRESENTATION_CONTEXT ( 3 ) GLOBAL_UNCERTAINTY_ASSIGNED_CONTEXT ( ( #2444 ) ) GLOBAL_UNIT_ASSIGNED_CONTEXT ( ( #2430, #3696, #3780 ) ) REPRESENTATION_CONTEXT ( 'NONE', 'WORKASPACE' ) );
#2589 = EDGE_LOOP ( 'NONE', ( #696, #435, #2624, #3210 ) ) ;
#2590 = CARTESIAN_POINT ( 'NONE',  ( -0.9999999999999931166, 0.000000000000000000, 1.000000000000007327 ) ) ;
#2591 = CARTESIAN_POINT ( 'NONE',  ( 0.1249999999999958505, 0.000000000000000000, -0.6250000000000012212 ) ) ;
#2592 = CARTESIAN_POINT ( 'NONE',  ( -0.1250000000000050515, 0.1000000000000000056, -0.6249999999999994449 ) ) ;
#2593 = EDGE_CURVE ( 'NONE', #1403, #2002, #154, .T. ) ;
#2594 = FACE_OUTER_BOUND ( 'NONE', #534, .T. ) ;
#2595 = CARTESIAN_POINT ( 'NONE',  ( 0.6250000000000009992, 0.000000000000000000, -0.1250000000000049960 ) ) ;
#2596 = UNCERTAINTY_MEASURE_WITH_UNIT (LENGTH_MEASURE( 1.000000000000000082E-05 ), #1699, 'distance_accuracy_value', 'NONE');
#2597 = CARTESIAN_POINT ( 'NONE',  ( -0.2250000000000023925, 0.1000000000000000056, -0.3249999999999982347 ) ) ;
#2598 = SURFACE_STYLE_FILL_AREA ( #1186 ) ;
#2599 = VERTEX_POINT ( 'NONE', #828 ) ;
#2600 = DIRECTION ( 'NONE',  ( 6.982962677686266711E-15, 0.000000000000000000, 1.000000000000000000 ) ) ;
#2601 = EDGE_LOOP ( 'NONE', ( #1453, #1607, #148, #3214 ) ) ;
#2602 =( NAMED_UNIT ( * ) PLANE_ANGLE_UNIT ( ) SI_UNIT ( $, .RADIAN. ) );
#2603 = FACE_OUTER_BOUND ( 'NONE', #4088, .T. ) ;
#2604 = ORIENTED_EDGE ( 'NONE', *, *, #2107, .T. ) ;
#2605 = ORIENTED_EDGE ( 'NONE', *, *, #1429, .T. ) ;
#2606 = ORIENTED_EDGE ( 'NONE', *, *, #949, .T. ) ;
#2607 = FACE_OUTER_BOUND ( 'NONE', #952, .T. ) ;
#2608 = ORIENTED_EDGE ( 'NONE', *, *, #349, .F. ) ;
#2609 = CARTESIAN_POINT ( 'NONE',  ( -0.3749999999999960587, 0.000000000000000000, 0.6250000000000029976 ) ) ;
#2610 = DIRECTION ( 'NONE',  ( 6.982962677686266711E-15, -0.000000000000000000, 1.000000000000000000 ) ) ;
#2611 = PLANE ( 'NONE',  #3200 ) ;
#2612 =( LENGTH_UNIT ( ) NAMED_UNIT ( * ) SI_UNIT ( .MILLI., .METRE. ) );
#2613 = FACE_OUTER_BOUND ( 'NONE', #2864, .T. ) ;
#2614 = CARTESIAN_POINT ( 'NONE',  ( -0.6250000000000067724, 0.1000000000000000056, -0.6249999999999955591 ) ) ;
#2615 = ADVANCED_FACE ( 'NONE', ( #2158 ), #2995, .F. ) ;
#2616 = EDGE_CURVE ( 'NONE', #341, #3472, #2243, .T. ) ;
#2617 = DIRECTION ( 'NONE',  ( 5.603069003613805661E-15, -0.000000000000000000, 1.000000000000000000 ) ) ;
#2618 = ORIENTED_EDGE ( 'NONE', *, *, #1101, .T. ) ;
#2619 = ADVANCED_FACE ( 'NONE', ( #4243 ), #304, .F. ) ;
#2620 = CARTESIAN_POINT ( 'NONE',  ( 0.8999999999999991340, 0.000000000000000000, -0.3750000000000069389 ) ) ;
#2621 = FACE_OUTER_BOUND ( 'NONE', #736, .T. ) ;
#2622 = ADVANCED_FACE ( 'NONE', ( #2607 ), #2587, .F. ) ;
#2623 = VECTOR ( 'NONE', #2109, 1000.000000000000000 ) ;
#2624 = ORIENTED_EDGE ( 'NONE', *, *, #1008, .T. ) ;
#2625 = ORIENTED_EDGE ( 'NONE', *, *, #2370, .F. ) ;
#2626 = ORIENTED_EDGE ( 'NONE', *, *, #1189, .F. ) ;
#2627 = VECTOR ( 'NONE', #2179, 1000.000000000000000 ) ;
#2628 = CARTESIAN_POINT ( 'NONE',  ( 0.6250000000000018874, 0.000000000000000000, -4.364351673553930105E-15 ) ) ;
#2629 = PLANE ( 'NONE',  #2917 ) ;
#2630 = LINE ( 'NONE', #2333, #382 ) ;
#2631 = AXIS2_PLACEMENT_3D ( 'NONE', #131, #2098, #2116 ) ;
#2632 = VERTEX_POINT ( 'NONE', #2656 ) ;
#2633 = CARTESIAN_POINT ( 'NONE',  ( -0.9000000000000064615, 0.1000000000000000056, -0.6249999999999937828 ) ) ;
#2634 = LINE ( 'NONE', #3958, #4032 ) ;
#2635 = FACE_OUTER_BOUND ( 'NONE', #1258, .T. ) ;
#2636 = CARTESIAN_POINT ( 'NONE',  ( -0.9000000000000064615, 0.1000000000000000056, -0.6249999999999940048 ) ) ;
#2637 = CARTESIAN_POINT ( 'NONE',  ( 0.1249999999999939354, 0.1000000000000000056, -0.9000000000000011324 ) ) ;
#2638 = VECTOR ( 'NONE', #4256, 1000.000000000000000 ) ;
#2639 = ORIENTED_EDGE ( 'NONE', *, *, #2509, .F. ) ;
#2640 = DIRECTION ( 'NONE',  ( 0.000000000000000000, -1.000000000000000000, 0.000000000000000000 ) ) ;
#2641 = VECTOR ( 'NONE', #919, 1000.000000000000000 ) ;
#2642 = LINE ( 'NONE', #297, #2349 ) ;
#2643 = CARTESIAN_POINT ( 'NONE',  ( -0.2250000000000023925, 0.000000000000000000, -0.3249999999999982347 ) ) ;
#2644 = CARTESIAN_POINT ( 'NONE',  ( -0.6250000000000081046, 0.000000000000000000, -0.8749999999999957812 ) ) ;
#2645 = AXIS2_PLACEMENT_3D ( 'NONE', #2841, #3175, #200 ) ;
#2646 = ORIENTED_EDGE ( 'NONE', *, *, #3760, .T. ) ;
#2647 = DIRECTION ( 'NONE',  ( 0.000000000000000000, 1.000000000000000000, 0.000000000000000000 ) ) ;
#2648 = ADVANCED_FACE ( 'NONE', ( #3583 ), #2966, .F. ) ;
#2649 = ADVANCED_FACE ( 'NONE', ( #3992 ), #3016, .F. ) ;
#2650 = ORIENTED_EDGE ( 'NONE', *, *, #1854, .T. ) ;
#2651 = VECTOR ( 'NONE', #613, 1000.000000000000000 ) ;
#2652 = ORIENTED_EDGE ( 'NONE', *, *, #1777, .T. ) ;
#2653 = VECTOR ( 'NONE', #2524, 1000.000000000000000 ) ;
#2654 = EDGE_LOOP ( 'NONE', ( #733, #3811, #2004, #2652 ) ) ;
#2655 = VECTOR ( 'NONE', #1744, 1000.000000000000000 ) ;
#2656 = CARTESIAN_POINT ( 'NONE',  ( -0.6250000000000081046, 0.1000000000000000056, -0.8749999999999957812 ) ) ;
#2657 = DIRECTION ( 'NONE',  ( -1.000000000000000000, 0.000000000000000000, 6.982962677686266711E-15 ) ) ;
#2658 = VECTOR ( 'NONE', #296, 1000.000000000000000 ) ;
#2659 = ORIENTED_EDGE ( 'NONE', *, *, #4271, .F. ) ;
#2660 = CARTESIAN_POINT ( 'NONE',  ( 0.9000000000000007994, 0.1000000000000000056, -0.1250000000000072720 ) ) ;
#2661 = CARTESIAN_POINT ( 'NONE',  ( 0.9000000000000050182, 0.1000000000000000056, 0.8749999999999895639 ) ) ;
#2662 = VECTOR ( 'NONE', #3070, 1000.000000000000000 ) ;
#2663 = PLANE ( 'NONE',  #58 ) ;
#2664 = ORIENTED_EDGE ( 'NONE', *, *, #1907, .F. ) ;
#2665 = DIRECTION ( 'NONE',  ( 0.000000000000000000, 1.000000000000000000, 0.000000000000000000 ) ) ;
#2666 = ORIENTED_EDGE ( 'NONE', *, *, #15, .T. ) ;
#2667 = LINE ( 'NONE', #661, #2362 ) ;
#2668 = LINE ( 'NONE', #3703, #3403 ) ;
#2669 = DIRECTION ( 'NONE',  ( 1.000000000000000000, 0.000000000000000000, -1.463387981396423302E-15 ) ) ;
#2670 = ORIENTED_EDGE ( 'NONE', *, *, #3391, .T. ) ;
#2671 = CARTESIAN_POINT ( 'NONE',  ( 0.3749999999999936162, 0.1000000000000000056, -0.9000000000000029088 ) ) ;
#2672 = ORIENTED_EDGE ( 'NONE', *, *, #2246, .T. ) ;
#2673 = EDGE_CURVE ( 'NONE', #1328, #2002, #584, .T. ) ;
#2674 = EDGE_CURVE ( 'NONE', #4304, #1422, #3912, .T. ) ;
#2675 = ORIENTED_EDGE ( 'NONE', *, *, #1482, .T. ) ;
#2676 = EDGE_CURVE ( 'NONE', #954, #41, #1918, .T. ) ;
#2677 = DIRECTION ( 'NONE',  ( -0.000000000000000000, -1.000000000000000000, -0.000000000000000000 ) ) ;
#2678 = CARTESIAN_POINT ( 'NONE',  ( 0.3749999999999957256, 0.1000000000000000056, -0.6250000000000028866 ) ) ;
#2679 = LINE ( 'NONE', #2313, #480 ) ;
#2680 = EDGE_CURVE ( 'NONE', #3879, #1256, #3326, .T. ) ;
#2681 = ORIENTED_EDGE ( 'NONE', *, *, #2800, .F. ) ;
#2682 = DIRECTION ( 'NONE',  ( 0.000000000000000000, -1.000000000000000000, 0.000000000000000000 ) ) ;
#2683 = LINE ( 'NONE', #2015, #753 ) ;
#2684 = CARTESIAN_POINT ( 'NONE',  ( 0.000000000000000000, 0.1000000000000000056, 0.000000000000000000 ) ) ;
#2685 = DIRECTION ( 'NONE',  ( 1.000000000000000000, 0.000000000000000000, -8.757111687208001669E-15 ) ) ;
#2686 =( NAMED_UNIT ( * ) SI_UNIT ( $, .STERADIAN. ) SOLID_ANGLE_UNIT ( ) );
#2687 = LINE ( 'NONE', #1337, #2367 ) ;
#2688 = CARTESIAN_POINT ( 'NONE',  ( 0.8999999999999956923, 0.000000000000000000, -0.8750000000000062172 ) ) ;
#2689 = FACE_OUTER_BOUND ( 'NONE', #3907, .T. ) ;
#2690 = ORIENTED_EDGE ( 'NONE', *, *, #233, .F. ) ;
#2691 = DIRECTION ( 'NONE',  ( -6.982962677686266711E-15, 0.000000000000000000, -1.000000000000000000 ) ) ;
#2692 = ORIENTED_EDGE ( 'NONE', *, *, #3943, .F. ) ;
#2693 = ORIENTED_EDGE ( 'NONE', *, *, #99, .F. ) ;
#2694 = LINE ( 'NONE', #25, #2016 ) ;
#2695 = AXIS2_PLACEMENT_3D ( 'NONE', #664, #60, #1359 ) ;
#2696 = PLANE ( 'NONE',  #2576 ) ;
#2697 = LINE ( 'NONE', #27, #1631 ) ;
#2698 = EDGE_CURVE ( 'NONE', #821, #1873, #1330, .T. ) ;
#2699 = ORIENTED_EDGE ( 'NONE', *, *, #1830, .T. ) ;
#2700 = LINE ( 'NONE', #2660, #109 ) ;
#2701 = VECTOR ( 'NONE', #446, 1000.000000000000000 ) ;
#2702 = DIRECTION ( 'NONE',  ( -6.982962677686266711E-15, 0.000000000000000000, -1.000000000000000000 ) ) ;
#2703 = PRESENTATION_STYLE_ASSIGNMENT (( #1661 ) ) ;
#2704 = EDGE_CURVE ( 'NONE', #2415, #3617, #3286, .T. ) ;
#2705 = EDGE_CURVE ( 'NONE', #2352, #168, #2581, .T. ) ;
#2706 = PLANE ( 'NONE',  #1860 ) ;
#2707 = CARTESIAN_POINT ( 'NONE',  ( 0.3750000000000045519, 0.1000000000000000056, 0.6249999999999977796 ) ) ;
#2708 = LINE ( 'NONE', #3363, #2298 ) ;
#2709 = FACE_OUTER_BOUND ( 'NONE', #2589, .T. ) ;
#2710 = CARTESIAN_POINT ( 'NONE',  ( 0.1250000000000043021, 0.000000000000000000, 0.6249999999999994449 ) ) ;
#2711 = ORIENTED_EDGE ( 'NONE', *, *, #653, .T. ) ;
#2712 = DIRECTION ( 'NONE',  ( -1.000000000000000000, -0.000000000000000000, 6.982962677686266711E-15 ) ) ;
#2713 = ORIENTED_EDGE ( 'NONE', *, *, #2153, .F. ) ;
#2714 = VECTOR ( 'NONE', #2729, 1000.000000000000000 ) ;
#2715 = ORIENTED_EDGE ( 'NONE', *, *, #2747, .F. ) ;
#2716 = EDGE_CURVE ( 'NONE', #2415, #3968, #284, .T. ) ;
#2717 = VECTOR ( 'NONE', #485, 1000.000000000000000 ) ;
#2718 = CARTESIAN_POINT ( 'NONE',  ( -0.6250000000000012212, 0.000000000000000000, 0.1250000000000025535 ) ) ;
#2719 = ORIENTED_EDGE ( 'NONE', *, *, #1827, .F. ) ;
#2720 = LINE ( 'NONE', #3059, #874 ) ;
#2721 = AXIS2_PLACEMENT_3D ( 'NONE', #3, #670, #1942 ) ;
#2722 = VECTOR ( 'NONE', #1595, 1000.000000000000000 ) ;
#2723 = CARTESIAN_POINT ( 'NONE',  ( -0.1249999999999942546, 0.1000000000000000056, 0.9000000000000011324 ) ) ;
#2724 = LINE ( 'NONE', #2385, #3002 ) ;
#2725 = VECTOR ( 'NONE', #3560, 1000.000000000000000 ) ;
#2726 = CARTESIAN_POINT ( 'NONE',  ( -0.3750000000000049405, 0.1000000000000000056, -0.6249999999999978906 ) ) ;
#2727 = VECTOR ( 'NONE', #4120, 1000.000000000000000 ) ;
#2728 = FACE_OUTER_BOUND ( 'NONE', #3511, .T. ) ;
#2729 = DIRECTION ( 'NONE',  ( -1.000000000000000000, 0.000000000000000000, 6.982962677686266711E-15 ) ) ;
#2730 = AXIS2_PLACEMENT_3D ( 'NONE', #3359, #1685, #3022 ) ;
#2731 = DIRECTION ( 'NONE',  ( 0.000000000000000000, 1.000000000000000000, 0.000000000000000000 ) ) ;
#2732 = VERTEX_POINT ( 'NONE', #1981 ) ;
#2733 = CARTESIAN_POINT ( 'NONE',  ( -0.1249999999999962946, 0.000000000000000000, 0.6250000000000012212 ) ) ;
#2734 = ORIENTED_EDGE ( 'NONE', *, *, #526, .F. ) ;
#2735 = ORIENTED_EDGE ( 'NONE', *, *, #1293, .T. ) ;
#2736 = ORIENTED_EDGE ( 'NONE', *, *, #2370, .T. ) ;
#2737 = LINE ( 'NONE', #374, #2120 ) ;
#2738 = ORIENTED_EDGE ( 'NONE', *, *, #54, .F. ) ;
#2739 = CARTESIAN_POINT ( 'NONE',  ( -8.728703347107885650E-16, 0.000000000000000000, -0.1250000000000007494 ) ) ;
#2740 = CARTESIAN_POINT ( 'NONE',  ( 0.3749999999999935052, 0.000000000000000000, -0.9000000000000029088 ) ) ;
#2741 = DIRECTION ( 'NONE',  ( 0.000000000000000000, -1.000000000000000000, 0.000000000000000000 ) ) ;
#2742 = DIRECTION ( 'NONE',  ( 7.377218013135540620E-15, 0.000000000000000000, 1.000000000000000000 ) ) ;
#2743 = CARTESIAN_POINT ( 'NONE',  ( -0.4900000000000034328, 1.000000000000000000, -0.4899999999999962719 ) ) ;
#2744 = EDGE_CURVE ( 'NONE', #1328, #647, #3353, .T. ) ;
#2745 = DIRECTION ( 'NONE',  ( 1.000000000000000000, 0.000000000000000000, -5.405941335889167918E-15 ) ) ;
#2746 = CARTESIAN_POINT ( 'NONE',  ( 6.110092342975464439E-15, 0.000000000000000000, 0.8749999999999973355 ) ) ;
#2747 = EDGE_CURVE ( 'NONE', #257, #375, #1610, .T. ) ;
#2748 = ORIENTED_EDGE ( 'NONE', *, *, #2196, .T. ) ;
#2749 = LINE ( 'NONE', #1080, #3623 ) ;
#2750 = EDGE_CURVE ( 'NONE', #168, #2352, #1871, .T. ) ;
#2751 = ORIENTED_EDGE ( 'NONE', *, *, #819, .F. ) ;
#2752 = EDGE_CURVE ( 'NONE', #694, #1861, #1277, .T. ) ;
#2753 = ORIENTED_EDGE ( 'NONE', *, *, #557, .F. ) ;
#2754 = ORIENTED_EDGE ( 'NONE', *, *, #2565, .F. ) ;
#2755 = PLANE ( 'NONE',  #270 ) ;
#2756 = DIRECTION ( 'NONE',  ( -0.000000000000000000, -1.000000000000000000, -0.000000000000000000 ) ) ;
#2757 = ORIENTED_EDGE ( 'NONE', *, *, #522, .F. ) ;
#2758 = DIRECTION ( 'NONE',  ( 1.000000000000000000, 0.000000000000000000, -7.377218013135540620E-15 ) ) ;
#2759 = AXIS2_PLACEMENT_3D ( 'NONE', #1413, #2833, #3691 ) ;
#2760 = DIRECTION ( 'NONE',  ( 7.228014483236698330E-15, 0.000000000000000000, 1.000000000000000000 ) ) ;
#2761 = SURFACE_STYLE_FILL_AREA ( #3397 ) ;
#2762 = DIRECTION ( 'NONE',  ( -0.000000000000000000, -1.000000000000000000, -0.000000000000000000 ) ) ;
#2763 = MECHANICAL_DESIGN_GEOMETRIC_PRESENTATION_REPRESENTATION (  '', ( #2407 ), #730 ) ;
#2764 = SURFACE_STYLE_USAGE ( .BOTH. , #3400 ) ;
#2765 = LINE ( 'NONE', #4103, #2727 ) ;
#2766 = VECTOR ( 'NONE', #3891, 1000.000000000000000 ) ;
#2767 = CARTESIAN_POINT ( 'NONE',  ( 0.6250000000000057732, 0.1000000000000000056, 0.6249999999999931166 ) ) ;
#2768 = FACE_BOUND ( 'NONE', #3873, .T. ) ;
#2769 = ORIENTED_EDGE ( 'NONE', *, *, #3423, .F. ) ;
#2770 = ORIENTED_EDGE ( 'NONE', *, *, #1455, .T. ) ;
#2771 = DIRECTION ( 'NONE',  ( 1.000000000000000000, 0.000000000000000000, -7.377218013135540620E-15 ) ) ;
#2772 = ORIENTED_EDGE ( 'NONE', *, *, #2936, .F. ) ;
#2773 = VERTEX_POINT ( 'NONE', #3688 ) ;
#2774 = VECTOR ( 'NONE', #3963, 1000.000000000000000 ) ;
#2775 = ADVANCED_FACE ( 'NONE', ( #3370 ), #699, .F. ) ;
#2776 = ORIENTED_EDGE ( 'NONE', *, *, #3857, .T. ) ;
#2777 = EDGE_CURVE ( 'NONE', #497, #355, #2694, .T. ) ;
#2778 = FACE_OUTER_BOUND ( 'NONE', #1807, .T. ) ;
#2779 = AXIS2_PLACEMENT_3D ( 'NONE', #4063, #1713, #4044 ) ;
#2780 = SURFACE_STYLE_FILL_AREA ( #1436 ) ;
#2781 = VECTOR ( 'NONE', #2941, 1000.000000000000000 ) ;
#2782 = CARTESIAN_POINT ( 'NONE',  ( -0.9000000000000030198, 0.000000000000000000, -0.1249999999999947958 ) ) ;
#2783 = CARTESIAN_POINT ( 'NONE',  ( -0.1249999999999962946, 0.1000000000000000056, 0.6250000000000012212 ) ) ;
#2784 = AXIS2_PLACEMENT_3D ( 'NONE', #2643, #1955, #3299 ) ;
#2785 = DIRECTION ( 'NONE',  ( -1.000000000000000000, 0.000000000000000000, 6.982962677686266711E-15 ) ) ;
#2786 = VECTOR ( 'NONE', #2160, 1000.000000000000000 ) ;
#2787 = DIRECTION ( 'NONE',  ( 1.000000000000000000, 0.000000000000000000, -6.982962677686266711E-15 ) ) ;
#2788 = AXIS2_PLACEMENT_3D ( 'NONE', #2472, #4132, #3536 ) ;
#2789 = DIRECTION ( 'NONE',  ( -0.000000000000000000, -1.000000000000000000, -0.000000000000000000 ) ) ;
#2790 = FACE_BOUND ( 'NONE', #321, .T. ) ;
#2791 = VECTOR ( 'NONE', #3244, 1000.000000000000000 ) ;
#2792 = EDGE_CURVE ( 'NONE', #3559, #257, #1022, .T. ) ;
#2793 = ORIENTED_EDGE ( 'NONE', *, *, #2205, .T. ) ;
#2794 = LINE ( 'NONE', #3433, #3761 ) ;
#2795 = ORIENTED_EDGE ( 'NONE', *, *, #502, .F. ) ;
#2796 = ADVANCED_FACE ( 'NONE', ( #528 ), #1835, .F. ) ;
#2797 = ORIENTED_EDGE ( 'NONE', *, *, #2105, .F. ) ;
#2798 = ORIENTED_EDGE ( 'NONE', *, *, #259, .T. ) ;
#2799 = DIRECTION ( 'NONE',  ( 1.000000000000000000, 0.000000000000000000, -6.982962677686266711E-15 ) ) ;
#2800 = EDGE_CURVE ( 'NONE', #1000, #3302, #2180, .T. ) ;
#2801 = ADVANCED_FACE ( 'NONE', ( #2891 ), #3158, .F. ) ;
#2802 = DIRECTION ( 'NONE',  ( 0.000000000000000000, 1.000000000000000000, 0.000000000000000000 ) ) ;
#2803 = ORIENTED_EDGE ( 'NONE', *, *, #339, .T. ) ;
#2804 = ADVANCED_FACE ( 'NONE', ( #2845 ), #3524, .T. ) ;
#2805 = FACE_OUTER_BOUND ( 'NONE', #3512, .T. ) ;
#2806 =( LENGTH_UNIT ( ) NAMED_UNIT ( * ) SI_UNIT ( .MILLI., .METRE. ) );
#2807 = ADVANCED_FACE ( 'NONE', ( #1855 ), #2138, .F. ) ;
#2808 = CARTESIAN_POINT ( 'NONE',  ( 0.000000000000000000, 0.000000000000000000, 0.000000000000000000 ) ) ;
#2809 = DIRECTION ( 'NONE',  ( -1.000000000000000000, 0.000000000000000000, 7.416643546680468484E-15 ) ) ;
#2810 = CARTESIAN_POINT ( 'NONE',  ( -0.4900000000000045430, 0.9000000000000001332, -0.6399999999999962386 ) ) ;
#2811 = LINE ( 'NONE', #3402, #816 ) ;
#2812 = DIRECTION ( 'NONE',  ( 0.000000000000000000, 1.000000000000000000, 0.000000000000000000 ) ) ;
#2813 = ORIENTED_EDGE ( 'NONE', *, *, #1239, .F. ) ;
#2814 = DIRECTION ( 'NONE',  ( 0.7071067811865522357, -0.000000000000000000, 0.7071067811865429098 ) ) ;
#2815 = ORIENTED_EDGE ( 'NONE', *, *, #2366, .F. ) ;
#2816 = ORIENTED_EDGE ( 'NONE', *, *, #502, .T. ) ;
#2817 = ORIENTED_EDGE ( 'NONE', *, *, #2231, .F. ) ;
#2818 = CARTESIAN_POINT ( 'NONE',  ( -0.3750000000000049405, 0.000000000000000000, -0.6249999999999977796 ) ) ;
#2819 = CARTESIAN_POINT ( 'NONE',  ( -0.2250000000000000888, 0.1000000000000000056, 1.571166602479410602E-15 ) ) ;
#2820 = CARTESIAN_POINT ( 'NONE',  ( -0.3750000000000001110, 0.000000000000000000, 2.618611004132350805E-15 ) ) ;
#2821 = DIRECTION ( 'NONE',  ( 6.549281808692064937E-15, 0.000000000000000000, 1.000000000000000000 ) ) ;
#2822 = LINE ( 'NONE', #157, #199 ) ;
#2823 = LINE ( 'NONE', #3087, #457 ) ;
#2824 = AXIS2_PLACEMENT_3D ( 'NONE', #1932, #562, #856 ) ;
#2825 = ADVANCED_FACE ( 'NONE', ( #1139 ), #2543, .F. ) ;
#2826 = CARTESIAN_POINT ( 'NONE',  ( 0.9999999999999931166, 1.000000000000000000, -1.000000000000006661 ) ) ;
#2827 = EDGE_CURVE ( 'NONE', #1065, #3595, #205, .T. ) ;
#2828 = VECTOR ( 'NONE', #3871, 1000.000000000000000 ) ;
#2829 = DIRECTION ( 'NONE',  ( -8.362856351758727760E-15, 0.000000000000000000, -1.000000000000000000 ) ) ;
#2830 = FACE_OUTER_BOUND ( 'NONE', #1839, .T. ) ;
#2831 = DIRECTION ( 'NONE',  ( 6.982962677686266711E-15, 0.000000000000000000, 1.000000000000000000 ) ) ;
#2832 = EDGE_LOOP ( 'NONE', ( #252, #100, #2639, #3049 ) ) ;
#2833 = DIRECTION ( 'NONE',  ( 1.000000000000000000, 0.000000000000000000, -6.982962677686266711E-15 ) ) ;
#2834 = EDGE_LOOP ( 'NONE', ( #220, #215, #754, #1799 ) ) ;
#2835 = ORIENTED_EDGE ( 'NONE', *, *, #4067, .T. ) ;
#2836 = ORIENTED_EDGE ( 'NONE', *, *, #1239, .T. ) ;
#2837 = CARTESIAN_POINT ( 'NONE',  ( -0.9000000000000021316, 0.000000000000000000, 6.284666409917655028E-15 ) ) ;
#2838 = DIRECTION ( 'NONE',  ( -6.982962677686266711E-15, 0.000000000000000000, -1.000000000000000000 ) ) ;
#2839 = LINE ( 'NONE', #1809, #2301 ) ;
#2840 = ORIENTED_EDGE ( 'NONE', *, *, #2716, .T. ) ;
#2841 = CARTESIAN_POINT ( 'NONE',  ( -0.2250000000000033917, 0.000000000000000000, -0.4749999999999982014 ) ) ;
#2842 = DIRECTION ( 'NONE',  ( -1.000000000000000000, 0.000000000000000000, 7.850324415674670258E-15 ) ) ;
#2843 = DIRECTION ( 'NONE',  ( 1.000000000000000000, -0.000000000000000000, -6.982962677686266711E-15 ) ) ;
#2844 = VECTOR ( 'NONE', #3003, 1000.000000000000000 ) ;
#2845 = FACE_OUTER_BOUND ( 'NONE', #674, .T. ) ;
#2846 = DIRECTION ( 'NONE',  ( -0.000000000000000000, -1.000000000000000000, -0.000000000000000000 ) ) ;
#2847 = VECTOR ( 'NONE', #809, 1000.000000000000000 ) ;
#2848 = DIRECTION ( 'NONE',  ( -7.377218013135540620E-15, 0.000000000000000000, -1.000000000000000000 ) ) ;
#2849 = ADVANCED_FACE ( 'NONE', ( #872 ), #3543, .F. ) ;
#2850 =( NAMED_UNIT ( * ) PLANE_ANGLE_UNIT ( ) SI_UNIT ( $, .RADIAN. ) );
#2851 = VECTOR ( 'NONE', #1679, 1000.000000000000000 ) ;
#2852 = ADVANCED_FACE ( 'NONE', ( #4160 ), #549, .F. ) ;
#2853 = VECTOR ( 'NONE', #3211, 1000.000000000000000 ) ;
#2854 = ORIENTED_EDGE ( 'NONE', *, *, #2046, .T. ) ;
#2855 = DIRECTION ( 'NONE',  ( 6.982962677686266711E-15, 0.000000000000000000, 1.000000000000000000 ) ) ;
#2856 = VERTEX_POINT ( 'NONE', #3504 ) ;
#2857 = VECTOR ( 'NONE', #2838, 1000.000000000000000 ) ;
#2858 = DIRECTION ( 'NONE',  ( 1.000000000000000000, 0.000000000000000000, -6.982962677686266711E-15 ) ) ;
#2859 = VERTEX_POINT ( 'NONE', #159 ) ;
#2860 = VECTOR ( 'NONE', #1953, 1000.000000000000000 ) ;
#2861 = ORIENTED_EDGE ( 'NONE', *, *, #3890, .F. ) ;
#2862 = VECTOR ( 'NONE', #628, 1000.000000000000000 ) ;
#2863 = LINE ( 'NONE', #1134, #2857 ) ;
#2864 = EDGE_LOOP ( 'NONE', ( #1193, #3471, #1629, #1144 ) ) ;
#2865 = LINE ( 'NONE', #4133, #1741 ) ;
#2866 = VERTEX_POINT ( 'NONE', #2568 ) ;
#2867 = DIRECTION ( 'NONE',  ( -0.000000000000000000, -1.000000000000000000, -0.000000000000000000 ) ) ;
#2868 = DIRECTION ( 'NONE',  ( -0.000000000000000000, -1.000000000000000000, -0.000000000000000000 ) ) ;
#2869 = PLANE ( 'NONE',  #938 ) ;
#2870 = CARTESIAN_POINT ( 'NONE',  ( -0.3750000000000063838, 0.1000000000000000056, -0.8999999999999978018 ) ) ;
#2871 = DIRECTION ( 'NONE',  ( 1.000000000000000000, -0.000000000000000000, -6.982962677686266711E-15 ) ) ;
#2872 = DIRECTION ( 'NONE',  ( 6.982962677686266711E-15, 0.000000000000000000, 1.000000000000000000 ) ) ;
#2873 = DIRECTION ( 'NONE',  ( 7.850324415674670258E-15, -0.000000000000000000, 1.000000000000000000 ) ) ;
#2874 = VERTEX_POINT ( 'NONE', #1506 ) ;
#2875 = CARTESIAN_POINT ( 'NONE',  ( 0.8999999999999991340, 0.000000000000000000, -0.3750000000000069944 ) ) ;
#2876 = ORIENTED_EDGE ( 'NONE', *, *, #1743, .F. ) ;
#2877 = ADVANCED_FACE ( 'NONE', ( #3483 ), #1183, .F. ) ;
#2878 = DIRECTION ( 'NONE',  ( -7.228014483236698330E-15, 0.000000000000000000, -1.000000000000000000 ) ) ;
#2879 = DIRECTION ( 'NONE',  ( 6.982962677686266711E-15, 0.000000000000000000, 1.000000000000000000 ) ) ;
#2880 = ORIENTED_EDGE ( 'NONE', *, *, #3394, .T. ) ;
#2881 = EDGE_CURVE ( 'NONE', #2209, #2, #4204, .T. ) ;
#2882 = ADVANCED_FACE ( 'NONE', ( #2229 ), #1900, .F. ) ;
#2883 = VERTEX_POINT ( 'NONE', #1570 ) ;
#2884 = ORIENTED_EDGE ( 'NONE', *, *, #3010, .T. ) ;
#2885 = PLANE ( 'NONE',  #2582 ) ;
#2886 = VERTEX_POINT ( 'NONE', #4119 ) ;
#2887 = CARTESIAN_POINT ( 'NONE',  ( -0.2250000000000023925, 0.000000000000000000, -0.3249999999999982347 ) ) ;
#2888 = DIRECTION ( 'NONE',  ( 1.000000000000000000, 0.000000000000000000, -6.549281808692064937E-15 ) ) ;
#2889 = LINE ( 'NONE', #1527, #756 ) ;
#2890 = DIRECTION ( 'NONE',  ( -1.000000000000000000, 0.000000000000000000, 6.982962677686266711E-15 ) ) ;
#2891 = FACE_OUTER_BOUND ( 'NONE', #2355, .T. ) ;
#2892 = CARTESIAN_POINT ( 'NONE',  ( -0.6249999999999977796, 0.000000000000000000, 0.6250000000000016653 ) ) ;
#2893 = DIRECTION ( 'NONE',  ( -0.7071067811865522357, -0.000000000000000000, -0.7071067811865429098 ) ) ;
#2894 = LINE ( 'NONE', #2614, #3663 ) ;
#2895 = VERTEX_POINT ( 'NONE', #1160 ) ;
#2896 = CARTESIAN_POINT ( 'NONE',  ( -0.6250000000000066613, 0.1000000000000000056, -0.6249999999999955591 ) ) ;
#2897 = AXIS2_PLACEMENT_3D ( 'NONE', #3510, #1493, #1067 ) ;
#2898 = EDGE_LOOP ( 'NONE', ( #3166, #1980, #1226, #1586 ) ) ;
#2899 =( NAMED_UNIT ( * ) SI_UNIT ( $, .STERADIAN. ) SOLID_ANGLE_UNIT ( ) );
#2900 = PLANE ( 'NONE',  #2476 ) ;
#2901 = MECHANICAL_DESIGN_GEOMETRIC_PRESENTATION_REPRESENTATION (  '', ( #1423 ), #4010 ) ;
#2902 = ORIENTED_EDGE ( 'NONE', *, *, #2954, .F. ) ;
#2903 = VERTEX_POINT ( 'NONE', #2499 ) ;
#2904 = EDGE_CURVE ( 'NONE', #560, #3955, #3825, .T. ) ;
#2905 = VERTEX_POINT ( 'NONE', #3502 ) ;
#2906 = CARTESIAN_POINT ( 'NONE',  ( -0.1249999999999942824, 0.1000000000000000056, 0.9000000000000011324 ) ) ;
#2907 = PLANE ( 'NONE',  #4152 ) ;
#2908 = LINE ( 'NONE', #1200, #3900 ) ;
#2909 = LINE ( 'NONE', #1504, #2965 ) ;
#2910 = VECTOR ( 'NONE', #2061, 1000.000000000000000 ) ;
#2911 = LINE ( 'NONE', #2317, #2289 ) ;
#2912 = DIRECTION ( 'NONE',  ( 6.115600939697863952E-15, -0.000000000000000000, 1.000000000000000000 ) ) ;
#2913 = FACE_OUTER_BOUND ( 'NONE', #3950, .T. ) ;
#2914 = VECTOR ( 'NONE', #2789, 1000.000000000000000 ) ;
#2915 = CARTESIAN_POINT ( 'NONE',  ( -0.8999999999999995781, 0.000000000000000000, 0.3750000000000043299 ) ) ;
#2916 = FACE_OUTER_BOUND ( 'NONE', #3833, .T. ) ;
#2917 = AXIS2_PLACEMENT_3D ( 'NONE', #672, #3994, #2312 ) ;
#2918 = EDGE_LOOP ( 'NONE', ( #3285, #387, #3862, #1433 ) ) ;
#2919 = DIRECTION ( 'NONE',  ( 6.982962677686266711E-15, 0.000000000000000000, 1.000000000000000000 ) ) ;
#2920 = CARTESIAN_POINT ( 'NONE',  ( 0.6249999999999975575, 0.1000000000000000056, -0.6250000000000042188 ) ) ;
#2921 = ORIENTED_EDGE ( 'NONE', *, *, #3035, .F. ) ;
#2922 = VECTOR ( 'NONE', #2541, 1000.000000000000000 ) ;
#2923 = VECTOR ( 'NONE', #2814, 1000.000000000000000 ) ;
#2924 = ORIENTED_EDGE ( 'NONE', *, *, #96, .F. ) ;
#2925 = ADVANCED_FACE ( 'NONE', ( #3540 ), #2227, .F. ) ;
#2926 = EDGE_LOOP ( 'NONE', ( #3055, #1428, #3268, #1525 ) ) ;
#2927 = CARTESIAN_POINT ( 'NONE',  ( 0.8999999999999991340, 0.1000000000000000056, -0.3750000000000069389 ) ) ;
#2928 = EDGE_CURVE ( 'NONE', #2035, #781, #2889, .T. ) ;
#2929 = VECTOR ( 'NONE', #892, 1000.000000000000000 ) ;
#2930 = SURFACE_STYLE_USAGE ( .BOTH. , #609 ) ;
#2931 = DIRECTION ( 'NONE',  ( 6.982962677686266711E-15, -0.000000000000000000, 1.000000000000000000 ) ) ;
#2932 = ADVANCED_FACE ( 'NONE', ( #4201 ), #1878, .F. ) ;
#2933 = CARTESIAN_POINT ( 'NONE',  ( -0.9000000000000012434, 0.1000000000000000056, 0.1250000000000045519 ) ) ;
#2934 = CARTESIAN_POINT ( 'NONE',  ( -0.2250000000000033917, 0.1000000000000000056, -0.4749999999999982014 ) ) ;
#2935 = EDGE_CURVE ( 'NONE', #3707, #3729, #868, .T. ) ;
#2936 = EDGE_CURVE ( 'NONE', #3850, #3213, #3563, .T. ) ;
#2937 = DIRECTION ( 'NONE',  ( -1.000000000000000000, -0.000000000000000000, 7.416643546680468484E-15 ) ) ;
#2938 = DIRECTION ( 'NONE',  ( 6.115600939697863952E-15, 0.000000000000000000, 1.000000000000000000 ) ) ;
#2939 = FACE_OUTER_BOUND ( 'NONE', #1865, .T. ) ;
#2940 = CARTESIAN_POINT ( 'NONE',  ( 0.9999999999999931166, 1.000000000000000000, -1.000000000000006661 ) ) ;
#2941 = DIRECTION ( 'NONE',  ( -1.000000000000000000, 0.000000000000000000, 6.982962677686266711E-15 ) ) ;
#2942 = PLANE ( 'NONE',  #3866 ) ;
#2943 = ORIENTED_EDGE ( 'NONE', *, *, #4192, .T. ) ;
#2944 = ORIENTED_EDGE ( 'NONE', *, *, #4069, .T. ) ;
#2945 = EDGE_LOOP ( 'NONE', ( #1657, #2982, #3988, #2798 ) ) ;
#2946 = ORIENTED_EDGE ( 'NONE', *, *, #4062, .F. ) ;
#2947 = DIRECTION ( 'NONE',  ( 7.228014483236698330E-15, 0.000000000000000000, 1.000000000000000000 ) ) ;
#2948 = CARTESIAN_POINT ( 'NONE',  ( -0.9000000000000064615, 0.1000000000000000056, -0.6249999999999940048 ) ) ;
#2949 = DIRECTION ( 'NONE',  ( 0.000000000000000000, 1.000000000000000000, 0.000000000000000000 ) ) ;
#2950 = DIRECTION ( 'NONE',  ( -0.000000000000000000, -1.000000000000000000, -0.000000000000000000 ) ) ;
#2951 = CARTESIAN_POINT ( 'NONE',  ( 0.1250000000000002220, 0.000000000000000000, -8.728703347107849165E-16 ) ) ;
#2952 = DIRECTION ( 'NONE',  ( 1.000000000000000000, -0.000000000000000000, -6.982962677686266711E-15 ) ) ;
#2953 = ADVANCED_FACE ( 'NONE', ( #178 ), #3520, .F. ) ;
#2954 = EDGE_CURVE ( 'NONE', #2035, #3412, #2908, .T. ) ;
#2955 = EDGE_LOOP ( 'NONE', ( #2241, #1301, #4131, #3075 ) ) ;
#2956 = DIRECTION ( 'NONE',  ( 1.000000000000000000, -0.000000000000000000, -6.982962677686266711E-15 ) ) ;
#2957 = ORIENTED_EDGE ( 'NONE', *, *, #3857, .F. ) ;
#2958 = FACE_OUTER_BOUND ( 'NONE', #2832, .T. ) ;
#2959 = LINE ( 'NONE', #1296, #3458 ) ;
#2960 = VECTOR ( 'NONE', #1746, 1000.000000000000000 ) ;
#2961 = EDGE_LOOP ( 'NONE', ( #981, #2557, #3525, #145 ) ) ;
#2962 = CARTESIAN_POINT ( 'NONE',  ( 0.3750000000000061062, 0.1000000000000000056, 0.8999999999999976907 ) ) ;
#2963 = VERTEX_POINT ( 'NONE', #2564 ) ;
#2964 = ORIENTED_EDGE ( 'NONE', *, *, #526, .T. ) ;
#2965 = VECTOR ( 'NONE', #1594, 1000.000000000000000 ) ;
#2966 = PLANE ( 'NONE',  #2721 ) ;
#2967 =( LENGTH_UNIT ( ) NAMED_UNIT ( * ) SI_UNIT ( .MILLI., .METRE. ) );
#2968 = CARTESIAN_POINT ( 'NONE',  ( -0.9000000000000021316, 0.000000000000000000, 6.284666409917655028E-15 ) ) ;
#2969 =( GEOMETRIC_REPRESENTATION_CONTEXT ( 3 ) GLOBAL_UNCERTAINTY_ASSIGNED_CONTEXT ( ( #965 ) ) GLOBAL_UNIT_ASSIGNED_CONTEXT ( ( #3128, #3715, #479 ) ) REPRESENTATION_CONTEXT ( 'NONE', 'WORKASPACE' ) );
#2970 = ORIENTED_EDGE ( 'NONE', *, *, #1911, .F. ) ;
#2971 = EDGE_CURVE ( 'NONE', #1626, #3434, #4157, .T. ) ;
#2972 = LINE ( 'NONE', #652, #1992 ) ;
#2973 = FACE_OUTER_BOUND ( 'NONE', #909, .T. ) ;
#2974 = FILL_AREA_STYLE ('',( #590 ) ) ;
#2975 = UNCERTAINTY_MEASURE_WITH_UNIT (LENGTH_MEASURE( 1.000000000000000082E-05 ), #114, 'distance_accuracy_value', 'NONE');
#2976 = DIRECTION ( 'NONE',  ( 1.256973833203566988E-15, 0.000000000000000000, -1.000000000000000000 ) ) ;
#2977 = LINE ( 'NONE', #2300, #2485 ) ;
#2978 = ORIENTED_EDGE ( 'NONE', *, *, #1964, .T. ) ;
#2979 = LINE ( 'NONE', #2344, #136 ) ;
#2980 = VECTOR ( 'NONE', #2937, 1000.000000000000000 ) ;
#2981 = EDGE_CURVE ( 'NONE', #3257, #166, #2178, .T. ) ;
#2982 = ORIENTED_EDGE ( 'NONE', *, *, #3069, .F. ) ;
#2983 = DIRECTION ( 'NONE',  ( 1.463387981396423302E-15, 0.000000000000000000, 1.000000000000000000 ) ) ;
#2984 = EDGE_CURVE ( 'NONE', #2531, #3322, #2822, .T. ) ;
#2985 = PRESENTATION_LAYER_ASSIGNMENT (  '', '', ( #2009 ) ) ;
#2986 = ORIENTED_EDGE ( 'NONE', *, *, #445, .T. ) ;
#2987 = CARTESIAN_POINT ( 'NONE',  ( -6.110092342975483372E-15, 0.000000000000000000, -0.8750000000000000000 ) ) ;
#2988 = EDGE_CURVE ( 'NONE', #1412, #3122, #1546, .T. ) ;
#2989 = ORIENTED_EDGE ( 'NONE', *, *, #1238, .T. ) ;
#2990 = VECTOR ( 'NONE', #2296, 1000.000000000000000 ) ;
#2991 = ORIENTED_EDGE ( 'NONE', *, *, #1784, .F. ) ;
#2992 = VECTOR ( 'NONE', #3645, 1000.000000000000000 ) ;
#2993 = ORIENTED_EDGE ( 'NONE', *, *, #2152, .T. ) ;
#2994 = VECTOR ( 'NONE', #449, 1000.000000000000000 ) ;
#2995 = PLANE ( 'NONE',  #488 ) ;
#2996 = LINE ( 'NONE', #1613, #3659 ) ;
#2997 = AXIS2_PLACEMENT_3D ( 'NONE', #92, #1418, #4081 ) ;
#2998 = ORIENTED_EDGE ( 'NONE', *, *, #1883, .F. ) ;
#2999 = LINE ( 'NONE', #3608, #3325 ) ;
#3000 = DIRECTION ( 'NONE',  ( 1.000000000000000000, -0.000000000000000000, -6.982962677686266711E-15 ) ) ;
#3001 = PRESENTATION_STYLE_ASSIGNMENT (( #1617 ) ) ;
#3002 = VECTOR ( 'NONE', #3717, 1000.000000000000000 ) ;
#3003 = DIRECTION ( 'NONE',  ( 0.000000000000000000, 1.000000000000000000, 0.000000000000000000 ) ) ;
#3004 =( LENGTH_UNIT ( ) NAMED_UNIT ( * ) SI_UNIT ( .MILLI., .METRE. ) );
#3005 = CARTESIAN_POINT ( 'NONE',  ( -0.3749999999999960587, 0.000000000000000000, 0.6250000000000029976 ) ) ;
#3006 = PLANE ( 'NONE',  #1929 ) ;
#3007 = CARTESIAN_POINT ( 'NONE',  ( 0.6250000000000042188, 0.1000000000000000056, 0.3749999999999941713 ) ) ;
#3008 = ORIENTED_EDGE ( 'NONE', *, *, #425, .F. ) ;
#3009 = CARTESIAN_POINT ( 'NONE',  ( 0.6250000000000009992, 0.000000000000000000, -0.1250000000000050793 ) ) ;
#3010 = EDGE_CURVE ( 'NONE', #3744, #3796, #1898, .T. ) ;
#3011 = VERTEX_POINT ( 'NONE', #4135 ) ;
#3012 = EDGE_CURVE ( 'NONE', #368, #494, #1180, .T. ) ;
#3013 = ORIENTED_EDGE ( 'NONE', *, *, #4023, .T. ) ;
#3014 = EDGE_CURVE ( 'NONE', #516, #3744, #244, .T. ) ;
#3015 = VERTEX_POINT ( 'NONE', #915 ) ;
#3016 = CYLINDRICAL_SURFACE ( 'NONE', #1378, 0.1499999999999999667 ) ;
#3017 = CARTESIAN_POINT ( 'NONE',  ( -0.1250000000000068279, 0.1000000000000000056, -0.8999999999999994671 ) ) ;
#3018 = CARTESIAN_POINT ( 'NONE',  ( -0.6250000000000066613, 0.000000000000000000, -0.6249999999999955591 ) ) ;
#3019 = ORIENTED_EDGE ( 'NONE', *, *, #1833, .F. ) ;
#3020 = CARTESIAN_POINT ( 'NONE',  ( -0.8999999999999995781, 0.000000000000000000, 0.3750000000000043299 ) ) ;
#3021 = FACE_OUTER_BOUND ( 'NONE', #2571, .T. ) ;
#3022 = DIRECTION ( 'NONE',  ( -6.982962677686266711E-15, 0.000000000000000000, -1.000000000000000000 ) ) ;
#3023 = CARTESIAN_POINT ( 'NONE',  ( -0.6250000000000032196, 0.1000000000000000056, -0.1249999999999966138 ) ) ;
#3024 = FILL_AREA_STYLE_COLOUR ( '', #2189 ) ;
#3025 = CARTESIAN_POINT ( 'NONE',  ( -0.1250000000000068279, 0.000000000000000000, -0.8999999999999995781 ) ) ;
#3026 = ORIENTED_EDGE ( 'NONE', *, *, #2339, .F. ) ;
#3027 = DIRECTION ( 'NONE',  ( -5.405941335889167918E-15, 0.000000000000000000, -1.000000000000000000 ) ) ;
#3028 = EDGE_CURVE ( 'NONE', #1861, #3257, #1852, .T. ) ;
#3029 = ORIENTED_EDGE ( 'NONE', *, *, #551, .F. ) ;
#3030 = CARTESIAN_POINT ( 'NONE',  ( 0.3750000000000045519, 0.000000000000000000, 0.6249999999999977796 ) ) ;
#3031 = EDGE_LOOP ( 'NONE', ( #997, #2675, #3099, #2147 ) ) ;
#3032 = VECTOR ( 'NONE', #3234, 1000.000000000000000 ) ;
#3033 = ORIENTED_EDGE ( 'NONE', *, *, #4230, .F. ) ;
#3034 = STYLED_ITEM ( 'NONE', ( #2365 ), #3894 ) ;
#3035 = EDGE_CURVE ( 'NONE', #2963, #2132, #201, .T. ) ;
#3036 = DIRECTION ( 'NONE',  ( 1.000000000000000000, -0.000000000000000000, -5.405941335889167918E-15 ) ) ;
#3037 = CARTESIAN_POINT ( 'NONE',  ( -0.4900000000000034328, 1.000000000000000000, -0.4899999999999962719 ) ) ;
#3038 = EDGE_LOOP ( 'NONE', ( #3743, #475, #3557, #3648 ) ) ;
#3039 = CARTESIAN_POINT ( 'NONE',  ( 0.9000000000000007994, 0.1000000000000000056, -0.1250000000000072720 ) ) ;
#3040 = VECTOR ( 'NONE', #2873, 1000.000000000000000 ) ;
#3041 = FACE_OUTER_BOUND ( 'NONE', #4051, .T. ) ;
#3042 = VECTOR ( 'NONE', #634, 1000.000000000000000 ) ;
#3043 = CARTESIAN_POINT ( 'NONE',  ( 0.9000000000000023537, 0.000000000000000000, 0.1249999999999922007 ) ) ;
#3044 = DIRECTION ( 'NONE',  ( 1.250253737397611564E-14, 0.000000000000000000, 1.000000000000000000 ) ) ;
#3045 = VECTOR ( 'NONE', #30, 1000.000000000000000 ) ;
#3046 = CARTESIAN_POINT ( 'NONE',  ( -0.9000000000000047962, 0.1000000000000000056, -0.3749999999999945599 ) ) ;
#3047 = CARTESIAN_POINT ( 'NONE',  ( -0.4900000000000045430, 1.000000000000000000, -0.6399999999999962386 ) ) ;
#3048 = PLANE ( 'NONE',  #1278 ) ;
#3049 = ORIENTED_EDGE ( 'NONE', *, *, #1830, .F. ) ;
#3050 = ORIENTED_EDGE ( 'NONE', *, *, #556, .T. ) ;
#3051 = LINE ( 'NONE', #2348, #1175 ) ;
#3052 = CLOSED_SHELL ( 'NONE', ( #1592, #2622, #3173, #1297, #1009, #4108 ) ) ;
#3053 = VERTEX_POINT ( 'NONE', #486 ) ;
#3054 = VECTOR ( 'NONE', #3959, 1000.000000000000000 ) ;
#3055 = ORIENTED_EDGE ( 'NONE', *, *, #1535, .T. ) ;
#3056 = FILL_AREA_STYLE_COLOUR ( '', #2211 ) ;
#3057 = CARTESIAN_POINT ( 'NONE',  ( -0.6250000000000081046, 0.1000000000000000056, -0.8749999999999957812 ) ) ;
#3058 = EDGE_LOOP ( 'NONE', ( #797, #83, #80, #1653 ) ) ;
#3059 = CARTESIAN_POINT ( 'NONE',  ( -0.6250000000000031086, 0.000000000000000000, -0.1249999999999963918 ) ) ;
#3060 = AXIS2_PLACEMENT_3D ( 'NONE', #226, #571, #1548 ) ;
#3061 = VECTOR ( 'NONE', #3762, 1000.000000000000000 ) ;
#3062 = DIRECTION ( 'NONE',  ( -0.000000000000000000, -1.000000000000000000, -0.000000000000000000 ) ) ;
#3063 = ADVANCED_FACE ( 'NONE', ( #831 ), #3176, .F. ) ;
#3064 = EDGE_CURVE ( 'NONE', #3213, #3102, #587, .T. ) ;
#3065 = AXIS2_PLACEMENT_3D ( 'NONE', #430, #3076, #2486 ) ;
#3066 = CARTESIAN_POINT ( 'NONE',  ( -0.3750000000000033307, 0.1000000000000000056, -0.4749999999999972022 ) ) ;
#3067 = CARTESIAN_POINT ( 'NONE',  ( -8.728703347107901427E-16, 0.000000000000000000, -0.1250000000000009714 ) ) ;
#3068 = PRESENTATION_LAYER_ASSIGNMENT (  '', '', ( #2019 ) ) ;
#3069 = EDGE_CURVE ( 'NONE', #1649, #1364, #287, .T. ) ;
#3070 = DIRECTION ( 'NONE',  ( -1.000000000000000000, -0.000000000000000000, 8.362856351758727760E-15 ) ) ;
#3071 = EDGE_CURVE ( 'NONE', #2895, #3624, #1306, .T. ) ;
#3072 = DIRECTION ( 'NONE',  ( 5.405941335889167918E-15, 0.000000000000000000, 1.000000000000000000 ) ) ;
#3073 = DIRECTION ( 'NONE',  ( 6.391579674512355058E-15, 0.000000000000000000, 1.000000000000000000 ) ) ;
#3074 = ORIENTED_EDGE ( 'NONE', *, *, #1886, .F. ) ;
#3075 = ORIENTED_EDGE ( 'NONE', *, *, #96, .T. ) ;
#3076 = DIRECTION ( 'NONE',  ( 0.000000000000000000, -1.000000000000000000, 0.000000000000000000 ) ) ;
#3077 = EDGE_LOOP ( 'NONE', ( #626, #3163, #3929, #2884 ) ) ;
#3078 = ORIENTED_EDGE ( 'NONE', *, *, #1825, .T. ) ;
#3079 = ORIENTED_EDGE ( 'NONE', *, *, #125, .T. ) ;
#3080 = ORIENTED_EDGE ( 'NONE', *, *, #2420, .F. ) ;
#3081 = CARTESIAN_POINT ( 'NONE',  ( 0.1249999999999958505, 0.1000000000000000056, -0.6250000000000012212 ) ) ;
#3082 = LINE ( 'NONE', #437, #961 ) ;
#3083 = DIRECTION ( 'NONE',  ( 6.391579674512355058E-15, 0.000000000000000000, 1.000000000000000000 ) ) ;
#3084 = CARTESIAN_POINT ( 'NONE',  ( -0.1250000000000068279, 0.1000000000000000056, -0.8999999999999994671 ) ) ;
#3085 = PLANE ( 'NONE',  #3897 ) ;
#3086 = CARTESIAN_POINT ( 'NONE',  ( 0.6250000000000054401, 0.1000000000000000056, 0.8749999999999931166 ) ) ;
#3087 = CARTESIAN_POINT ( 'NONE',  ( -0.3750000000000033307, 0.000000000000000000, -0.4749999999999972577 ) ) ;
#3088 = DIRECTION ( 'NONE',  ( 6.982962677686266711E-15, 0.000000000000000000, 1.000000000000000000 ) ) ;
#3089 = FACE_OUTER_BOUND ( 'NONE', #3534, .T. ) ;
#3090 = EDGE_CURVE ( 'NONE', #666, #1364, #2679, .T. ) ;
#3091 = FACE_OUTER_BOUND ( 'NONE', #3466, .T. ) ;
#3092 = ORIENTED_EDGE ( 'NONE', *, *, #1270, .T. ) ;
#3093 = EDGE_CURVE ( 'NONE', #428, #2905, #1633, .T. ) ;
#3094 = ORIENTED_EDGE ( 'NONE', *, *, #3699, .F. ) ;
#3095 = CARTESIAN_POINT ( 'NONE',  ( -0.9000000000000012434, 0.000000000000000000, 0.1250000000000045519 ) ) ;
#3096 = UNCERTAINTY_MEASURE_WITH_UNIT (LENGTH_MEASURE( 1.000000000000000082E-05 ), #3227, 'distance_accuracy_value', 'NONE');
#3097 = EDGE_LOOP ( 'NONE', ( #2604, #3580, #1340, #107 ) ) ;
#3098 = ORIENTED_EDGE ( 'NONE', *, *, #3876, .T. ) ;
#3099 = ORIENTED_EDGE ( 'NONE', *, *, #1784, .T. ) ;
#3100 = LINE ( 'NONE', #106, #3481 ) ;
#3101 = PLANE ( 'NONE',  #3195 ) ;
#3102 = VERTEX_POINT ( 'NONE', #2609 ) ;
#3103 = LINE ( 'NONE', #3084, #1087 ) ;
#3104 = VECTOR ( 'NONE', #2931, 1000.000000000000000 ) ;
#3105 = DIRECTION ( 'NONE',  ( 8.362856351758727760E-15, 0.000000000000000000, 1.000000000000000000 ) ) ;
#3106 = DIRECTION ( 'NONE',  ( 6.982962677686266711E-15, 0.000000000000000000, 1.000000000000000000 ) ) ;
#3107 = EDGE_CURVE ( 'NONE', #1057, #3879, #1003, .T. ) ;
#3108 = CARTESIAN_POINT ( 'NONE',  ( 0.3750000000000045519, 0.1000000000000000056, 0.6249999999999977796 ) ) ;
#3109 = VECTOR ( 'NONE', #3899, 1000.000000000000000 ) ;
#3110 = PRESENTATION_STYLE_ASSIGNMENT (( #2764 ) ) ;
#3111 = LINE ( 'NONE', #3461, #2662 ) ;
#3112 = AXIS2_PLACEMENT_3D ( 'NONE', #4223, #1245, #2247 ) ;
#3113 = EDGE_CURVE ( 'NONE', #764, #2515, #2630, .T. ) ;
#3114 = CARTESIAN_POINT ( 'NONE',  ( 0.000000000000000000, 0.000000000000000000, 0.000000000000000000 ) ) ;
#3115 = CARTESIAN_POINT ( 'NONE',  ( 0.1250000000000041911, 0.1000000000000000056, 0.6249999999999994449 ) ) ;
#3116 = ORIENTED_EDGE ( 'NONE', *, *, #285, .F. ) ;
#3117 = LINE ( 'NONE', #121, #1452 ) ;
#3118 = EDGE_CURVE ( 'NONE', #3308, #410, #3263, .T. ) ;
#3119 = EDGE_CURVE ( 'NONE', #410, #3875, #3630, .T. ) ;
#3120 = ORIENTED_EDGE ( 'NONE', *, *, #2048, .F. ) ;
#3121 = EDGE_CURVE ( 'NONE', #2732, #2302, #1331, .T. ) ;
#3122 = VERTEX_POINT ( 'NONE', #328 ) ;
#3123 = EDGE_CURVE ( 'NONE', #3968, #2856, #4246, .T. ) ;
#3124 = DIRECTION ( 'NONE',  ( -5.208813668164530963E-15, -0.000000000000000000, -1.000000000000000000 ) ) ;
#3125 = AXIS2_PLACEMENT_3D ( 'NONE', #3114, #444, #94 ) ;
#3126 = DIRECTION ( 'NONE',  ( -7.091382894934817154E-15, 0.000000000000000000, -1.000000000000000000 ) ) ;
#3127 = ORIENTED_EDGE ( 'NONE', *, *, #146, .T. ) ;
#3128 =( LENGTH_UNIT ( ) NAMED_UNIT ( * ) SI_UNIT ( .MILLI., .METRE. ) );
#3129 = VECTOR ( 'NONE', #3192, 1000.000000000000000 ) ;
#3130 = DIRECTION ( 'NONE',  ( 6.982962677686266711E-15, 0.000000000000000000, 1.000000000000000000 ) ) ;
#3131 = LINE ( 'NONE', #2454, #281 ) ;
#3132 = CARTESIAN_POINT ( 'NONE',  ( -0.6250000000000013323, 0.1000000000000000056, 0.1250000000000025258 ) ) ;
#3133 = ORIENTED_EDGE ( 'NONE', *, *, #349, .T. ) ;
#3134 = AXIS2_PLACEMENT_3D ( 'NONE', #1891, #4189, #455 ) ;
#3135 = DIRECTION ( 'NONE',  ( 0.000000000000000000, 1.000000000000000000, 0.000000000000000000 ) ) ;
#3136 = VECTOR ( 'NONE', #899, 1000.000000000000000 ) ;
#3137 = DIRECTION ( 'NONE',  ( -6.391579674512355058E-15, 0.000000000000000000, -1.000000000000000000 ) ) ;
#3138 = VECTOR ( 'NONE', #593, 1000.000000000000000 ) ;
#3139 = LINE ( 'NONE', #1075, #3410 ) ;
#3140 = FACE_BOUND ( 'NONE', #4107, .T. ) ;
#3141 = ORIENTED_EDGE ( 'NONE', *, *, #1238, .F. ) ;
#3142 = LINE ( 'NONE', #405, #2149 ) ;
#3143 = MECHANICAL_DESIGN_GEOMETRIC_PRESENTATION_REPRESENTATION (  '', ( #2143 ), #73 ) ;
#3144 = PRODUCT_DEFINITION_CONTEXT ( 'detailed design', #4309, 'design' ) ;
#3145 = EDGE_LOOP ( 'NONE', ( #1584, #2450, #3386, #1281 ) ) ;
#3146 = ORIENTED_EDGE ( 'NONE', *, *, #4279, .T. ) ;
#3147 = ORIENTED_EDGE ( 'NONE', *, *, #1194, .T. ) ;
#3148 = ADVANCED_FACE ( 'NONE', ( #1681 ), #3668, .F. ) ;
#3149 = CARTESIAN_POINT ( 'NONE',  ( -0.9999999999999931166, 0.000000000000000000, 1.000000000000007327 ) ) ;
#3150 = EDGE_CURVE ( 'NONE', #1039, #1152, #1985, .T. ) ;
#3151 = EDGE_LOOP ( 'NONE', ( #453, #3435, #367, #4239 ) ) ;
#3152 = EDGE_CURVE ( 'NONE', #1412, #3529, #2996, .T. ) ;
#3153 = CARTESIAN_POINT ( 'NONE',  ( -0.1250000000000005551, 0.000000000000000000, 8.728703347107871845E-16 ) ) ;
#3154 = DIRECTION ( 'NONE',  ( 4.380877463721056069E-15, -0.000000000000000000, 1.000000000000000000 ) ) ;
#3155 = CARTESIAN_POINT ( 'NONE',  ( 0.8999999999999956923, 0.000000000000000000, -0.8750000000000061062 ) ) ;
#3156 = DIRECTION ( 'NONE',  ( 1.000000000000000000, 0.000000000000000000, -7.850324415674670258E-15 ) ) ;
#3157 = PLANE ( 'NONE',  #1287 ) ;
#3158 = PLANE ( 'NONE',  #3549 ) ;
#3159 = CARTESIAN_POINT ( 'NONE',  ( 0.9000000000000041300, 0.000000000000000000, 0.3749999999999918954 ) ) ;
#3160 = LINE ( 'NONE', #4163, #2072 ) ;
#3161 = LINE ( 'NONE', #1756, #3526 ) ;
#3162 = FACE_OUTER_BOUND ( 'NONE', #2347, .T. ) ;
#3163 = ORIENTED_EDGE ( 'NONE', *, *, #3652, .F. ) ;
#3164 = EDGE_CURVE ( 'NONE', #3432, #2415, #3329, .T. ) ;
#3165 = PLANE ( 'NONE',  #2897 ) ;
#3166 = ORIENTED_EDGE ( 'NONE', *, *, #468, .T. ) ;
#3167 = ORIENTED_EDGE ( 'NONE', *, *, #2827, .T. ) ;
#3168 = ORIENTED_EDGE ( 'NONE', *, *, #4271, .T. ) ;
#3169 = LINE ( 'NONE', #2516, #2651 ) ;
#3170 = DIRECTION ( 'NONE',  ( 1.000000000000000000, 0.000000000000000000, 0.000000000000000000 ) ) ;
#3171 = DIRECTION ( 'NONE',  ( 6.982962677686266711E-15, 0.000000000000000000, 1.000000000000000000 ) ) ;
#3172 = DIRECTION ( 'NONE',  ( 1.000000000000000000, -0.000000000000000000, -8.362856351758727760E-15 ) ) ;
#3173 = ADVANCED_FACE ( 'NONE', ( #1656 ), #1263, .F. ) ;
#3174 = ORIENTED_EDGE ( 'NONE', *, *, #2455, .T. ) ;
#3175 = DIRECTION ( 'NONE',  ( -1.000000000000000000, 0.000000000000000000, 6.621561953524431636E-15 ) ) ;
#3176 = PLANE ( 'NONE',  #1240 ) ;
#3177 = CARTESIAN_POINT ( 'NONE',  ( 0.3749999999999935052, 0.000000000000000000, -0.9000000000000029088 ) ) ;
#3178 = VECTOR ( 'NONE', #3307, 1000.000000000000000 ) ;
#3179 = DIRECTION ( 'NONE',  ( 0.000000000000000000, -1.000000000000000000, 0.000000000000000000 ) ) ;
#3180 =( LENGTH_UNIT ( ) NAMED_UNIT ( * ) SI_UNIT ( .MILLI., .METRE. ) );
#3181 = PLANE ( 'NONE',  #1933 ) ;
#3182 = CARTESIAN_POINT ( 'NONE',  ( 0.1249999999999958505, 0.000000000000000000, -0.6250000000000012212 ) ) ;
#3183 = CARTESIAN_POINT ( 'NONE',  ( -0.3749999999999938383, 0.1000000000000000056, 0.9000000000000030198 ) ) ;
#3184 = ORIENTED_EDGE ( 'NONE', *, *, #2705, .F. ) ;
#3185 = PLANE ( 'NONE',  #1914 ) ;
#3186 = EDGE_LOOP ( 'NONE', ( #2659, #2260, #1803, #4174 ) ) ;
#3187 = EDGE_LOOP ( 'NONE', ( #1171, #1556, #409, #3553 ) ) ;
#3188 = VERTEX_POINT ( 'NONE', #3018 ) ;
#3189 = ORIENTED_EDGE ( 'NONE', *, *, #2971, .F. ) ;
#3190 = LINE ( 'NONE', #2819, #4158 ) ;
#3191 = AXIS2_PLACEMENT_3D ( 'NONE', #116, #3429, #2461 ) ;
#3192 = DIRECTION ( 'NONE',  ( 1.000000000000000000, -0.000000000000000000, -6.982962677686266711E-15 ) ) ;
#3193 = CARTESIAN_POINT ( 'NONE',  ( 0.6249999999999993339, 0.000000000000000000, -4.364351673553911961E-15 ) ) ;
#3194 = DIRECTION ( 'NONE',  ( 0.000000000000000000, 1.000000000000000000, 0.000000000000000000 ) ) ;
#3195 = AXIS2_PLACEMENT_3D ( 'NONE', #3877, #3126, #2237 ) ;
#3196 = EDGE_CURVE ( 'NONE', #4235, #2190, #2697, .T. ) ;
#3197 = CARTESIAN_POINT ( 'NONE',  ( -0.8999999999999978018, 0.1000000000000000056, 0.6250000000000036637 ) ) ;
#3198 = DIRECTION ( 'NONE',  ( -1.000000000000000000, 0.000000000000000000, 5.603069003613805661E-15 ) ) ;
#3199 = EDGE_CURVE ( 'NONE', #1085, #4052, #3933, .T. ) ;
#3200 = AXIS2_PLACEMENT_3D ( 'NONE', #3935, #2248, #589 ) ;
#3201 = DIRECTION ( 'NONE',  ( 1.000000000000000000, 0.000000000000000000, -5.248239201709448572E-15 ) ) ;
#3202 = EDGE_CURVE ( 'NONE', #1938, #2045, #2266, .T. ) ;
#3203 = AXIS2_PLACEMENT_3D ( 'NONE', #2826, #849, #3803 ) ;
#3204 = EDGE_CURVE ( 'NONE', #4109, #516, #2737, .T. ) ;
#3205 = AXIS2_PLACEMENT_3D ( 'NONE', #2519, #1197, #196 ) ;
#3206 = VERTEX_POINT ( 'NONE', #4056 ) ;
#3207 = CARTESIAN_POINT ( 'NONE',  ( 0.000000000000000000, 0.000000000000000000, 0.000000000000000000 ) ) ;
#3208 = VERTEX_POINT ( 'NONE', #701 ) ;
#3209 = AXIS2_PLACEMENT_3D ( 'NONE', #3969, #2647, #2691 ) ;
#3210 = ORIENTED_EDGE ( 'NONE', *, *, #2674, .F. ) ;
#3211 = DIRECTION ( 'NONE',  ( -6.982962677686266711E-15, -0.000000000000000000, -1.000000000000000000 ) ) ;
#3212 = LINE ( 'NONE', #3556, #3032 ) ;
#3213 = VERTEX_POINT ( 'NONE', #495 ) ;
#3214 = ORIENTED_EDGE ( 'NONE', *, *, #4094, .F. ) ;
#3215 = STYLED_ITEM ( 'NONE', ( #3001 ), #2391 ) ;
#3216 = ORIENTED_EDGE ( 'NONE', *, *, #656, .T. ) ;
#3217 = EDGE_LOOP ( 'NONE', ( #2395, #780, #2176, #912 ) ) ;
#3218 = DIRECTION ( 'NONE',  ( 0.000000000000000000, -1.000000000000000000, 0.000000000000000000 ) ) ;
#3219 = LINE ( 'NONE', #2887, #2443 ) ;
#3220 = ORIENTED_EDGE ( 'NONE', *, *, #3920, .F. ) ;
#3221 = PLANE ( 'NONE',  #1655 ) ;
#3222 = CARTESIAN_POINT ( 'NONE',  ( 0.6250000000000042188, 0.1000000000000000056, 0.3749999999999941713 ) ) ;
#3223 = CARTESIAN_POINT ( 'NONE',  ( 0.6250000000000009992, 0.1000000000000000056, -0.1250000000000049960 ) ) ;
#3224 = CARTESIAN_POINT ( 'NONE',  ( 0.000000000000000000, 0.1000000000000000056, 0.000000000000000000 ) ) ;
#3225 = LINE ( 'NONE', #2892, #2791 ) ;
#3226 = CARTESIAN_POINT ( 'NONE',  ( 0.6250000000000008882, 0.1000000000000000056, -0.1250000000000049682 ) ) ;
#3227 =( LENGTH_UNIT ( ) NAMED_UNIT ( * ) SI_UNIT ( .MILLI., .METRE. ) );
#3228 = ORIENTED_EDGE ( 'NONE', *, *, #1346, .T. ) ;
#3229 = DIRECTION ( 'NONE',  ( -1.000000000000000000, 0.000000000000000000, 6.115600939697863952E-15 ) ) ;
#3230 = ADVANCED_FACE ( 'NONE', ( #2074 ), #740, .F. ) ;
#3231 = ORIENTED_EDGE ( 'NONE', *, *, #603, .T. ) ;
#3232 = EDGE_CURVE ( 'NONE', #4304, #3726, #2168, .T. ) ;
#3233 = CARTESIAN_POINT ( 'NONE',  ( -0.6249999999999967804, 0.000000000000000000, 0.8750000000000016653 ) ) ;
#3234 = DIRECTION ( 'NONE',  ( -1.000000000000000000, 0.000000000000000000, 6.982962677686266711E-15 ) ) ;
#3235 = EDGE_LOOP ( 'NONE', ( #2770, #4075, #3531, #3392 ) ) ;
#3236 = ORIENTED_EDGE ( 'NONE', *, *, #2674, .T. ) ;
#3237 = EDGE_LOOP ( 'NONE', ( #2957, #2397, #2738, #2508 ) ) ;
#3238 = DIRECTION ( 'NONE',  ( 0.000000000000000000, 1.000000000000000000, 0.000000000000000000 ) ) ;
#3239 = DIRECTION ( 'NONE',  ( 6.982962677686266711E-15, 0.000000000000000000, 1.000000000000000000 ) ) ;
#3240 = CARTESIAN_POINT ( 'NONE',  ( -0.2250000000000033917, 0.000000000000000000, -0.4749999999999982014 ) ) ;
#3241 = DIRECTION ( 'NONE',  ( -6.982962677686266711E-15, 0.000000000000000000, -1.000000000000000000 ) ) ;
#3242 = CARTESIAN_POINT ( 'NONE',  ( 0.6249999999999990008, 0.1000000000000000056, -0.3750000000000052180 ) ) ;
#3243 = CARTESIAN_POINT ( 'NONE',  ( 0.6249999999999975575, 0.1000000000000000056, -0.6250000000000041078 ) ) ;
#3244 = DIRECTION ( 'NONE',  ( -0.000000000000000000, -1.000000000000000000, -0.000000000000000000 ) ) ;
#3245 = CARTESIAN_POINT ( 'NONE',  ( 8.728703347107712101E-16, 0.000000000000000000, 0.1249999999999982653 ) ) ;
#3246 = LINE ( 'NONE', #920, #3040 ) ;
#3247 = LINE ( 'NONE', #879, #1736 ) ;
#3248 = AXIS2_PLACEMENT_3D ( 'NONE', #318, #3027, #14 ) ;
#3249 = ORIENTED_EDGE ( 'NONE', *, *, #1890, .F. ) ;
#3250 = FACE_OUTER_BOUND ( 'NONE', #2216, .T. ) ;
#3251 = DIRECTION ( 'NONE',  ( -0.000000000000000000, -1.000000000000000000, -0.000000000000000000 ) ) ;
#3252 = AXIS2_PLACEMENT_3D ( 'NONE', #1972, #637, #360 ) ;
#3253 = ADVANCED_FACE ( 'NONE', ( #3835 ), #1024, .F. ) ;
#3254 = ORIENTED_EDGE ( 'NONE', *, *, #3121, .F. ) ;
#3255 = ADVANCED_FACE ( 'NONE', ( #69 ), #3372, .F. ) ;
#3256 = VECTOR ( 'NONE', #3264, 1000.000000000000000 ) ;
#3257 = VERTEX_POINT ( 'NONE', #1700 ) ;
#3258 = ADVANCED_FACE ( 'NONE', ( #839 ), #4074, .T. ) ;
#3259 = VERTEX_POINT ( 'NONE', #48 ) ;
#3260 = ORIENTED_EDGE ( 'NONE', *, *, #3464, .F. ) ;
#3261 = DIRECTION ( 'NONE',  ( -1.000000000000000000, 0.000000000000000000, 6.982962677686266711E-15 ) ) ;
#3262 = DIRECTION ( 'NONE',  ( -5.405941335889167918E-15, 0.000000000000000000, -1.000000000000000000 ) ) ;
#3263 = LINE ( 'NONE', #3607, #3727 ) ;
#3264 = DIRECTION ( 'NONE',  ( 7.850324415674670258E-15, -0.000000000000000000, 1.000000000000000000 ) ) ;
#3265 = VERTEX_POINT ( 'NONE', #2718 ) ;
#3266 = CLOSED_SHELL ( 'NONE', ( #2446, #2615, #2331, #1925, #292, #1427 ) ) ;
#3267 = DIRECTION ( 'NONE',  ( -1.250253737397611564E-14, 0.000000000000000000, -1.000000000000000000 ) ) ;
#3268 = ORIENTED_EDGE ( 'NONE', *, *, #4219, .F. ) ;
#3269 = CARTESIAN_POINT ( 'NONE',  ( -0.6249999999999997780, 0.1000000000000000056, 0.3750000000000027756 ) ) ;
#3270 = VECTOR ( 'NONE', #3506, 1000.000000000000000 ) ;
#3271 = DIRECTION ( 'NONE',  ( 1.000000000000000000, -0.000000000000000000, -6.194452006787718103E-15 ) ) ;
#3272 = ORIENTED_EDGE ( 'NONE', *, *, #1640, .F. ) ;
#3273 = CARTESIAN_POINT ( 'NONE',  ( 0.000000000000000000, 0.1000000000000000056, 0.000000000000000000 ) ) ;
#3274 = PRESENTATION_LAYER_ASSIGNMENT (  '', '', ( #2501 ) ) ;
#3275 = VERTEX_POINT ( 'NONE', #167 ) ;
#3276 = FACE_OUTER_BOUND ( 'NONE', #2550, .T. ) ;
#3277 = CARTESIAN_POINT ( 'NONE',  ( -0.9000000000000012434, 0.000000000000000000, 0.1250000000000045519 ) ) ;
#3278 = VECTOR ( 'NONE', #1304, 1000.000000000000000 ) ;
#3279 = VECTOR ( 'NONE', #3000, 1000.000000000000000 ) ;
#3280 = ORIENTED_EDGE ( 'NONE', *, *, #682, .F. ) ;
#3281 = AXIS2_PLACEMENT_3D ( 'NONE', #4115, #3477, #541 ) ;
#3282 = ORIENTED_EDGE ( 'NONE', *, *, #23, .T. ) ;
#3283 = ORIENTED_EDGE ( 'NONE', *, *, #1563, .T. ) ;
#3284 = VECTOR ( 'NONE', #75, 1000.000000000000000 ) ;
#3285 = ORIENTED_EDGE ( 'NONE', *, *, #557, .T. ) ;
#3286 = LINE ( 'NONE', #3665, #4096 ) ;
#3287 = EDGE_CURVE ( 'NONE', #370, #694, #1820, .T. ) ;
#3288 = DIRECTION ( 'NONE',  ( -1.000000000000000000, 0.000000000000000000, 5.405941335889167918E-15 ) ) ;
#3289 = ADVANCED_FACE ( 'NONE', ( #3756 ), #3165, .F. ) ;
#3290 = DIRECTION ( 'NONE',  ( 0.000000000000000000, -1.000000000000000000, 0.000000000000000000 ) ) ;
#3291 = CARTESIAN_POINT ( 'NONE',  ( 0.1249999999999939354, 0.1000000000000000056, -0.9000000000000011324 ) ) ;
#3292 =( NAMED_UNIT ( * ) PLANE_ANGLE_UNIT ( ) SI_UNIT ( $, .RADIAN. ) );
#3293 = UNCERTAINTY_MEASURE_WITH_UNIT (LENGTH_MEASURE( 1.000000000000000082E-05 ), #87, 'distance_accuracy_value', 'NONE');
#3294 = CARTESIAN_POINT ( 'NONE',  ( 0.6250000000000009992, 0.1000000000000000056, -0.1250000000000049960 ) ) ;
#3295 = FACE_OUTER_BOUND ( 'NONE', #260, .T. ) ;
#3296 = ORIENTED_EDGE ( 'NONE', *, *, #1135, .F. ) ;
#3297 = LINE ( 'NONE', #3701, #481 ) ;
#3298 = DIRECTION ( 'NONE',  ( 0.000000000000000000, -1.000000000000000000, 0.000000000000000000 ) ) ;
#3299 = DIRECTION ( 'NONE',  ( -0.7071067811865522357, 0.000000000000000000, -0.7071067811865429098 ) ) ;
#3300 = DIRECTION ( 'NONE',  ( -6.982962677686266711E-15, 0.000000000000000000, -1.000000000000000000 ) ) ;
#3301 = VERTEX_POINT ( 'NONE', #765 ) ;
#3302 = VERTEX_POINT ( 'NONE', #3713 ) ;
#3303 = VERTEX_POINT ( 'NONE', #2096 ) ;
#3304 = CARTESIAN_POINT ( 'NONE',  ( 0.3750000000000061062, 0.000000000000000000, 0.8999999999999976907 ) ) ;
#3305 = ADVANCED_FACE ( 'NONE', ( #190 ), #1843, .F. ) ;
#3306 = FACE_OUTER_BOUND ( 'NONE', #582, .T. ) ;
#3307 = DIRECTION ( 'NONE',  ( 1.000000000000000000, -0.000000000000000000, -8.165728684034090016E-15 ) ) ;
#3308 = VERTEX_POINT ( 'NONE', #392 ) ;
#3309 = ORIENTED_EDGE ( 'NONE', *, *, #181, .T. ) ;
#3310 = CARTESIAN_POINT ( 'NONE',  ( -0.6250000000000012212, 0.000000000000000000, 0.1250000000000025258 ) ) ;
#3311 = CARTESIAN_POINT ( 'NONE',  ( -0.6250000000000047740, 0.1000000000000000056, -0.3749999999999966138 ) ) ;
#3312 = EDGE_CURVE ( 'NONE', #1621, #2773, #1047, .T. ) ;
#3313 = DIRECTION ( 'NONE',  ( 1.000000000000000000, 0.000000000000000000, -6.982962677686266711E-15 ) ) ;
#3314 = CARTESIAN_POINT ( 'NONE',  ( -0.1250000000000068279, 0.1000000000000000056, -0.8999999999999994671 ) ) ;
#3315 = ADVANCED_FACE ( 'NONE', ( #2050 ), #3185, .F. ) ;
#3316 = CARTESIAN_POINT ( 'NONE',  ( 0.6250000000000052180, 0.1000000000000000056, 0.6249999999999931166 ) ) ;
#3317 = CARTESIAN_POINT ( 'NONE',  ( 0.8999999999999991340, 0.000000000000000000, -0.3750000000000069389 ) ) ;
#3318 = PLANE ( 'NONE',  #3384 ) ;
#3319 = VECTOR ( 'NONE', #2277, 1000.000000000000000 ) ;
#3320 = ORIENTED_EDGE ( 'NONE', *, *, #1473, .T. ) ;
#3321 = DIRECTION ( 'NONE',  ( 0.000000000000000000, 1.000000000000000000, 0.000000000000000000 ) ) ;
#3322 = VERTEX_POINT ( 'NONE', #1721 ) ;
#3323 = AXIS2_PLACEMENT_3D ( 'NONE', #1598, #554, #2938 ) ;
#3324 = ORIENTED_EDGE ( 'NONE', *, *, #2673, .F. ) ;
#3325 = VECTOR ( 'NONE', #1264, 1000.000000000000000 ) ;
#3326 = LINE ( 'NONE', #2310, #2992 ) ;
#3327 = CARTESIAN_POINT ( 'NONE',  ( -0.9999999999999931166, 1.000000000000000000, 1.000000000000007327 ) ) ;
#3328 = VERTEX_POINT ( 'NONE', #3057 ) ;
#3329 = LINE ( 'NONE', #3954, #3178 ) ;
#3330 = MECHANICAL_DESIGN_GEOMETRIC_PRESENTATION_REPRESENTATION (  '', ( #2559 ), #2969 ) ;
#3331 = VERTEX_POINT ( 'NONE', #1393 ) ;
#3332 = LINE ( 'NONE', #1658, #2267 ) ;
#3333 = DIRECTION ( 'NONE',  ( -2.991697309180445080E-15, -0.000000000000000000, 1.000000000000000000 ) ) ;
#3334 = PLANE ( 'NONE',  #2730 ) ;
#3335 = PLANE ( 'NONE',  #4151 ) ;
#3336 = PRESENTATION_STYLE_ASSIGNMENT (( #707 ) ) ;
#3337 = CLOSED_SHELL ( 'NONE', ( #1380, #2373, #2877, #447, #4143, #4244 ) ) ;
#3338 = ADVANCED_FACE ( 'NONE', ( #2400 ), #2900, .T. ) ;
#3339 = DIRECTION ( 'NONE',  ( 1.000000000000000000, -0.000000000000000000, -6.982962677686266711E-15 ) ) ;
#3340 = AXIS2_PLACEMENT_3D ( 'NONE', #442, #2742, #1767 ) ;
#3341 = ORIENTED_EDGE ( 'NONE', *, *, #735, .T. ) ;
#3342 = ADVANCED_FACE ( 'NONE', ( #1909 ), #3578, .T. ) ;
#3343 = CARTESIAN_POINT ( 'NONE',  ( -0.9000000000000012434, 0.000000000000000000, 0.1250000000000045519 ) ) ;
#3344 = ADVANCED_FACE ( 'NONE', ( #4238 ), #2942, .F. ) ;
#3345 = VECTOR ( 'NONE', #4134, 1000.000000000000000 ) ;
#3346 = ORIENTED_EDGE ( 'NONE', *, *, #3202, .F. ) ;
#3347 = PLANE ( 'NONE',  #3485 ) ;
#3348 = ORIENTED_EDGE ( 'NONE', *, *, #1119, .F. ) ;
#3349 = VECTOR ( 'NONE', #1498, 1000.000000000000000 ) ;
#3350 = VECTOR ( 'NONE', #3867, 1000.000000000000000 ) ;
#3351 = ORIENTED_EDGE ( 'NONE', *, *, #2196, .F. ) ;
#3352 = VECTOR ( 'NONE', #1888, 1000.000000000000000 ) ;
#3353 = LINE ( 'NONE', #352, #1105 ) ;
#3354 = DIRECTION ( 'NONE',  ( 1.000000000000000000, 0.000000000000000000, -6.194452006787718103E-15 ) ) ;
#3355 = CARTESIAN_POINT ( 'NONE',  ( -0.9000000000000030198, 0.1000000000000000056, -0.1249999999999949069 ) ) ;
#3356 = ORIENTED_EDGE ( 'NONE', *, *, #3613, .F. ) ;
#3357 = DIRECTION ( 'NONE',  ( 0.000000000000000000, 1.000000000000000000, 0.000000000000000000 ) ) ;
#3358 = FACE_OUTER_BOUND ( 'NONE', #2439, .T. ) ;
#3359 = CARTESIAN_POINT ( 'NONE',  ( -0.4900000000000034328, 0.9000000000000001332, -0.4899999999999962719 ) ) ;
#3360 = ADVANCED_FACE ( 'NONE', ( #2603 ), #4211, .F. ) ;
#3361 = CARTESIAN_POINT ( 'NONE',  ( 0.3750000000000061617, 0.000000000000000000, 0.8999999999999976907 ) ) ;
#3362 = LINE ( 'NONE', #4002, #249 ) ;
#3363 = CARTESIAN_POINT ( 'NONE',  ( 6.110092342975464439E-15, 0.000000000000000000, 0.8749999999999973355 ) ) ;
#3364 = ORIENTED_EDGE ( 'NONE', *, *, #3446, .F. ) ;
#3365 = LINE ( 'NONE', #384, #40 ) ;
#3366 = CARTESIAN_POINT ( 'NONE',  ( 0.1249999999999939354, 0.1000000000000000056, -0.9000000000000011324 ) ) ;
#3367 = ADVANCED_FACE ( 'NONE', ( #2621 ), #1578, .F. ) ;
#3368 = ORIENTED_EDGE ( 'NONE', *, *, #1886, .T. ) ;
#3369 = EDGE_LOOP ( 'NONE', ( #1391, #1083, #857, #2736 ) ) ;
#3370 = FACE_OUTER_BOUND ( 'NONE', #3657, .T. ) ;
#3371 =( LENGTH_UNIT ( ) NAMED_UNIT ( * ) SI_UNIT ( .MILLI., .METRE. ) );
#3372 = PLANE ( 'NONE',  #1491 ) ;
#3373 = ORIENTED_EDGE ( 'NONE', *, *, #1532, .F. ) ;
#3374 = CARTESIAN_POINT ( 'NONE',  ( 0.9000000000000014655, 0.000000000000000000, -6.284666409917650295E-15 ) ) ;
#3375 = DIRECTION ( 'NONE',  ( -1.000000000000000000, 0.000000000000000000, 8.362856351758727760E-15 ) ) ;
#3376 = LINE ( 'NONE', #2102, #884 ) ;
#3377 = CARTESIAN_POINT ( 'NONE',  ( -0.9000000000000030198, 0.1000000000000000056, -0.1249999999999949069 ) ) ;
#3378 = LINE ( 'NONE', #4273, #2860 ) ;
#3379 = DIRECTION ( 'NONE',  ( 0.000000000000000000, 1.000000000000000000, 0.000000000000000000 ) ) ;
#3380 = CARTESIAN_POINT ( 'NONE',  ( -0.1250000000000068279, 0.000000000000000000, -0.8999999999999995781 ) ) ;
#3381 = VERTEX_POINT ( 'NONE', #3277 ) ;
#3382 = LINE ( 'NONE', #3708, #1872 ) ;
#3383 = ORIENTED_EDGE ( 'NONE', *, *, #2021, .T. ) ;
#3384 = AXIS2_PLACEMENT_3D ( 'NONE', #2305, #2390, #2024 ) ;
#3385 = EDGE_CURVE ( 'NONE', #715, #2859, #2578, .T. ) ;
#3386 = ORIENTED_EDGE ( 'NONE', *, *, #865, .F. ) ;
#3387 = EDGE_CURVE ( 'NONE', #370, #1068, #1210, .T. ) ;
#3388 = VECTOR ( 'NONE', #2182, 1000.000000000000000 ) ;
#3389 =( NAMED_UNIT ( * ) PLANE_ANGLE_UNIT ( ) SI_UNIT ( $, .RADIAN. ) );
#3390 = DIRECTION ( 'NONE',  ( 7.416643546680468484E-15, 0.000000000000000000, 1.000000000000000000 ) ) ;
#3391 = EDGE_CURVE ( 'NONE', #3434, #4196, #3946, .T. ) ;
#3392 = ORIENTED_EDGE ( 'NONE', *, *, #1153, .T. ) ;
#3393 =( NAMED_UNIT ( * ) SI_UNIT ( $, .STERADIAN. ) SOLID_ANGLE_UNIT ( ) );
#3394 = EDGE_CURVE ( 'NONE', #2632, #3538, #945, .T. ) ;
#3395 = VECTOR ( 'NONE', #2890, 1000.000000000000000 ) ;
#3396 = CARTESIAN_POINT ( 'NONE',  ( 0.6250000000000042188, 0.000000000000000000, 0.3749999999999941713 ) ) ;
#3397 = FILL_AREA_STYLE ('',( #1416 ) ) ;
#3398 = VECTOR ( 'NONE', #2295, 1000.000000000000000 ) ;
#3399 = CARTESIAN_POINT ( 'NONE',  ( 0.6250000000000023315, 0.1000000000000000056, 0.1249999999999939632 ) ) ;
#3400 = SURFACE_SIDE_STYLE ('',( #3738 ) ) ;
#3401 = CARTESIAN_POINT ( 'NONE',  ( -0.3750000000000033307, 0.000000000000000000, -0.4749999999999972022 ) ) ;
#3402 = CARTESIAN_POINT ( 'NONE',  ( 0.9000000000000023537, 0.1000000000000000056, 0.1249999999999922007 ) ) ;
#3403 = VECTOR ( 'NONE', #3986, 1000.000000000000000 ) ;
#3404 = FACE_OUTER_BOUND ( 'NONE', #2553, .T. ) ;
#3405 = EDGE_LOOP ( 'NONE', ( #3184, #3975 ) ) ;
#3406 = VERTEX_POINT ( 'NONE', #255 ) ;
#3407 = LINE ( 'NONE', #3725, #2436 ) ;
#3408 = VECTOR ( 'NONE', #794, 1000.000000000000000 ) ;
#3409 = ORIENTED_EDGE ( 'NONE', *, *, #4187, .T. ) ;
#3410 = VECTOR ( 'NONE', #2108, 1000.000000000000000 ) ;
#3411 = EDGE_LOOP ( 'NONE', ( #4057, #1552, #402, #2986 ) ) ;
#3412 = VERTEX_POINT ( 'NONE', #623 ) ;
#3413 = STYLED_ITEM ( 'NONE', ( #700 ), #968 ) ;
#3414 = CARTESIAN_POINT ( 'NONE',  ( 0.6249999999999990008, 0.000000000000000000, -0.3750000000000052736 ) ) ;
#3415 = LINE ( 'NONE', #353, #3749 ) ;
#3416 = CARTESIAN_POINT ( 'NONE',  ( -8.728703347107901427E-16, 0.000000000000000000, -0.1250000000000009714 ) ) ;
#3417 = VERTEX_POINT ( 'NONE', #1230 ) ;
#3418 = DIRECTION ( 'NONE',  ( -0.000000000000000000, -1.000000000000000000, -0.000000000000000000 ) ) ;
#3419 = AXIS2_PLACEMENT_3D ( 'NONE', #1222, #1202, #1529 ) ;
#3420 = VECTOR ( 'NONE', #1351, 1000.000000000000000 ) ;
#3421 = DIRECTION ( 'NONE',  ( -6.982962677686266711E-15, 0.000000000000000000, -1.000000000000000000 ) ) ;
#3422 = EDGE_CURVE ( 'NONE', #2220, #1044, #1892, .T. ) ;
#3423 = EDGE_CURVE ( 'NONE', #2323, #1870, #2238, .T. ) ;
#3424 = VECTOR ( 'NONE', #3790, 1000.000000000000000 ) ;
#3425 = CARTESIAN_POINT ( 'NONE',  ( -0.6249999999999996669, 0.000000000000000000, 0.3750000000000027756 ) ) ;
#3426 = CARTESIAN_POINT ( 'NONE',  ( -0.1249999999999963224, 0.1000000000000000056, 0.6250000000000012212 ) ) ;
#3427 = VECTOR ( 'NONE', #227, 1000.000000000000000 ) ;
#3428 = DIRECTION ( 'NONE',  ( -1.000000000000000000, -0.000000000000000000, 6.982962677686266711E-15 ) ) ;
#3429 = DIRECTION ( 'NONE',  ( -1.000000000000000000, 0.000000000000000000, 8.362856351758727760E-15 ) ) ;
#3430 =( GEOMETRIC_REPRESENTATION_CONTEXT ( 3 ) GLOBAL_UNCERTAINTY_ASSIGNED_CONTEXT ( ( #1314 ) ) GLOBAL_UNIT_ASSIGNED_CONTEXT ( ( #678, #4267, #2297 ) ) REPRESENTATION_CONTEXT ( 'NONE', 'WORKASPACE' ) );
#3431 = FACE_BOUND ( 'NONE', #1689, .T. ) ;
#3432 = VERTEX_POINT ( 'NONE', #2920 ) ;
#3433 = CARTESIAN_POINT ( 'NONE',  ( 0.8999999999999973577, 0.1000000000000000056, -0.6250000000000064393 ) ) ;
#3434 = VERTEX_POINT ( 'NONE', #2552 ) ;
#3435 = ORIENTED_EDGE ( 'NONE', *, *, #1270, .F. ) ;
#3436 = FACE_OUTER_BOUND ( 'NONE', #643, .T. ) ;
#3437 = CARTESIAN_POINT ( 'NONE',  ( 0.9999999999999931166, 0.000000000000000000, -1.000000000000006661 ) ) ;
#3438 = DIRECTION ( 'NONE',  ( 1.000000000000000000, -0.000000000000000000, -6.982962677686266711E-15 ) ) ;
#3439 = ORIENTED_EDGE ( 'NONE', *, *, #2881, .F. ) ;
#3440 = FACE_OUTER_BOUND ( 'NONE', #1695, .T. ) ;
#3441 = DIRECTION ( 'NONE',  ( 1.000000000000000000, 0.000000000000000000, -6.982962677686266711E-15 ) ) ;
#3442 = DIRECTION ( 'NONE',  ( -6.982962677686266711E-15, -0.000000000000000000, -1.000000000000000000 ) ) ;
#3443 = CARTESIAN_POINT ( 'NONE',  ( -0.8999999999999995781, 0.000000000000000000, 0.3750000000000042188 ) ) ;
#3444 = ADVANCED_FACE ( 'NONE', ( #1956 ), #279, .F. ) ;
#3445 = CARTESIAN_POINT ( 'NONE',  ( 0.000000000000000000, 0.000000000000000000, 0.000000000000000000 ) ) ;
#3446 = EDGE_CURVE ( 'NONE', #3015, #1621, #4258, .T. ) ;
#3447 = CARTESIAN_POINT ( 'NONE',  ( 0.8999999999999991340, 0.1000000000000000056, -0.3750000000000069389 ) ) ;
#3448 = LINE ( 'NONE', #3115, #2701 ) ;
#3449 = EDGE_CURVE ( 'NONE', #3810, #130, #1867, .T. ) ;
#3450 = ORIENTED_EDGE ( 'NONE', *, *, #146, .F. ) ;
#3451 = CARTESIAN_POINT ( 'NONE',  ( 0.1250000000000064948, 0.1000000000000000056, 0.8999999999999994671 ) ) ;
#3452 = ORIENTED_EDGE ( 'NONE', *, *, #3781, .T. ) ;
#3453 = ORIENTED_EDGE ( 'NONE', *, *, #1911, .T. ) ;
#3454 = DIRECTION ( 'NONE',  ( -8.362856351758727760E-15, 0.000000000000000000, -1.000000000000000000 ) ) ;
#3455 = CARTESIAN_POINT ( 'NONE',  ( -4.364351673553919061E-15, 0.000000000000000000, -0.6250000000000003331 ) ) ;
#3456 = ORIENTED_EDGE ( 'NONE', *, *, #1558, .F. ) ;
#3457 = SURFACE_SIDE_STYLE ('',( #50 ) ) ;
#3458 = VECTOR ( 'NONE', #3704, 1000.000000000000000 ) ;
#3459 = CARTESIAN_POINT ( 'NONE',  ( -6.110092342975483372E-15, 0.000000000000000000, -0.8750000000000000000 ) ) ;
#3460 = DIRECTION ( 'NONE',  ( 0.000000000000000000, 1.000000000000000000, 0.000000000000000000 ) ) ;
#3461 = CARTESIAN_POINT ( 'NONE',  ( 0.9000000000000007994, 0.1000000000000000056, -0.1250000000000072720 ) ) ;
#3462 = CARTESIAN_POINT ( 'NONE',  ( -0.8999999999999978018, 0.1000000000000000056, 0.6250000000000036637 ) ) ;
#3463 = FACE_BOUND ( 'NONE', #2282, .T. ) ;
#3464 = EDGE_CURVE ( 'NONE', #2515, #560, #3212, .T. ) ;
#3465 =( GEOMETRIC_REPRESENTATION_CONTEXT ( 3 ) GLOBAL_UNCERTAINTY_ASSIGNED_CONTEXT ( ( #3293 ) ) GLOBAL_UNIT_ASSIGNED_CONTEXT ( ( #87, #1723, #3393 ) ) REPRESENTATION_CONTEXT ( 'NONE', 'WORKASPACE' ) );
#3466 = EDGE_LOOP ( 'NONE', ( #2734, #2357, #3280, #855 ) ) ;
#3467 = DIRECTION ( 'NONE',  ( 6.982962677686266711E-15, -0.000000000000000000, 1.000000000000000000 ) ) ;
#3468 = EDGE_CURVE ( 'NONE', #1103, #319, #235, .T. ) ;
#3469 = EDGE_LOOP ( 'NONE', ( #1521, #97, #2328, #625 ) ) ;
#3470 = EDGE_CURVE ( 'NONE', #3538, #3188, #4278, .T. ) ;
#3471 = ORIENTED_EDGE ( 'NONE', *, *, #3199, .T. ) ;
#3472 = VERTEX_POINT ( 'NONE', #1671 ) ;
#3473 = CARTESIAN_POINT ( 'NONE',  ( 0.3749999999999935052, 0.1000000000000000056, -0.9000000000000029088 ) ) ;
#3474 = VECTOR ( 'NONE', #1971, 1000.000000000000000 ) ;
#3475 = ORIENTED_EDGE ( 'NONE', *, *, #922, .T. ) ;
#3476 = VECTOR ( 'NONE', #3539, 1000.000000000000000 ) ;
#3477 = DIRECTION ( 'NONE',  ( 8.362856351758727760E-15, 0.000000000000000000, 1.000000000000000000 ) ) ;
#3478 = CARTESIAN_POINT ( 'NONE',  ( -6.284666409917643195E-15, 0.000000000000000000, -0.9000000000000003553 ) ) ;
#3479 = CARTESIAN_POINT ( 'NONE',  ( -3.316907271900975110E-15, 0.000000000000000000, -0.4749999999999997558 ) ) ;
#3480 = DIRECTION ( 'NONE',  ( 0.000000000000000000, 1.000000000000000000, 0.000000000000000000 ) ) ;
#3481 = VECTOR ( 'NONE', #1435, 1000.000000000000000 ) ;
#3482 = LINE ( 'NONE', #748, #1284 ) ;
#3483 = FACE_OUTER_BOUND ( 'NONE', #3492, .T. ) ;
#3484 = DIRECTION ( 'NONE',  ( -1.000000000000000000, -0.000000000000000000, 6.549281808692064937E-15 ) ) ;
#3485 = AXIS2_PLACEMENT_3D ( 'NONE', #2044, #4008, #1692 ) ;
#3486 = EDGE_CURVE ( 'NONE', #473, #3961, #2959, .T. ) ;
#3487 = DIRECTION ( 'NONE',  ( -6.982962677686266711E-15, -0.000000000000000000, -1.000000000000000000 ) ) ;
#3488 = CARTESIAN_POINT ( 'NONE',  ( -0.3749999999999938383, 0.1000000000000000056, 0.9000000000000030198 ) ) ;
#3489 = STYLED_ITEM ( 'NONE', ( #572 ), #2377 ) ;
#3490 = DIRECTION ( 'NONE',  ( -1.000000000000000000, -0.000000000000000000, 6.391579674512355058E-15 ) ) ;
#3491 =( GEOMETRIC_REPRESENTATION_CONTEXT ( 3 ) GLOBAL_UNCERTAINTY_ASSIGNED_CONTEXT ( ( #2127 ) ) GLOBAL_UNIT_ASSIGNED_CONTEXT ( ( #2224, #4176, #197 ) ) REPRESENTATION_CONTEXT ( 'NONE', 'WORKASPACE' ) );
#3492 = EDGE_LOOP ( 'NONE', ( #4148, #2664, #925, #1081 ) ) ;
#3493 = VERTEX_POINT ( 'NONE', #3380 ) ;
#3494 = PRODUCT_RELATED_PRODUCT_CATEGORY ( 'part', '', ( #2051 ) ) ;
#3495 = VERTEX_POINT ( 'NONE', #342 ) ;
#3496 = VERTEX_POINT ( 'NONE', #2710 ) ;
#3497 = DIRECTION ( 'NONE',  ( 6.982962677686266711E-15, 0.000000000000000000, 1.000000000000000000 ) ) ;
#3498 = ORIENTED_EDGE ( 'NONE', *, *, #522, .T. ) ;
#3499 = PLANE ( 'NONE',  #3205 ) ;
#3500 = CARTESIAN_POINT ( 'NONE',  ( 4.364351673553919061E-15, 0.000000000000000000, 0.6250000000000003331 ) ) ;
#3501 = LINE ( 'NONE', #3888, #2137 ) ;
#3502 = CARTESIAN_POINT ( 'NONE',  ( -0.9000000000000082379, 0.000000000000000000, -0.8749999999999937828 ) ) ;
#3503 = DIRECTION ( 'NONE',  ( 1.000000000000000000, -0.000000000000000000, -6.549281808692064937E-15 ) ) ;
#3504 = CARTESIAN_POINT ( 'NONE',  ( 0.6249999999999975575, 0.000000000000000000, -0.6250000000000042188 ) ) ;
#3505 = FACE_OUTER_BOUND ( 'NONE', #2926, .T. ) ;
#3506 = DIRECTION ( 'NONE',  ( 1.000000000000000000, -0.000000000000000000, -6.982962677686266711E-15 ) ) ;
#3507 = CARTESIAN_POINT ( 'NONE',  ( -0.1250000000000068279, 0.1000000000000000056, -0.8999999999999994671 ) ) ;
#3508 = PLANE ( 'NONE',  #1663 ) ;
#3509 = ORIENTED_EDGE ( 'NONE', *, *, #2234, .F. ) ;
#3510 = CARTESIAN_POINT ( 'NONE',  ( -0.1249999999999942546, 0.1000000000000000056, 0.9000000000000011324 ) ) ;
#3511 = EDGE_LOOP ( 'NONE', ( #2577, #2392, #3050, #1984 ) ) ;
#3512 = EDGE_LOOP ( 'NONE', ( #4188, #2513, #1676, #1147 ) ) ;
#3513 = EDGE_LOOP ( 'NONE', ( #1565, #3260, #1077, #4213 ) ) ;
#3514 = EDGE_CURVE ( 'NONE', #3690, #3381, #3965, .T. ) ;
#3515 = EDGE_CURVE ( 'NONE', #2125, #1952, #1322, .T. ) ;
#3516 = CARTESIAN_POINT ( 'NONE',  ( 0.000000000000000000, 0.1000000000000000056, 0.000000000000000000 ) ) ;
#3517 = DIRECTION ( 'NONE',  ( 1.000000000000000000, -0.000000000000000000, -6.982962677686266711E-15 ) ) ;
#3518 = EDGE_CURVE ( 'NONE', #3714, #282, #1016, .T. ) ;
#3519 = CARTESIAN_POINT ( 'NONE',  ( 0.6250000000000009992, 0.000000000000000000, -0.1250000000000050793 ) ) ;
#3520 = PLANE ( 'NONE',  #2081 ) ;
#3521 = EDGE_CURVE ( 'NONE', #3772, #1870, #38, .T. ) ;
#3522 = DIRECTION ( 'NONE',  ( 6.982962677686266711E-15, 0.000000000000000000, 1.000000000000000000 ) ) ;
#3523 = VECTOR ( 'NONE', #3300, 1000.000000000000000 ) ;
#3524 = PLANE ( 'NONE',  #1172 ) ;
#3525 = ORIENTED_EDGE ( 'NONE', *, *, #2558, .F. ) ;
#3526 = VECTOR ( 'NONE', #1100, 1000.000000000000000 ) ;
#3527 = LINE ( 'NONE', #1902, #1027 ) ;
#3528 = DIRECTION ( 'NONE',  ( 1.000000000000000000, -0.000000000000000000, -5.405941335889167918E-15 ) ) ;
#3529 = VERTEX_POINT ( 'NONE', #363 ) ;
#3530 = FACE_OUTER_BOUND ( 'NONE', #2487, .T. ) ;
#3531 = ORIENTED_EDGE ( 'NONE', *, *, #152, .F. ) ;
#3532 = PLANE ( 'NONE',  #890 ) ;
#3533 = DIRECTION ( 'NONE',  ( -8.362856351758727760E-15, -0.000000000000000000, -1.000000000000000000 ) ) ;
#3534 = EDGE_LOOP ( 'NONE', ( #1495, #1424, #3813, #2490 ) ) ;
#3535 = ORIENTED_EDGE ( 'NONE', *, *, #339, .F. ) ;
#3536 = DIRECTION ( 'NONE',  ( -1.000000000000000000, 0.000000000000000000, 6.982962677686266711E-15 ) ) ;
#3537 = VECTOR ( 'NONE', #3718, 1000.000000000000000 ) ;
#3538 = VERTEX_POINT ( 'NONE', #2644 ) ;
#3539 = DIRECTION ( 'NONE',  ( -0.000000000000000000, -1.000000000000000000, -0.000000000000000000 ) ) ;
#3540 = FACE_OUTER_BOUND ( 'NONE', #2534, .T. ) ;
#3541 = DIRECTION ( 'NONE',  ( 6.982962677686266711E-15, -0.000000000000000000, 1.000000000000000000 ) ) ;
#3542 = ADVANCED_FACE ( 'NONE', ( #975 ), #3318, .T. ) ;
#3543 = PLANE ( 'NONE',  #1519 ) ;
#3544 = SURFACE_STYLE_USAGE ( .BOTH. , #2204 ) ;
#3545 = ADVANCED_FACE ( 'NONE', ( #3640 ), #1339, .F. ) ;
#3546 = AXIS2_PLACEMENT_3D ( 'NONE', #3999, #1246, #3650 ) ;
#3547 = DIRECTION ( 'NONE',  ( -1.000000000000000000, 0.000000000000000000, 7.377218013135540620E-15 ) ) ;
#3548 = PLANE ( 'NONE',  #3323 ) ;
#3549 = AXIS2_PLACEMENT_3D ( 'NONE', #3197, #833, #507 ) ;
#3550 = AXIS2_PLACEMENT_3D ( 'NONE', #755, #1774, #2416 ) ;
#3551 = ORIENTED_EDGE ( 'NONE', *, *, #1964, .F. ) ;
#3552 = CARTESIAN_POINT ( 'NONE',  ( -0.9000000000000012434, 0.1000000000000000056, 0.1250000000000045519 ) ) ;
#3553 = ORIENTED_EDGE ( 'NONE', *, *, #982, .T. ) ;
#3554 = VECTOR ( 'NONE', #1974, 1000.000000000000000 ) ;
#3555 = FACE_OUTER_BOUND ( 'NONE', #389, .T. ) ;
#3556 = CARTESIAN_POINT ( 'NONE',  ( 6.110092342975454973E-15, 0.000000000000000000, 0.8749999999999958922 ) ) ;
#3557 = ORIENTED_EDGE ( 'NONE', *, *, #3394, .F. ) ;
#3558 =( GEOMETRIC_REPRESENTATION_CONTEXT ( 3 ) GLOBAL_UNCERTAINTY_ASSIGNED_CONTEXT ( ( #3791 ) ) GLOBAL_UNIT_ASSIGNED_CONTEXT ( ( #990, #3292, #1286 ) ) REPRESENTATION_CONTEXT ( 'NONE', 'WORKASPACE' ) );
#3559 = VERTEX_POINT ( 'NONE', #2042 ) ;
#3560 = DIRECTION ( 'NONE',  ( -1.000000000000000000, -0.000000000000000000, 5.405941335889167918E-15 ) ) ;
#3561 = PLANE ( 'NONE',  #4167 ) ;
#3562 = DIRECTION ( 'NONE',  ( -1.000000000000000000, 0.000000000000000000, 6.982962677686266711E-15 ) ) ;
#3563 = LINE ( 'NONE', #3822, #3620 ) ;
#3564 = PLANE ( 'NONE',  #3112 ) ;
#3565 = ADVANCED_FACE ( 'NONE', ( #2689 ), #4046, .F. ) ;
#3566 = DIRECTION ( 'NONE',  ( 0.000000000000000000, 1.000000000000000000, 0.000000000000000000 ) ) ;
#3567 = FILL_AREA_STYLE_COLOUR ( '', #766 ) ;
#3568 = LINE ( 'NONE', #2206, #3885 ) ;
#3569 = EDGE_CURVE ( 'NONE', #3624, #604, #3365, .T. ) ;
#3570 = CARTESIAN_POINT ( 'NONE',  ( 0.3749999999999957812, 0.000000000000000000, -0.6250000000000028866 ) ) ;
#3571 = EDGE_CURVE ( 'NONE', #624, #1917, #2371, .T. ) ;
#3572 = ADVANCED_FACE ( 'NONE', ( #2000 ), #3048, .F. ) ;
#3573 = ORIENTED_EDGE ( 'NONE', *, *, #860, .F. ) ;
#3574 = PLANE ( 'NONE',  #1800 ) ;
#3575 = ORIENTED_EDGE ( 'NONE', *, *, #4072, .F. ) ;
#3576 = EDGE_CURVE ( 'NONE', #987, #497, #3722, .T. ) ;
#3577 = PLANE ( 'NONE',  #1863 ) ;
#3578 = PLANE ( 'NONE',  #859 ) ;
#3579 = VERTEX_POINT ( 'NONE', #996 ) ;
#3580 = ORIENTED_EDGE ( 'NONE', *, *, #2231, .T. ) ;
#3581 = ORIENTED_EDGE ( 'NONE', *, *, #598, .F. ) ;
#3582 = VERTEX_POINT ( 'NONE', #728 ) ;
#3583 = FACE_OUTER_BOUND ( 'NONE', #1064, .T. ) ;
#3584 = DIRECTION ( 'NONE',  ( 1.000000000000000000, 0.000000000000000000, -7.850324415674670258E-15 ) ) ;
#3585 = DIRECTION ( 'NONE',  ( -0.000000000000000000, -1.000000000000000000, -0.000000000000000000 ) ) ;
#3586 = CARTESIAN_POINT ( 'NONE',  ( -0.6249999999999977796, 0.000000000000000000, 0.6250000000000016653 ) ) ;
#3587 = FACE_OUTER_BOUND ( 'NONE', #2601, .T. ) ;
#3588 = LINE ( 'NONE', #2163, #1667 ) ;
#3589 = UNCERTAINTY_MEASURE_WITH_UNIT (LENGTH_MEASURE( 1.000000000000000082E-05 ), #3371, 'distance_accuracy_value', 'NONE');
#3590 = CARTESIAN_POINT ( 'NONE',  ( -0.3750000000000064948, 0.1000000000000000056, -0.8999999999999978018 ) ) ;
#3591 = VECTOR ( 'NONE', #4301, 1000.000000000000000 ) ;
#3592 = FACE_OUTER_BOUND ( 'NONE', #3038, .T. ) ;
#3593 = DIRECTION ( 'NONE',  ( 1.000000000000000000, 0.000000000000000000, -6.982962677686266711E-15 ) ) ;
#3594 = AXIS2_PLACEMENT_3D ( 'NONE', #509, #2573, #4229 ) ;
#3595 = VERTEX_POINT ( 'NONE', #2062 ) ;
#3596 = ORIENTED_EDGE ( 'NONE', *, *, #2954, .T. ) ;
#3597 = CARTESIAN_POINT ( 'NONE',  ( -0.3750000000000064948, 0.000000000000000000, -0.8999999999999978018 ) ) ;
#3598 = CARTESIAN_POINT ( 'NONE',  ( -0.6250000000000032196, 0.1000000000000000056, -0.1249999999999963918 ) ) ;
#3599 = VECTOR ( 'NONE', #3915, 1000.000000000000000 ) ;
#3600 = ORIENTED_EDGE ( 'NONE', *, *, #1054, .F. ) ;
#3601 = ADVANCED_FACE ( 'NONE', ( #3404 ), #641, .F. ) ;
#3602 = EDGE_CURVE ( 'NONE', #3275, #3011, #3987, .T. ) ;
#3603 = ORIENTED_EDGE ( 'NONE', *, *, #656, .F. ) ;
#3604 = VERTEX_POINT ( 'NONE', #1402 ) ;
#3605 = DIRECTION ( 'NONE',  ( -0.000000000000000000, 1.000000000000000000, -0.000000000000000000 ) ) ;
#3606 = PLANE ( 'NONE',  #2140 ) ;
#3607 = CARTESIAN_POINT ( 'NONE',  ( 0.3750000000000061062, 0.1000000000000000056, 0.8999999999999976907 ) ) ;
#3608 = CARTESIAN_POINT ( 'NONE',  ( -0.8999999999999964695, 0.1000000000000000056, 0.8750000000000021094 ) ) ;
#3609 = LINE ( 'NONE', #4293, #2722 ) ;
#3610 = SURFACE_SIDE_STYLE ('',( #2270 ) ) ;
#3611 = CARTESIAN_POINT ( 'NONE',  ( -0.6249999999999980016, 0.1000000000000000056, 0.6250000000000016653 ) ) ;
#3612 = VECTOR ( 'NONE', #1837, 1000.000000000000000 ) ;
#3613 = EDGE_CURVE ( 'NONE', #3495, #3275, #1076, .T. ) ;
#3614 = EDGE_LOOP ( 'NONE', ( #1376, #2711, #3283, #2294 ) ) ;
#3615 = CARTESIAN_POINT ( 'NONE',  ( 0.3750000000000061062, 0.1000000000000000056, 0.8999999999999976907 ) ) ;
#3616 = VECTOR ( 'NONE', #3036, 1000.000000000000000 ) ;
#3617 = VERTEX_POINT ( 'NONE', #4105 ) ;
#3618 = CARTESIAN_POINT ( 'NONE',  ( -0.2250000000000023925, 0.000000000000000000, -0.3249999999999981792 ) ) ;
#3619 = CARTESIAN_POINT ( 'NONE',  ( -0.6250000000000081046, 0.000000000000000000, -0.8749999999999957812 ) ) ;
#3620 = VECTOR ( 'NONE', #2496, 1000.000000000000000 ) ;
#3621 = VECTOR ( 'NONE', #4039, 1000.000000000000000 ) ;
#3622 = ORIENTED_EDGE ( 'NONE', *, *, #288, .T. ) ;
#3623 = VECTOR ( 'NONE', #3490, 1000.000000000000000 ) ;
#3624 = VERTEX_POINT ( 'NONE', #1795 ) ;
#3625 = VECTOR ( 'NONE', #2303, 1000.000000000000000 ) ;
#3626 = ORIENTED_EDGE ( 'NONE', *, *, #4072, .T. ) ;
#3627 = ADVANCED_FACE ( 'NONE', ( #1143 ), #1735, .F. ) ;
#3628 = DIRECTION ( 'NONE',  ( -6.194452006787718103E-15, 0.000000000000000000, -1.000000000000000000 ) ) ;
#3629 = PLANE ( 'NONE',  #1375 ) ;
#3630 = LINE ( 'NONE', #4264, #1982 ) ;
#3631 = ORIENTED_EDGE ( 'NONE', *, *, #4276, .F. ) ;
#3632 = LINE ( 'NONE', #1703, #734 ) ;
#3633 = DIRECTION ( 'NONE',  ( 0.000000000000000000, 1.000000000000000000, 0.000000000000000000 ) ) ;
#3634 =( NAMED_UNIT ( * ) PLANE_ANGLE_UNIT ( ) SI_UNIT ( $, .RADIAN. ) );
#3635 = CARTESIAN_POINT ( 'NONE',  ( 8.728703347107716045E-16, 0.000000000000000000, 0.1249999999999983208 ) ) ;
#3636 = SURFACE_SIDE_STYLE ('',( #1619 ) ) ;
#3637 = ORIENTED_EDGE ( 'NONE', *, *, #2988, .F. ) ;
#3638 = CARTESIAN_POINT ( 'NONE',  ( -0.6249999999999997780, 0.1000000000000000056, 0.3750000000000027756 ) ) ;
#3639 = DIRECTION ( 'NONE',  ( 1.000000000000000000, -0.000000000000000000, -6.982962677686266711E-15 ) ) ;
#3640 = FACE_OUTER_BOUND ( 'NONE', #3237, .T. ) ;
#3641 = ORIENTED_EDGE ( 'NONE', *, *, #3385, .F. ) ;
#3642 = CARTESIAN_POINT ( 'NONE',  ( -0.4900000000000024891, 0.9000000000000001332, -0.3399999999999963607 ) ) ;
#3643 = EDGE_LOOP ( 'NONE', ( #929, #1041, #1458, #3498 ) ) ;
#3644 = EDGE_LOOP ( 'NONE', ( #2217, #3348, #1437, #3220 ) ) ;
#3645 = DIRECTION ( 'NONE',  ( 0.000000000000000000, 1.000000000000000000, 0.000000000000000000 ) ) ;
#3646 = CARTESIAN_POINT ( 'NONE',  ( -4.364351673553917483E-15, 0.000000000000000000, -0.6250000000000001110 ) ) ;
#3647 = EDGE_CURVE ( 'NONE', #4053, #3991, #95, .T. ) ;
#3648 = ORIENTED_EDGE ( 'NONE', *, *, #790, .F. ) ;
#3649 = DIRECTION ( 'NONE',  ( -7.416643546680468484E-15, 0.000000000000000000, -1.000000000000000000 ) ) ;
#3650 = DIRECTION ( 'NONE',  ( -1.000000000000000000, 0.000000000000000000, 7.377218013135540620E-15 ) ) ;
#3651 = SURFACE_STYLE_FILL_AREA ( #1857 ) ;
#3652 = EDGE_CURVE ( 'NONE', #516, #1272, #2438, .T. ) ;
#3653 = ADVANCED_FACE ( 'NONE', ( #2830, #4064, #2123, #2790, #3463, #2165, #1447, #463, #3140, #2085, #3431, #142, #2768, #1470 ), #777, .F. ) ;
#3654 = DIRECTION ( 'NONE',  ( -7.850324415674670258E-15, -0.000000000000000000, -1.000000000000000000 ) ) ;
#3655 = DIRECTION ( 'NONE',  ( -4.380877463721056069E-15, -0.000000000000000000, -1.000000000000000000 ) ) ;
#3656 = LINE ( 'NONE', #1034, #693 ) ;
#3657 = EDGE_LOOP ( 'NONE', ( #1405, #4310, #1823, #2259 ) ) ;
#3658 = DIRECTION ( 'NONE',  ( -0.000000000000000000, -1.000000000000000000, -0.000000000000000000 ) ) ;
#3659 = VECTOR ( 'NONE', #673, 1000.000000000000000 ) ;
#3660 = EDGE_LOOP ( 'NONE', ( #4172, #3948, #16, #4284 ) ) ;
#3661 = CARTESIAN_POINT ( 'NONE',  ( 0.000000000000000000, 0.1000000000000000056, 0.000000000000000000 ) ) ;
#3662 = ORIENTED_EDGE ( 'NONE', *, *, #2311, .T. ) ;
#3663 = VECTOR ( 'NONE', #3939, 1000.000000000000000 ) ;
#3664 = ORIENTED_EDGE ( 'NONE', *, *, #288, .F. ) ;
#3665 = CARTESIAN_POINT ( 'NONE',  ( 0.8999999999999956923, 0.1000000000000000056, -0.8750000000000061062 ) ) ;
#3666 = FACE_OUTER_BOUND ( 'NONE', #1940, .T. ) ;
#3667 = EDGE_LOOP ( 'NONE', ( #2382, #3664, #3990, #82 ) ) ;
#3668 = PLANE ( 'NONE',  #102 ) ;
#3669 = EDGE_LOOP ( 'NONE', ( #2876, #189, #3174, #1564 ) ) ;
#3670 = PLANE ( 'NONE',  #47 ) ;
#3671 = DIRECTION ( 'NONE',  ( 4.380877463721056069E-15, 0.000000000000000000, 1.000000000000000000 ) ) ;
#3672 = FACE_OUTER_BOUND ( 'NONE', #3705, .T. ) ;
#3673 = CARTESIAN_POINT ( 'NONE',  ( -0.3749999999999938383, 0.000000000000000000, 0.9000000000000030198 ) ) ;
#3674 = FILL_AREA_STYLE_COLOUR ( '', #1357 ) ;
#3675 = EDGE_CURVE ( 'NONE', #4090, #3684, #1421, .T. ) ;
#3676 = LINE ( 'NONE', #3941, #3554 ) ;
#3677 = AXIS2_PLACEMENT_3D ( 'NONE', #636, #3313, #2341 ) ;
#3678 = VERTEX_POINT ( 'NONE', #2483 ) ;
#3679 = CARTESIAN_POINT ( 'NONE',  ( 0.6250000000000023315, 0.1000000000000000056, 0.1249999999999939632 ) ) ;
#3680 = EDGE_LOOP ( 'NONE', ( #4071, #845, #1198, #2793 ) ) ;
#3681 = DIRECTION ( 'NONE',  ( 6.982962677686266711E-15, 0.000000000000000000, 1.000000000000000000 ) ) ;
#3682 = ORIENTED_EDGE ( 'NONE', *, *, #2366, .T. ) ;
#3683 = VECTOR ( 'NONE', #3333, 1000.000000000000000 ) ;
#3684 = VERTEX_POINT ( 'NONE', #814 ) ;
#3685 = VECTOR ( 'NONE', #265, 1000.000000000000000 ) ;
#3686 = ORIENTED_EDGE ( 'NONE', *, *, #4222, .T. ) ;
#3687 = AXIS2_PLACEMENT_3D ( 'NONE', #1216, #3817, #827 ) ;
#3688 = CARTESIAN_POINT ( 'NONE',  ( -0.6249999999999977796, 0.000000000000000000, 0.6250000000000016653 ) ) ;
#3689 = FACE_OUTER_BOUND ( 'NONE', #767, .T. ) ;
#3690 = VERTEX_POINT ( 'NONE', #752 ) ;
#3691 = DIRECTION ( 'NONE',  ( -6.982962677686266711E-15, 0.000000000000000000, -1.000000000000000000 ) ) ;
#3692 = AXIS2_PLACEMENT_3D ( 'NONE', #1161, #248, #550 ) ;
#3693 = ORIENTED_EDGE ( 'NONE', *, *, #2455, .F. ) ;
#3694 = CARTESIAN_POINT ( 'NONE',  ( -0.1250000000000049960, 0.1000000000000000056, -0.6249999999999994449 ) ) ;
#3695 = PLANE ( 'NONE',  #2014 ) ;
#3696 =( NAMED_UNIT ( * ) PLANE_ANGLE_UNIT ( ) SI_UNIT ( $, .RADIAN. ) );
#3697 = VECTOR ( 'NONE', #864, 1000.000000000000000 ) ;
#3698 = PLANE ( 'NONE',  #676 ) ;
#3699 = EDGE_CURVE ( 'NONE', #3406, #3850, #2142, .T. ) ;
#3700 =( NAMED_UNIT ( * ) PLANE_ANGLE_UNIT ( ) SI_UNIT ( $, .RADIAN. ) );
#3701 = CARTESIAN_POINT ( 'NONE',  ( 2.618611004132338578E-15, 0.000000000000000000, 0.3749999999999983902 ) ) ;
#3702 = EDGE_CURVE ( 'NONE', #1044, #3331, #3448, .T. ) ;
#3703 = CARTESIAN_POINT ( 'NONE',  ( 0.9000000000000016875, 0.000000000000000000, -6.284666409917651872E-15 ) ) ;
#3704 = DIRECTION ( 'NONE',  ( 0.000000000000000000, 1.000000000000000000, 0.000000000000000000 ) ) ;
#3705 = EDGE_LOOP ( 'NONE', ( #930, #4165 ) ) ;
#3706 = ADVANCED_FACE ( 'NONE', ( #3091 ), #4142, .F. ) ;
#3707 = VERTEX_POINT ( 'NONE', #1816 ) ;
#3708 = CARTESIAN_POINT ( 'NONE',  ( 0.1249999999999939354, 0.1000000000000000056, -0.9000000000000011324 ) ) ;
#3709 = EDGE_CURVE ( 'NONE', #130, #1789, #3161, .T. ) ;
#3710 = ORIENTED_EDGE ( 'NONE', *, *, #2172, .F. ) ;
#3711 = ORIENTED_EDGE ( 'NONE', *, *, #3093, .F. ) ;
#3712 = ORIENTED_EDGE ( 'NONE', *, *, #2153, .T. ) ;
#3713 = CARTESIAN_POINT ( 'NONE',  ( -0.3750000000000064948, 0.1000000000000000056, -0.8999999999999978018 ) ) ;
#3714 = VERTEX_POINT ( 'NONE', #1771 ) ;
#3715 =( NAMED_UNIT ( * ) PLANE_ANGLE_UNIT ( ) SI_UNIT ( $, .RADIAN. ) );
#3716 = CARTESIAN_POINT ( 'NONE',  ( 0.9000000000000057954, 0.000000000000000000, 0.6249999999999912292 ) ) ;
#3717 = DIRECTION ( 'NONE',  ( -6.115600939697863952E-15, -0.000000000000000000, -1.000000000000000000 ) ) ;
#3718 = DIRECTION ( 'NONE',  ( -0.000000000000000000, -1.000000000000000000, -0.000000000000000000 ) ) ;
#3719 = LINE ( 'NONE', #1095, #3947 ) ;
#3720 = FACE_OUTER_BOUND ( 'NONE', #1389, .T. ) ;
#3721 = CARTESIAN_POINT ( 'NONE',  ( 0.8999999999999956923, 0.1000000000000000056, -0.8750000000000061062 ) ) ;
#3722 = LINE ( 'NONE', #401, #2185 ) ;
#3723 = EDGE_CURVE ( 'NONE', #2632, #429, #2503, .T. ) ;
#3724 = EDGE_LOOP ( 'NONE', ( #1847, #4215, #2239, #2605 ) ) ;
#3725 = CARTESIAN_POINT ( 'NONE',  ( -0.1249999999999962946, 0.1000000000000000056, 0.6250000000000012212 ) ) ;
#3726 = VERTEX_POINT ( 'NONE', #836 ) ;
#3727 = VECTOR ( 'NONE', #631, 1000.000000000000000 ) ;
#3728 = EDGE_CURVE ( 'NONE', #4127, #3495, #77, .T. ) ;
#3729 = VERTEX_POINT ( 'NONE', #852 ) ;
#3730 = ADVANCED_FACE ( 'NONE', ( #3849 ), #4164, .F. ) ;
#3731 = ORIENTED_EDGE ( 'NONE', *, *, #4019, .F. ) ;
#3732 = AXIS2_PLACEMENT_3D ( 'NONE', #2272, #3044, #56 ) ;
#3733 = DIRECTION ( 'NONE',  ( -1.000000000000000000, -0.000000000000000000, 6.982962677686266711E-15 ) ) ;
#3734 = DIRECTION ( 'NONE',  ( -6.588707342236992012E-15, -0.000000000000000000, -1.000000000000000000 ) ) ;
#3735 = DIRECTION ( 'NONE',  ( 6.982962677686266711E-15, 0.000000000000000000, 1.000000000000000000 ) ) ;
#3736 = CARTESIAN_POINT ( 'NONE',  ( 0.000000000000000000, 0.000000000000000000, 0.000000000000000000 ) ) ;
#3737 = FACE_OUTER_BOUND ( 'NONE', #2376, .T. ) ;
#3738 = SURFACE_STYLE_FILL_AREA ( #1485 ) ;
#3739 = FACE_OUTER_BOUND ( 'NONE', #2547, .T. ) ;
#3740 = DIRECTION ( 'NONE',  ( 1.000000000000000000, -0.000000000000000000, -6.194452006787718103E-15 ) ) ;
#3741 = DIRECTION ( 'NONE',  ( -6.982962677686266711E-15, 0.000000000000000000, -1.000000000000000000 ) ) ;
#3742 = ORIENTED_EDGE ( 'NONE', *, *, #1615, .T. ) ;
#3743 = ORIENTED_EDGE ( 'NONE', *, *, #54, .T. ) ;
#3744 = VERTEX_POINT ( 'NONE', #3182 ) ;
#3745 = DIRECTION ( 'NONE',  ( 7.377218013135540620E-15, 0.000000000000000000, 1.000000000000000000 ) ) ;
#3746 = VECTOR ( 'NONE', #2952, 1000.000000000000000 ) ;
#3747 = UNCERTAINTY_MEASURE_WITH_UNIT (LENGTH_MEASURE( 1.000000000000000082E-05 ), #2967, 'distance_accuracy_value', 'NONE');
#3748 = ORIENTED_EDGE ( 'NONE', *, *, #2146, .F. ) ;
#3749 = VECTOR ( 'NONE', #2423, 1000.000000000000000 ) ;
#3750 = ORIENTED_EDGE ( 'NONE', *, *, #4048, .T. ) ;
#3751 = EDGE_LOOP ( 'NONE', ( #2584, #3228, #1761, #46 ) ) ;
#3752 = AXIS2_PLACEMENT_3D ( 'NONE', #2453, #1684, #394 ) ;
#3753 = FACE_OUTER_BOUND ( 'NONE', #3469, .T. ) ;
#3754 = EDGE_CURVE ( 'NONE', #3406, #3102, #1838, .T. ) ;
#3755 = LINE ( 'NONE', #1764, #3616 ) ;
#3756 = FACE_OUTER_BOUND ( 'NONE', #558, .T. ) ;
#3757 = VERTEX_POINT ( 'NONE', #229 ) ;
#3758 = PLANE ( 'NONE',  #112 ) ;
#3759 = VECTOR ( 'NONE', #1832, 1000.000000000000000 ) ;
#3760 = EDGE_CURVE ( 'NONE', #2302, #583, #2527, .T. ) ;
#3761 = VECTOR ( 'NONE', #2442, 1000.000000000000000 ) ;
#3762 = DIRECTION ( 'NONE',  ( 2.991697309180445080E-15, -0.000000000000000000, -1.000000000000000000 ) ) ;
#3763 = PRESENTATION_STYLE_ASSIGNMENT (( #4059 ) ) ;
#3764 = AXIS2_PLACEMENT_3D ( 'NONE', #1122, #3785, #2460 ) ;
#3765 = EDGE_CURVE ( 'NONE', #341, #3308, #4252, .T. ) ;
#3766 = FACE_OUTER_BOUND ( 'NONE', #3217, .T. ) ;
#3767 = VECTOR ( 'NONE', #2912, 1000.000000000000000 ) ;
#3768 = FACE_OUTER_BOUND ( 'NONE', #999, .T. ) ;
#3769 = PLANE ( 'NONE',  #2498 ) ;
#3770 = DIRECTION ( 'NONE',  ( -6.982962677686266711E-15, -0.000000000000000000, -1.000000000000000000 ) ) ;
#3771 = ORIENTED_EDGE ( 'NONE', *, *, #898, .F. ) ;
#3772 = VERTEX_POINT ( 'NONE', #574 ) ;
#3773 = LINE ( 'NONE', #79, #2923 ) ;
#3774 = ORIENTED_EDGE ( 'NONE', *, *, #2928, .F. ) ;
#3775 = MANIFOLD_SOLID_BREP ( 'Boss-Extrude2[11]', #953 ) ;
#3776 = ORIENTED_EDGE ( 'NONE', *, *, #1640, .T. ) ;
#3777 = FACE_OUTER_BOUND ( 'NONE', #239, .T. ) ;
#3778 = CARTESIAN_POINT ( 'NONE',  ( -0.6249999999999997780, 0.1000000000000000056, 0.3750000000000025535 ) ) ;
#3779 = CARTESIAN_POINT ( 'NONE',  ( -0.3749999999999938383, 0.000000000000000000, 0.9000000000000030198 ) ) ;
#3780 =( NAMED_UNIT ( * ) SI_UNIT ( $, .STERADIAN. ) SOLID_ANGLE_UNIT ( ) );
#3781 = EDGE_CURVE ( 'NONE', #1298, #3122, #1551, .T. ) ;
#3782 = CARTESIAN_POINT ( 'NONE',  ( 0.6250000000000054401, 0.1000000000000000056, 0.8749999999999927836 ) ) ;
#3783 = DIRECTION ( 'NONE',  ( -6.391579674512355058E-15, 0.000000000000000000, -1.000000000000000000 ) ) ;
#3784 = EDGE_CURVE ( 'NONE', #885, #2364, #209, .T. ) ;
#3785 = DIRECTION ( 'NONE',  ( -1.000000000000000000, 0.000000000000000000, 5.208813668164530963E-15 ) ) ;
#3786 = EDGE_CURVE ( 'NONE', #1103, #3432, #3246, .T. ) ;
#3787 = CARTESIAN_POINT ( 'NONE',  ( 0.1249999999999939354, 0.000000000000000000, -0.9000000000000011324 ) ) ;
#3788 = DIRECTION ( 'NONE',  ( -1.000000000000000000, 0.000000000000000000, 6.982962677686266711E-15 ) ) ;
#3789 = ORIENTED_EDGE ( 'NONE', *, *, #1293, .F. ) ;
#3790 = DIRECTION ( 'NONE',  ( 5.248239201709448572E-15, -0.000000000000000000, 1.000000000000000000 ) ) ;
#3791 = UNCERTAINTY_MEASURE_WITH_UNIT (LENGTH_MEASURE( 1.000000000000000082E-05 ), #990, 'distance_accuracy_value', 'NONE');
#3792 = ORIENTED_EDGE ( 'NONE', *, *, #2904, .T. ) ;
#3793 = ORIENTED_EDGE ( 'NONE', *, *, #344, .T. ) ;
#3794 = ORIENTED_EDGE ( 'NONE', *, *, #2530, .T. ) ;
#3795 = CARTESIAN_POINT ( 'NONE',  ( 0.3749999999999997780, 0.000000000000000000, -2.618611004132348439E-15 ) ) ;
#3796 = VERTEX_POINT ( 'NONE', #273 ) ;
#3797 = EDGE_CURVE ( 'NONE', #3011, #4127, #2252, .T. ) ;
#3798 = VECTOR ( 'NONE', #3438, 1000.000000000000000 ) ;
#3799 = CARTESIAN_POINT ( 'NONE',  ( -0.1250000000000068279, 0.1000000000000000056, -0.8999999999999994671 ) ) ;
#3800 = DIRECTION ( 'NONE',  ( -1.000000000000000000, 0.000000000000000000, -2.991697309180445080E-15 ) ) ;
#3801 = CARTESIAN_POINT ( 'NONE',  ( -0.6250000000000021094, 0.000000000000000000, 4.364351673553931682E-15 ) ) ;
#3802 = VECTOR ( 'NONE', #3528, 1000.000000000000000 ) ;
#3803 = DIRECTION ( 'NONE',  ( 6.982962677686266711E-15, 0.000000000000000000, 1.000000000000000000 ) ) ;
#3804 = CARTESIAN_POINT ( 'NONE',  ( -0.4900000000000023781, 1.000000000000000000, -0.3399999999999963607 ) ) ;
#3805 = VECTOR ( 'NONE', #3503, 1000.000000000000000 ) ;
#3806 = CARTESIAN_POINT ( 'NONE',  ( -0.4900000000000034328, 1.000000000000000000, -0.4899999999999962719 ) ) ;
#3807 = ADVANCED_FACE ( 'NONE', ( #3592 ), #3548, .F. ) ;
#3808 = CARTESIAN_POINT ( 'NONE',  ( -0.9000000000000025757, 0.000000000000000000, 6.284666409917658183E-15 ) ) ;
#3809 = DIRECTION ( 'NONE',  ( -1.000000000000000000, -0.000000000000000000, 6.982962677686266711E-15 ) ) ;
#3810 = VERTEX_POINT ( 'NONE', #1884 ) ;
#3811 = ORIENTED_EDGE ( 'NONE', *, *, #1113, .T. ) ;
#3812 = VECTOR ( 'NONE', #685, 1000.000000000000000 ) ;
#3813 = ORIENTED_EDGE ( 'NONE', *, *, #2172, .T. ) ;
#3814 = DIRECTION ( 'NONE',  ( -1.000000000000000000, 0.000000000000000000, 8.165728684034090016E-15 ) ) ;
#3815 = CIRCLE ( 'NONE', #1724, 0.1499999999999999667 ) ;
#3816 = VERTEX_POINT ( 'NONE', #2915 ) ;
#3817 = DIRECTION ( 'NONE',  ( 5.405941335889167918E-15, 0.000000000000000000, 1.000000000000000000 ) ) ;
#3818 = DIRECTION ( 'NONE',  ( -6.982962677686266711E-15, 0.000000000000000000, -1.000000000000000000 ) ) ;
#3819 = EDGE_CURVE ( 'NONE', #3417, #1930, #2894, .T. ) ;
#3820 = PRESENTATION_LAYER_ASSIGNMENT (  '', '', ( #2143 ) ) ;
#3821 = DIRECTION ( 'NONE',  ( -6.115600939697863952E-15, -0.000000000000000000, -1.000000000000000000 ) ) ;
#3822 = CARTESIAN_POINT ( 'NONE',  ( -0.3749999999999938383, 0.000000000000000000, 0.9000000000000030198 ) ) ;
#3823 = AXIS2_PLACEMENT_3D ( 'NONE', #721, #704, #2037 ) ;
#3824 = PLANE ( 'NONE',  #2060 ) ;
#3825 = LINE ( 'NONE', #3193, #132 ) ;
#3826 = AXIS2_PLACEMENT_3D ( 'NONE', #301, #320, #1341 ) ;
#3827 = ADVANCED_BREP_SHAPE_REPRESENTATION ( 'KX134-1211', ( #910, #993, #2377, #2463, #2391, #3775, #3894, #2405, #3910, #2456, #968, #2413, #3868, #2440, #877, #1156 ), #3465 ) ;
#3828 = FACE_OUTER_BOUND ( 'NONE', #1904, .T. ) ;
#3829 = DIRECTION ( 'NONE',  ( -1.000000000000000000, -0.000000000000000000, 7.377218013135540620E-15 ) ) ;
#3830 = VECTOR ( 'NONE', #3428, 1000.000000000000000 ) ;
#3831 = CARTESIAN_POINT ( 'NONE',  ( 0.1250000000000064948, 0.000000000000000000, 0.8999999999999994671 ) ) ;
#3832 = ADVANCED_FACE ( 'NONE', ( #940 ), #4207, .F. ) ;
#3833 = EDGE_LOOP ( 'NONE', ( #3774, #1388, #537, #3341 ) ) ;
#3834 = ADVANCED_FACE ( 'NONE', ( #3295 ), #1666, .F. ) ;
#3835 = FACE_OUTER_BOUND ( 'NONE', #2955, .T. ) ;
#3836 = ORIENTED_EDGE ( 'NONE', *, *, #2288, .T. ) ;
#3837 = VERTEX_POINT ( 'NONE', #2637 ) ;
#3838 = EDGE_LOOP ( 'NONE', ( #3216, #959, #67, #3254 ) ) ;
#3839 = EDGE_CURVE ( 'NONE', #498, #1842, #1052, .T. ) ;
#3840 = ADVANCED_FACE ( 'NONE', ( #4296, #1950 ), #1316, .T. ) ;
#3841 = CARTESIAN_POINT ( 'NONE',  ( 0.6250000000000023315, 0.1000000000000000056, 0.1249999999999939632 ) ) ;
#3842 = DIRECTION ( 'NONE',  ( 1.000000000000000000, -0.000000000000000000, -6.549281808692064148E-15 ) ) ;
#3843 = CARTESIAN_POINT ( 'NONE',  ( -4.364351673553919061E-15, 0.000000000000000000, -0.6250000000000003331 ) ) ;
#3844 = FACE_OUTER_BOUND ( 'NONE', #3187, .T. ) ;
#3845 = CARTESIAN_POINT ( 'NONE',  ( 0.000000000000000000, 0.1000000000000000056, 0.000000000000000000 ) ) ;
#3846 = CARTESIAN_POINT ( 'NONE',  ( -0.1250000000000049960, 0.1000000000000000056, -0.6249999999999994449 ) ) ;
#3847 = CARTESIAN_POINT ( 'NONE',  ( -0.9000000000000064615, 0.000000000000000000, -0.6249999999999940048 ) ) ;
#3848 = PLANE ( 'NONE',  #263 ) ;
#3849 = FACE_OUTER_BOUND ( 'NONE', #3405, .T. ) ;
#3850 = VERTEX_POINT ( 'NONE', #1994 ) ;
#3851 = PLANE ( 'NONE',  #1040 ) ;
#3852 = ORIENTED_EDGE ( 'NONE', *, *, #645, .T. ) ;
#3853 = DIRECTION ( 'NONE',  ( 1.000000000000000000, -0.000000000000000000, -1.250253737397611564E-14 ) ) ;
#3854 = DIRECTION ( 'NONE',  ( -1.000000000000000000, 0.000000000000000000, 6.115600939697863952E-15 ) ) ;
#3855 = ORIENTED_EDGE ( 'NONE', *, *, #660, .T. ) ;
#3856 = VERTEX_POINT ( 'NONE', #11 ) ;
#3857 = EDGE_CURVE ( 'NONE', #1536, #3417, #1336, .T. ) ;
#3858 = EDGE_CURVE ( 'NONE', #3188, #1536, #2321, .T. ) ;
#3859 = CARTESIAN_POINT ( 'NONE',  ( -0.4900000000000024891, 0.9000000000000001332, -0.3399999999999963607 ) ) ;
#3860 = ORIENTED_EDGE ( 'NONE', *, *, #3896, .T. ) ;
#3861 = CARTESIAN_POINT ( 'NONE',  ( -0.3750000000000033307, 0.000000000000000000, -0.4749999999999972577 ) ) ;
#3862 = ORIENTED_EDGE ( 'NONE', *, *, #3486, .T. ) ;
#3863 = CARTESIAN_POINT ( 'NONE',  ( 0.9000000000000023537, 0.1000000000000000056, 0.1249999999999922007 ) ) ;
#3864 = DIRECTION ( 'NONE',  ( -1.000000000000000000, -0.000000000000000000, 7.416643546680468484E-15 ) ) ;
#3865 = DIRECTION ( 'NONE',  ( -6.982962677686266711E-15, 0.000000000000000000, -1.000000000000000000 ) ) ;
#3866 = AXIS2_PLACEMENT_3D ( 'NONE', #1257, #3854, #1273 ) ;
#3867 = DIRECTION ( 'NONE',  ( -0.7071067811865522357, 0.000000000000000000, -0.7071067811865427988 ) ) ;
#3868 = MANIFOLD_SOLID_BREP ( 'Cut-Extrude2', #4287 ) ;
#3869 = CARTESIAN_POINT ( 'NONE',  ( 0.8999999999999956923, 0.000000000000000000, -0.8750000000000062172 ) ) ;
#3870 = LINE ( 'NONE', #835, #608 ) ;
#3871 = DIRECTION ( 'NONE',  ( 1.000000000000000000, -0.000000000000000000, -6.982962677686266711E-15 ) ) ;
#3872 = VECTOR ( 'NONE', #1350, 1000.000000000000000 ) ;
#3873 = EDGE_LOOP ( 'NONE', ( #2625, #4001, #4300, #3450 ) ) ;
#3874 = DIRECTION ( 'NONE',  ( 6.982962677686266711E-15, 0.000000000000000000, 1.000000000000000000 ) ) ;
#3875 = VERTEX_POINT ( 'NONE', #2707 ) ;
#3876 = EDGE_CURVE ( 'NONE', #3301, #4304, #3362, .T. ) ;
#3877 = CARTESIAN_POINT ( 'NONE',  ( -0.9999999999999931166, 1.000000000000000000, 1.000000000000007327 ) ) ;
#3878 = CARTESIAN_POINT ( 'NONE',  ( -1.000000000000000000, 1.000000000000000000, 6.982962677686266711E-15 ) ) ;
#3879 = VERTEX_POINT ( 'NONE', #336 ) ;
#3880 = ORIENTED_EDGE ( 'NONE', *, *, #2152, .F. ) ;
#3881 = SHAPE_DEFINITION_REPRESENTATION ( #799, #3827 ) ;
#3882 = ORIENTED_EDGE ( 'NONE', *, *, #2457, .F. ) ;
#3883 = DIRECTION ( 'NONE',  ( 1.000000000000000000, 0.000000000000000000, -5.603069003613805661E-15 ) ) ;
#3884 = LINE ( 'NONE', #4154, #2929 ) ;
#3885 = VECTOR ( 'NONE', #1224, 1000.000000000000000 ) ;
#3886 = EDGE_CURVE ( 'NONE', #1917, #1678, #2977, .T. ) ;
#3887 = EDGE_CURVE ( 'NONE', #889, #1649, #659, .T. ) ;
#3888 = CARTESIAN_POINT ( 'NONE',  ( 0.6249999999999975575, 0.000000000000000000, -0.6250000000000041078 ) ) ;
#3889 = CARTESIAN_POINT ( 'NONE',  ( 0.3750000000000001665, 0.000000000000000000, -2.618611004132351200E-15 ) ) ;
#3890 = EDGE_CURVE ( 'NONE', #647, #2531, #4042, .T. ) ;
#3891 = DIRECTION ( 'NONE',  ( -0.000000000000000000, -1.000000000000000000, -0.000000000000000000 ) ) ;
#3892 = MECHANICAL_DESIGN_GEOMETRIC_PRESENTATION_REPRESENTATION (  '', ( #3413 ), #335 ) ;
#3893 = CARTESIAN_POINT ( 'NONE',  ( 0.9000000000000023537, 0.1000000000000000056, 0.1249999999999922007 ) ) ;
#3894 = MANIFOLD_SOLID_BREP ( 'Boss-Extrude2[10]', #3337 ) ;
#3895 = FACE_OUTER_BOUND ( 'NONE', #254, .T. ) ;
#3896 = EDGE_CURVE ( 'NONE', #1628, #906, #3482, .T. ) ;
#3897 = AXIS2_PLACEMENT_3D ( 'NONE', #377, #1396, #2702 ) ;
#3898 = LINE ( 'NONE', #3245, #3270 ) ;
#3899 = DIRECTION ( 'NONE',  ( 8.362856351758727760E-15, -0.000000000000000000, 1.000000000000000000 ) ) ;
#3900 = VECTOR ( 'NONE', #1811, 1000.000000000000000 ) ;
#3901 = VECTOR ( 'NONE', #3130, 1000.000000000000000 ) ;
#3902 = ORIENTED_EDGE ( 'NONE', *, *, #1648, .T. ) ;
#3903 = DIRECTION ( 'NONE',  ( 0.000000000000000000, -1.000000000000000000, 0.000000000000000000 ) ) ;
#3904 = EDGE_LOOP ( 'NONE', ( #1722, #232, #1576, #1889 ) ) ;
#3905 = DIRECTION ( 'NONE',  ( -1.000000000000000000, 0.000000000000000000, 1.463387981396423302E-15 ) ) ;
#3906 = CARTESIAN_POINT ( 'NONE',  ( 6.284666409917642406E-15, 0.000000000000000000, 0.9000000000000003553 ) ) ;
#3907 = EDGE_LOOP ( 'NONE', ( #1895, #3116, #2753, #2374 ) ) ;
#3908 = STYLED_ITEM ( 'NONE', ( #3936 ), #2413 ) ;
#3909 = ORIENTED_EDGE ( 'NONE', *, *, #2509, .T. ) ;
#3910 = MANIFOLD_SOLID_BREP ( 'Boss-Extrude2[1]', #948 ) ;
#3911 = ORIENTED_EDGE ( 'NONE', *, *, #564, .F. ) ;
#3912 = LINE ( 'NONE', #2927, #2361 ) ;
#3913 = LINE ( 'NONE', #3327, #2080 ) ;
#3914 = CARTESIAN_POINT ( 'NONE',  ( 0.1249999999999958505, 0.1000000000000000056, -0.6250000000000012212 ) ) ;
#3915 = DIRECTION ( 'NONE',  ( 0.000000000000000000, 1.000000000000000000, 0.000000000000000000 ) ) ;
#3916 = DIRECTION ( 'NONE',  ( -1.000000000000000000, 0.000000000000000000, 1.250253737397611564E-14 ) ) ;
#3917 = CARTESIAN_POINT ( 'NONE',  ( 8.728703347107712101E-16, 0.000000000000000000, 0.1249999999999982653 ) ) ;
#3918 = EDGE_CURVE ( 'NONE', #1628, #889, #2342, .T. ) ;
#3919 = DIRECTION ( 'NONE',  ( 1.000000000000000000, 0.000000000000000000, -8.362856351758727760E-15 ) ) ;
#3920 = EDGE_CURVE ( 'NONE', #885, #1125, #3719, .T. ) ;
#3921 = EDGE_CURVE ( 'NONE', #1512, #2223, #2129, .T. ) ;
#3922 = VERTEX_POINT ( 'NONE', #724 ) ;
#3923 = FACE_OUTER_BOUND ( 'NONE', #4212, .T. ) ;
#3924 = ORIENTED_EDGE ( 'NONE', *, *, #2984, .T. ) ;
#3925 = PRESENTATION_STYLE_ASSIGNMENT (( #216 ) ) ;
#3926 = DIRECTION ( 'NONE',  ( 6.982962677686266711E-15, 0.000000000000000000, 1.000000000000000000 ) ) ;
#3927 = ORIENTED_EDGE ( 'NONE', *, *, #1191, .T. ) ;
#3928 = VERTEX_POINT ( 'NONE', #138 ) ;
#3929 = ORIENTED_EDGE ( 'NONE', *, *, #3014, .T. ) ;
#3930 = EDGE_LOOP ( 'NONE', ( #3013, #1869, #3452, #669 ) ) ;
#3931 = CARTESIAN_POINT ( 'NONE',  ( 8.728703347107716045E-16, 0.000000000000000000, 0.1249999999999983208 ) ) ;
#3932 =( NAMED_UNIT ( * ) SI_UNIT ( $, .STERADIAN. ) SOLID_ANGLE_UNIT ( ) );
#3933 = LINE ( 'NONE', #4015, #1704 ) ;
#3934 = DIRECTION ( 'NONE',  ( -6.982962677686266711E-15, -0.000000000000000000, -1.000000000000000000 ) ) ;
#3935 = CARTESIAN_POINT ( 'NONE',  ( 0.6249999999999955591, 0.000000000000000000, -0.8750000000000043299 ) ) ;
#3936 = PRESENTATION_STYLE_ASSIGNMENT (( #1924 ) ) ;
#3937 = DIRECTION ( 'NONE',  ( 0.000000000000000000, -1.000000000000000000, 0.000000000000000000 ) ) ;
#3938 = VECTOR ( 'NONE', #1164, 1000.000000000000000 ) ;
#3939 = DIRECTION ( 'NONE',  ( 1.000000000000000000, -0.000000000000000000, -5.405941335889167918E-15 ) ) ;
#3940 = ORIENTED_EDGE ( 'NONE', *, *, #3118, .F. ) ;
#3941 = CARTESIAN_POINT ( 'NONE',  ( -0.1249999999999942824, 0.000000000000000000, 0.9000000000000011324 ) ) ;
#3942 = STYLED_ITEM ( 'NONE', ( #3110 ), #3910 ) ;
#3943 = EDGE_CURVE ( 'NONE', #3726, #1623, #774, .T. ) ;
#3944 = LINE ( 'NONE', #1975, #671 ) ;
#3945 = FILL_AREA_STYLE_COLOUR ( '', #539 ) ;
#3946 = LINE ( 'NONE', #3906, #246 ) ;
#3947 = VECTOR ( 'NONE', #1398, 1000.000000000000000 ) ;
#3948 = ORIENTED_EDGE ( 'NONE', *, *, #1033, .F. ) ;
#3949 = ORIENTED_EDGE ( 'NONE', *, *, #3010, .F. ) ;
#3950 = EDGE_LOOP ( 'NONE', ( #3682, #2692, #979, #803 ) ) ;
#3951 = CARTESIAN_POINT ( 'NONE',  ( 0.8999999999999973577, 0.000000000000000000, -0.6250000000000064393 ) ) ;
#3952 = CLOSED_SHELL ( 'NONE', ( #4197, #3344, #4299, #1269, #3148, #1674 ) ) ;
#3953 = DIRECTION ( 'NONE',  ( 1.000000000000000000, 0.000000000000000000, -8.165728684034090016E-15 ) ) ;
#3954 = CARTESIAN_POINT ( 'NONE',  ( 0.8999999999999973577, 0.1000000000000000056, -0.6250000000000064393 ) ) ;
#3955 = VERTEX_POINT ( 'NONE', #4102 ) ;
#3956 = CARTESIAN_POINT ( 'NONE',  ( 0.1249999999999939354, 0.1000000000000000056, -0.9000000000000011324 ) ) ;
#3957 = VECTOR ( 'NONE', #2893, 1000.000000000000000 ) ;
#3958 = CARTESIAN_POINT ( 'NONE',  ( -0.9000000000000030198, 0.1000000000000000056, -0.1249999999999949069 ) ) ;
#3959 = DIRECTION ( 'NONE',  ( -1.000000000000000000, 0.000000000000000000, 6.982962677686266711E-15 ) ) ;
#3960 = DIRECTION ( 'NONE',  ( -1.000000000000000000, 0.000000000000000000, 6.982962677686266711E-15 ) ) ;
#3961 = VERTEX_POINT ( 'NONE', #1121 ) ;
#3962 = DIRECTION ( 'NONE',  ( -6.982962677686266711E-15, -0.000000000000000000, -1.000000000000000000 ) ) ;
#3963 = DIRECTION ( 'NONE',  ( 0.000000000000000000, 1.000000000000000000, 0.000000000000000000 ) ) ;
#3964 = PLANE ( 'NONE',  #2784 ) ;
#3965 = LINE ( 'NONE', #3343, #801 ) ;
#3966 = VECTOR ( 'NONE', #505, 1000.000000000000000 ) ;
#3967 = ADVANCED_FACE ( 'NONE', ( #487 ), #91, .F. ) ;
#3968 = VERTEX_POINT ( 'NONE', #1812 ) ;
#3969 = CARTESIAN_POINT ( 'NONE',  ( 0.000000000000000000, 0.1000000000000000056, 0.000000000000000000 ) ) ;
#3970 = ADVANCED_FACE ( 'NONE', ( #1467 ), #3157, .F. ) ;
#3971 = VECTOR ( 'NONE', #4208, 1000.000000000000000 ) ;
#3972 = ORIENTED_EDGE ( 'NONE', *, *, #2792, .F. ) ;
#3973 =( GEOMETRIC_REPRESENTATION_CONTEXT ( 3 ) GLOBAL_UNCERTAINTY_ASSIGNED_CONTEXT ( ( #431 ) ) GLOBAL_UNIT_ASSIGNED_CONTEXT ( ( #3180, #4226, #1836 ) ) REPRESENTATION_CONTEXT ( 'NONE', 'WORKASPACE' ) );
#3974 = EDGE_CURVE ( 'NONE', #594, #3604, #422, .T. ) ;
#3975 = ORIENTED_EDGE ( 'NONE', *, *, #2750, .F. ) ;
#3976 = EDGE_CURVE ( 'NONE', #2488, #1276, #2823, .T. ) ;
#3977 = DIRECTION ( 'NONE',  ( 1.000000000000000000, 0.000000000000000000, -6.549281808692064148E-15 ) ) ;
#3978 =( NAMED_UNIT ( * ) PLANE_ANGLE_UNIT ( ) SI_UNIT ( $, .RADIAN. ) );
#3979 = CARTESIAN_POINT ( 'NONE',  ( -0.6250000000000021094, 0.000000000000000000, 4.364351673553931682E-15 ) ) ;
#3980 = ORIENTED_EDGE ( 'NONE', *, *, #2025, .T. ) ;
#3981 = LINE ( 'NONE', #2335, #3872 ) ;
#3982 = CARTESIAN_POINT ( 'NONE',  ( -0.9000000000000030198, 0.000000000000000000, -0.1249999999999949069 ) ) ;
#3983 = CARTESIAN_POINT ( 'NONE',  ( 0.000000000000000000, 0.1000000000000000056, 0.000000000000000000 ) ) ;
#3984 = DIRECTION ( 'NONE',  ( -0.000000000000000000, -1.000000000000000000, -0.000000000000000000 ) ) ;
#3985 = CARTESIAN_POINT ( 'NONE',  ( 0.1249999999999958505, 0.1000000000000000056, -0.6250000000000012212 ) ) ;
#3986 = DIRECTION ( 'NONE',  ( 6.982962677686266711E-15, -0.000000000000000000, 1.000000000000000000 ) ) ;
#3987 = LINE ( 'NONE', #3808, #4070 ) ;
#3988 = ORIENTED_EDGE ( 'NONE', *, *, #237, .F. ) ;
#3989 = DIRECTION ( 'NONE',  ( 0.000000000000000000, -1.000000000000000000, 0.000000000000000000 ) ) ;
#3990 = ORIENTED_EDGE ( 'NONE', *, *, #1289, .T. ) ;
#3991 = VERTEX_POINT ( 'NONE', #3846 ) ;
#3992 = FACE_OUTER_BOUND ( 'NONE', #3669, .T. ) ;
#3993 = ADVANCED_FACE ( 'NONE', ( #527 ), #2869, .F. ) ;
#3994 = DIRECTION ( 'NONE',  ( 1.000000000000000000, 0.000000000000000000, -6.621561953524431636E-15 ) ) ;
#3995 = DIRECTION ( 'NONE',  ( -5.405941335889167918E-15, 0.000000000000000000, -1.000000000000000000 ) ) ;
#3996 = ADVANCED_FACE ( 'NONE', ( #832 ), #4159, .F. ) ;
#3997 = EDGE_LOOP ( 'NONE', ( #404, #3662, #3146, #3927 ) ) ;
#3998 = DIRECTION ( 'NONE',  ( 0.000000000000000000, 1.000000000000000000, 0.000000000000000000 ) ) ;
#3999 = CARTESIAN_POINT ( 'NONE',  ( -0.9000000000000082379, 0.1000000000000000056, -0.8749999999999937828 ) ) ;
#4000 = FACE_OUTER_BOUND ( 'NONE', #1021, .T. ) ;
#4001 = ORIENTED_EDGE ( 'NONE', *, *, #3196, .F. ) ;
#4002 = CARTESIAN_POINT ( 'NONE',  ( 0.9000000000000007994, 0.1000000000000000056, -0.1250000000000072720 ) ) ;
#4003 = DIRECTION ( 'NONE',  ( -7.850324415674670258E-15, -0.000000000000000000, -1.000000000000000000 ) ) ;
#4004 = ORIENTED_EDGE ( 'NONE', *, *, #3819, .T. ) ;
#4005 = DIRECTION ( 'NONE',  ( -1.000000000000000000, -0.000000000000000000, 6.549281808692064148E-15 ) ) ;
#4006 = AXIS2_PLACEMENT_3D ( 'NONE', #1604, #535, #1539 ) ;
#4007 = ORIENTED_EDGE ( 'NONE', *, *, #1033, .T. ) ;
#4008 = DIRECTION ( 'NONE',  ( -0.7071067811865429098, 0.000000000000000000, 0.7071067811865522357 ) ) ;
#4009 = ORIENTED_EDGE ( 'NONE', *, *, #1645, .T. ) ;
#4010 =( GEOMETRIC_REPRESENTATION_CONTEXT ( 3 ) GLOBAL_UNCERTAINTY_ASSIGNED_CONTEXT ( ( #1970 ) ) GLOBAL_UNIT_ASSIGNED_CONTEXT ( ( #3004, #3700, #2686 ) ) REPRESENTATION_CONTEXT ( 'NONE', 'WORKASPACE' ) );
#4011 = EDGE_LOOP ( 'NONE', ( #300, #1864, #3272, #2378 ) ) ;
#4012 = ORIENTED_EDGE ( 'NONE', *, *, #2777, .F. ) ;
#4013 = CARTESIAN_POINT ( 'NONE',  ( 0.6249999999999975575, 0.000000000000000000, -0.6250000000000041078 ) ) ;
#4014 = DIRECTION ( 'NONE',  ( 7.228014483236698330E-15, 0.000000000000000000, 1.000000000000000000 ) ) ;
#4015 = CARTESIAN_POINT ( 'NONE',  ( 0.6250000000000042188, 0.1000000000000000056, 0.3749999999999941713 ) ) ;
#4016 = ORIENTED_EDGE ( 'NONE', *, *, #2535, .T. ) ;
#4017 = PLANE ( 'NONE',  #665 ) ;
#4018 = DIRECTION ( 'NONE',  ( 0.000000000000000000, -1.000000000000000000, 0.000000000000000000 ) ) ;
#4019 = EDGE_CURVE ( 'NONE', #3856, #3604, #2909, .T. ) ;
#4020 = EDGE_CURVE ( 'NONE', #2190, #3624, #916, .T. ) ;
#4021 = DIRECTION ( 'NONE',  ( 1.000000000000000000, -0.000000000000000000, -6.982962677686266711E-15 ) ) ;
#4022 = SURFACE_SIDE_STYLE ('',( #1355 ) ) ;
#4023 = EDGE_CURVE ( 'NONE', #280, #2886, #180, .T. ) ;
#4024 = DIRECTION ( 'NONE',  ( -1.000000000000000000, 0.000000000000000000, 6.982962677686266711E-15 ) ) ;
#4025 = VECTOR ( 'NONE', #243, 1000.000000000000000 ) ;
#4026 = DIRECTION ( 'NONE',  ( 0.000000000000000000, 1.000000000000000000, 0.000000000000000000 ) ) ;
#4027 = DIRECTION ( 'NONE',  ( -0.000000000000000000, -1.000000000000000000, -0.000000000000000000 ) ) ;
#4028 = PRESENTATION_LAYER_ASSIGNMENT (  '', '', ( #124 ) ) ;
#4029 = EDGE_LOOP ( 'NONE', ( #2236, #3080, #729, #3296 ) ) ;
#4030 = LINE ( 'NONE', #2987, #547 ) ;
#4031 = ORIENTED_EDGE ( 'NONE', *, *, #1827, .T. ) ;
#4032 = VECTOR ( 'NONE', #962, 1000.000000000000000 ) ;
#4033 = ORIENTED_EDGE ( 'NONE', *, *, #771, .T. ) ;
#4034 = VECTOR ( 'NONE', #144, 1000.000000000000000 ) ;
#4035 =( NAMED_UNIT ( * ) SI_UNIT ( $, .STERADIAN. ) SOLID_ANGLE_UNIT ( ) );
#4036 = DIRECTION ( 'NONE',  ( -6.194452006787718103E-15, 0.000000000000000000, -1.000000000000000000 ) ) ;
#4037 = VECTOR ( 'NONE', #2040, 1000.000000000000000 ) ;
#4038 = ORIENTED_EDGE ( 'NONE', *, *, #474, .T. ) ;
#4039 = DIRECTION ( 'NONE',  ( 1.000000000000000000, -0.000000000000000000, -7.416643546680468484E-15 ) ) ;
#4040 = VECTOR ( 'NONE', #3172, 1000.000000000000000 ) ;
#4041 = LINE ( 'NONE', #723, #331 ) ;
#4042 = LINE ( 'NONE', #617, #591 ) ;
#4043 = FACE_OUTER_BOUND ( 'NONE', #1020, .T. ) ;
#4044 = DIRECTION ( 'NONE',  ( 1.000000000000000000, 0.000000000000000000, -7.377218013135540620E-15 ) ) ;
#4045 = EDGE_CURVE ( 'NONE', #3922, #1116, #2202, .T. ) ;
#4046 = PLANE ( 'NONE',  #2695 ) ;
#4047 = EDGE_LOOP ( 'NONE', ( #478, #2586 ) ) ;
#4048 = EDGE_CURVE ( 'NONE', #818, #3301, #1922, .T. ) ;
#4049 = ORIENTED_EDGE ( 'NONE', *, *, #3896, .F. ) ;
#4050 = DIRECTION ( 'NONE',  ( -5.603069003613805661E-15, 0.000000000000000000, -1.000000000000000000 ) ) ;
#4051 = EDGE_LOOP ( 'NONE', ( #1934, #759, #928, #1796 ) ) ;
#4052 = VERTEX_POINT ( 'NONE', #245 ) ;
#4053 = VERTEX_POINT ( 'NONE', #570 ) ;
#4054 = ORIENTED_EDGE ( 'NONE', *, *, #2173, .T. ) ;
#4055 = DIRECTION ( 'NONE',  ( 1.000000000000000000, 0.000000000000000000, -6.588707342236992012E-15 ) ) ;
#4056 = CARTESIAN_POINT ( 'NONE',  ( -0.4900000000000023781, 1.000000000000000000, -0.3399999999999963607 ) ) ;
#4057 = ORIENTED_EDGE ( 'NONE', *, *, #1829, .T. ) ;
#4058 = CARTESIAN_POINT ( 'NONE',  ( 0.1249999999999939354, 0.1000000000000000056, -0.9000000000000011324 ) ) ;
#4059 = SURFACE_STYLE_USAGE ( .BOTH. , #770 ) ;
#4060 = LINE ( 'NONE', #2118, #1231 ) ;
#4061 = LINE ( 'NONE', #1379, #3830 ) ;
#4062 = EDGE_CURVE ( 'NONE', #4235, #2895, #2161, .T. ) ;
#4063 = CARTESIAN_POINT ( 'NONE',  ( -0.9000000000000082379, 0.000000000000000000, -0.8749999999999937828 ) ) ;
#4064 = FACE_BOUND ( 'NONE', #2041, .T. ) ;
#4065 = ORIENTED_EDGE ( 'NONE', *, *, #2792, .T. ) ;
#4066 = CARTESIAN_POINT ( 'NONE',  ( 0.6250000000000042188, 0.000000000000000000, 0.3749999999999941158 ) ) ;
#4067 = EDGE_CURVE ( 'NONE', #3472, #368, #1853, .T. ) ;
#4068 = ORIENTED_EDGE ( 'NONE', *, *, #3918, .F. ) ;
#4069 = EDGE_CURVE ( 'NONE', #3879, #428, #225, .T. ) ;
#4070 = VECTOR ( 'NONE', #1124, 1000.000000000000000 ) ;
#4071 = ORIENTED_EDGE ( 'NONE', *, *, #2558, .T. ) ;
#4072 = EDGE_CURVE ( 'NONE', #3265, #473, #1159, .T. ) ;
#4073 = DIRECTION ( 'NONE',  ( 1.000000000000000000, 0.000000000000000000, -6.115600939697863952E-15 ) ) ;
#4074 = PLANE ( 'NONE',  #1769 ) ;
#4075 = ORIENTED_EDGE ( 'NONE', *, *, #2984, .F. ) ;
#4076 = FACE_OUTER_BOUND ( 'NONE', #4253, .T. ) ;
#4077 = CARTESIAN_POINT ( 'NONE',  ( 0.000000000000000000, 0.1000000000000000056, 0.000000000000000000 ) ) ;
#4078 = PRESENTATION_LAYER_ASSIGNMENT (  '', '', ( #2559 ) ) ;
#4079 = CARTESIAN_POINT ( 'NONE',  ( -0.3750000000000033307, 0.000000000000000000, -0.4749999999999972022 ) ) ;
#4080 = DIRECTION ( 'NONE',  ( -6.982962677686266711E-15, 0.000000000000000000, -1.000000000000000000 ) ) ;
#4081 = DIRECTION ( 'NONE',  ( -6.982962677686266711E-15, 0.000000000000000000, -1.000000000000000000 ) ) ;
#4082 = DIRECTION ( 'NONE',  ( 6.982962677686266711E-15, -0.000000000000000000, 1.000000000000000000 ) ) ;
#4083 = CLOSED_SHELL ( 'NONE', ( #2804, #2648, #1460, #467, #385, #2852 ) ) ;
#4084 = CARTESIAN_POINT ( 'NONE',  ( -0.8999999999999964695, 0.1000000000000000056, 0.8750000000000021094 ) ) ;
#4085 = ORIENTED_EDGE ( 'NONE', *, *, #1752, .F. ) ;
#4086 = LINE ( 'NONE', #1449, #1384 ) ;
#4087 = AXIS2_PLACEMENT_3D ( 'NONE', #4079, #1120, #113 ) ;
#4088 = EDGE_LOOP ( 'NONE', ( #22, #3026, #2451, #3686 ) ) ;
#4089 = ORIENTED_EDGE ( 'NONE', *, *, #1473, .F. ) ;
#4090 = VERTEX_POINT ( 'NONE', #3177 ) ;
#4091 = EDGE_CURVE ( 'NONE', #601, #560, #1221, .T. ) ;
#4092 = DIRECTION ( 'NONE',  ( -1.000000000000000000, 0.000000000000000000, 8.362856351758727760E-15 ) ) ;
#4093 = PLANE ( 'NONE',  #2283 ) ;
#4094 = EDGE_CURVE ( 'NONE', #1762, #4241, #1181, .T. ) ;
#4095 = ORIENTED_EDGE ( 'NONE', *, *, #2936, .T. ) ;
#4096 = VECTOR ( 'NONE', #648, 1000.000000000000000 ) ;
#4097 = EDGE_CURVE ( 'NONE', #1861, #242, #203, .T. ) ;
#4098 = AXIS2_PLACEMENT_3D ( 'NONE', #3095, #3745, #2771 ) ;
#4099 = PLANE ( 'NONE',  #1381 ) ;
#4100 =( NAMED_UNIT ( * ) PLANE_ANGLE_UNIT ( ) SI_UNIT ( $, .RADIAN. ) );
#4101 = FACE_OUTER_BOUND ( 'NONE', #702, .T. ) ;
#4102 = CARTESIAN_POINT ( 'NONE',  ( 0.6250000000000052180, 0.000000000000000000, 0.6249999999999931166 ) ) ;
#4103 = CARTESIAN_POINT ( 'NONE',  ( 0.6249999999999975575, 0.1000000000000000056, -0.6250000000000041078 ) ) ;
#4104 = PLANE ( 'NONE',  #3125 ) ;
#4105 = CARTESIAN_POINT ( 'NONE',  ( 0.8999999999999956923, 0.1000000000000000056, -0.8750000000000062172 ) ) ;
#4106 = FACE_OUTER_BOUND ( 'NONE', #3660, .T. ) ;
#4107 = EDGE_LOOP ( 'NONE', ( #1887, #2757, #2256, #2769 ) ) ;
#4108 = ADVANCED_FACE ( 'NONE', ( #2497 ), #3824, .F. ) ;
#4109 = VERTEX_POINT ( 'NONE', #4179 ) ;
#4110 = ORIENTED_EDGE ( 'NONE', *, *, #2122, .T. ) ;
#4111 = DIRECTION ( 'NONE',  ( -6.982962677686266711E-15, 0.000000000000000000, -1.000000000000000000 ) ) ;
#4112 = LINE ( 'NONE', #1132, #195 ) ;
#4113 = EDGE_LOOP ( 'NONE', ( #1634, #230, #3949, #3456 ) ) ;
#4114 = LINE ( 'NONE', #2739, #1290 ) ;
#4115 = CARTESIAN_POINT ( 'NONE',  ( 0.9000000000000007994, 0.1000000000000000056, -0.1250000000000072720 ) ) ;
#4116 = ADVANCED_FACE ( 'NONE', ( #2523 ), #3564, .F. ) ;
#4117 = LINE ( 'NONE', #223, #4025 ) ;
#4118 = CARTESIAN_POINT ( 'NONE',  ( -0.4900000000000034328, 0.9000000000000001332, -0.4899999999999962719 ) ) ;
#4119 = CARTESIAN_POINT ( 'NONE',  ( 0.6250000000000064393, 0.1000000000000000056, 0.8749999999999931166 ) ) ;
#4120 = DIRECTION ( 'NONE',  ( -0.000000000000000000, -1.000000000000000000, -0.000000000000000000 ) ) ;
#4121 = CARTESIAN_POINT ( 'NONE',  ( -0.4900000000000045430, 0.9000000000000001332, -0.6399999999999962386 ) ) ;
#4122 = CARTESIAN_POINT ( 'NONE',  ( 0.3749999999999997780, 0.000000000000000000, -2.618611004132348439E-15 ) ) ;
#4123 = ORIENTED_EDGE ( 'NONE', *, *, #2343, .F. ) ;
#4124 = CARTESIAN_POINT ( 'NONE',  ( 0.9000000000000023537, 0.000000000000000000, 0.1249999999999921452 ) ) ;
#4125 = ORIENTED_EDGE ( 'NONE', *, *, #3449, .T. ) ;
#4126 = EDGE_LOOP ( 'NONE', ( #923, #1647, #2058, #452 ) ) ;
#4127 = VERTEX_POINT ( 'NONE', #3586 ) ;
#4128 = ORIENTED_EDGE ( 'NONE', *, *, #3468, .F. ) ;
#4129 = CARTESIAN_POINT ( 'NONE',  ( 0.8999999999999973577, 0.000000000000000000, -0.6250000000000064393 ) ) ;
#4130 = VECTOR ( 'NONE', #3788, 1000.000000000000000 ) ;
#4131 = ORIENTED_EDGE ( 'NONE', *, *, #2981, .F. ) ;
#4132 = DIRECTION ( 'NONE',  ( -6.982962677686266711E-15, 0.000000000000000000, -1.000000000000000000 ) ) ;
#4133 = CARTESIAN_POINT ( 'NONE',  ( 0.6249999999999993339, 0.000000000000000000, -4.364351673553911961E-15 ) ) ;
#4134 = DIRECTION ( 'NONE',  ( 0.000000000000000000, 1.000000000000000000, 0.000000000000000000 ) ) ;
#4135 = CARTESIAN_POINT ( 'NONE',  ( -0.8999999999999979128, 0.000000000000000000, 0.6250000000000036637 ) ) ;
#4136 = EDGE_CURVE ( 'NONE', #1873, #1365, #1834, .T. ) ;
#4137 = DIRECTION ( 'NONE',  ( 7.850324415674670258E-15, 0.000000000000000000, 1.000000000000000000 ) ) ;
#4138 = CARTESIAN_POINT ( 'NONE',  ( -0.3750000000000049405, 0.000000000000000000, -0.6249999999999977796 ) ) ;
#4139 = EDGE_CURVE ( 'NONE', #2512, #3265, #4248, .T. ) ;
#4140 = VECTOR ( 'NONE', #3418, 1000.000000000000000 ) ;
#4141 = FACE_OUTER_BOUND ( 'NONE', #2031, .T. ) ;
#4142 = PLANE ( 'NONE',  #662 ) ;
#4143 = ADVANCED_FACE ( 'NONE', ( #1966 ), #3670, .F. ) ;
#4144 = EDGE_CURVE ( 'NONE', #627, #821, #3632, .T. ) ;
#4145 = PLANE ( 'NONE',  #3550 ) ;
#4146 = ORIENTED_EDGE ( 'NONE', *, *, #1505, .T. ) ;
#4147 = CARTESIAN_POINT ( 'NONE',  ( -0.1249999999999942546, 0.1000000000000000056, 0.9000000000000011324 ) ) ;
#4148 = ORIENTED_EDGE ( 'NONE', *, *, #2747, .T. ) ;
#4149 = ORIENTED_EDGE ( 'NONE', *, *, #3028, .F. ) ;
#4150 = DIRECTION ( 'NONE',  ( 1.000000000000000000, -0.000000000000000000, -6.391579674512355058E-15 ) ) ;
#4151 = AXIS2_PLACEMENT_3D ( 'NONE', #3673, #2685, #2271 ) ;
#4152 = AXIS2_PLACEMENT_3D ( 'NONE', #1262, #3262, #933 ) ;
#4153 = CARTESIAN_POINT ( 'NONE',  ( -0.9000000000000064615, 0.000000000000000000, -0.6249999999999938938 ) ) ;
#4154 = CARTESIAN_POINT ( 'NONE',  ( 0.6249999999999955591, 0.1000000000000000056, -0.8750000000000043299 ) ) ;
#4155 = AXIS2_PLACEMENT_3D ( 'NONE', #3243, #247, #4137 ) ;
#4156 = DIRECTION ( 'NONE',  ( -0.000000000000000000, -1.000000000000000000, -0.000000000000000000 ) ) ;
#4157 = LINE ( 'NONE', #3889, #1312 ) ;
#4158 = VECTOR ( 'NONE', #4175, 1000.000000000000000 ) ;
#4159 = PLANE ( 'NONE',  #4280 ) ;
#4160 = FACE_OUTER_BOUND ( 'NONE', #1779, .T. ) ;
#4161 = PLANE ( 'NONE',  #1387 ) ;
#4162 = AXIS2_PLACEMENT_3D ( 'NONE', #3516, #2133, #1523 ) ;
#4163 = CARTESIAN_POINT ( 'NONE',  ( 0.9999999999999931166, 0.000000000000000000, -1.000000000000006661 ) ) ;
#4164 = PLANE ( 'NONE',  #3594 ) ;
#4165 = ORIENTED_EDGE ( 'NONE', *, *, #3921, .T. ) ;
#4166 = PLANE ( 'NONE',  #1945 ) ;
#4167 = AXIS2_PLACEMENT_3D ( 'NONE', #567, #3800, #1500 ) ;
#4168 = EDGE_CURVE ( 'NONE', #2905, #2866, #308, .T. ) ;
#4169 = ORIENTED_EDGE ( 'NONE', *, *, #2507, .T. ) ;
#4170 = EDGE_CURVE ( 'NONE', #1952, #3991, #2013, .T. ) ;
#4171 = CARTESIAN_POINT ( 'NONE',  ( 0.000000000000000000, 0.000000000000000000, 0.000000000000000000 ) ) ;
#4172 = ORIENTED_EDGE ( 'NONE', *, *, #4168, .T. ) ;
#4173 = ORIENTED_EDGE ( 'NONE', *, *, #2064, .T. ) ;
#4174 = ORIENTED_EDGE ( 'NONE', *, *, #3287, .T. ) ;
#4175 = DIRECTION ( 'NONE',  ( 6.982962677686266711E-15, 0.000000000000000000, 1.000000000000000000 ) ) ;
#4176 =( NAMED_UNIT ( * ) PLANE_ANGLE_UNIT ( ) SI_UNIT ( $, .RADIAN. ) );
#4177 = FACE_OUTER_BOUND ( 'NONE', #1894, .T. ) ;
#4178 = CARTESIAN_POINT ( 'NONE',  ( 0.8999999999999991340, 0.1000000000000000056, -0.3750000000000069389 ) ) ;
#4179 = CARTESIAN_POINT ( 'NONE',  ( 0.3749999999999957812, 0.1000000000000000056, -0.6250000000000028866 ) ) ;
#4180 = DIRECTION ( 'NONE',  ( -6.982962677686266711E-15, 0.000000000000000000, -1.000000000000000000 ) ) ;
#4181 = FACE_OUTER_BOUND ( 'NONE', #946, .T. ) ;
#4182 = EDGE_CURVE ( 'NONE', #1910, #3308, #3981, .T. ) ;
#4183 = FACE_OUTER_BOUND ( 'NONE', #2945, .T. ) ;
#4184 = DIRECTION ( 'NONE',  ( 6.982962677686266711E-15, 0.000000000000000000, 1.000000000000000000 ) ) ;
#4185 = ORIENTED_EDGE ( 'NONE', *, *, #3647, .T. ) ;
#4186 = DIRECTION ( 'NONE',  ( 0.000000000000000000, -1.000000000000000000, 0.000000000000000000 ) ) ;
#4187 = EDGE_CURVE ( 'NONE', #3412, #3208, #2999, .T. ) ;
#4188 = ORIENTED_EDGE ( 'NONE', *, *, #642, .F. ) ;
#4189 = DIRECTION ( 'NONE',  ( -1.000000000000000000, 0.000000000000000000, 6.588707342236992012E-15 ) ) ;
#4190 = DIRECTION ( 'NONE',  ( -1.000000000000000000, 0.000000000000000000, 6.982962677686266711E-15 ) ) ;
#4191 = EDGE_CURVE ( 'NONE', #1682, #3582, #2972, .T. ) ;
#4192 = EDGE_CURVE ( 'NONE', #166, #1068, #2700, .T. ) ;
#4193 = VERTEX_POINT ( 'NONE', #2633 ) ;
#4194 = EDGE_CURVE ( 'NONE', #2045, #601, #1614, .T. ) ;
#4195 = ORIENTED_EDGE ( 'NONE', *, *, #686, .F. ) ;
#4196 = VERTEX_POINT ( 'NONE', #2268 ) ;
#4197 = ADVANCED_FACE ( 'NONE', ( #356 ), #4017, .T. ) ;
#4198 = PLANE ( 'NONE',  #4162 ) ;
#4199 = FACE_OUTER_BOUND ( 'NONE', #1783, .T. ) ;
#4200 = LINE ( 'NONE', #568, #680 ) ;
#4201 = FACE_OUTER_BOUND ( 'NONE', #1431, .T. ) ;
#4202 = CARTESIAN_POINT ( 'NONE',  ( -0.6250000000000021094, 0.000000000000000000, 4.364351673553931682E-15 ) ) ;
#4203 = AXIS2_PLACEMENT_3D ( 'NONE', #3598, #1192, #2214 ) ;
#4204 = LINE ( 'NONE', #3893, #3136 ) ;
#4205 = CARTESIAN_POINT ( 'NONE',  ( 0.3749999999999957256, 0.000000000000000000, -0.6250000000000028866 ) ) ;
#4206 = CARTESIAN_POINT ( 'NONE',  ( 0.9000000000000007994, 0.000000000000000000, -0.1250000000000072720 ) ) ;
#4207 = PLANE ( 'NONE',  #3732 ) ;
#4208 = DIRECTION ( 'NONE',  ( 5.208813668164530963E-15, -0.000000000000000000, 1.000000000000000000 ) ) ;
#4209 = ORIENTED_EDGE ( 'NONE', *, *, #3312, .T. ) ;
#4210 = CYLINDRICAL_SURFACE ( 'NONE', #1941, 0.1499999999999999667 ) ;
#4211 = PLANE ( 'NONE',  #4203 ) ;
#4212 = EDGE_LOOP ( 'NONE', ( #119, #2719, #543, #364 ) ) ;
#4213 = ORIENTED_EDGE ( 'NONE', *, *, #986, .F. ) ;
#4214 = EDGE_CURVE ( 'NONE', #2302, #1472, #1946, .T. ) ;
#4215 = ORIENTED_EDGE ( 'NONE', *, *, #4194, .T. ) ;
#4216 = ORIENTED_EDGE ( 'NONE', *, *, #3312, .F. ) ;
#4217 = CARTESIAN_POINT ( 'NONE',  ( 0.9000000000000041300, 0.1000000000000000056, 0.3749999999999918954 ) ) ;
#4218 = VECTOR ( 'NONE', #1397, 1000.000000000000000 ) ;
#4219 = EDGE_CURVE ( 'NONE', #3875, #368, #3332, .T. ) ;
#4220 = CARTESIAN_POINT ( 'NONE',  ( 0.6250000000000018874, 0.000000000000000000, -4.364351673553930105E-15 ) ) ;
#4221 = CARTESIAN_POINT ( 'NONE',  ( -2.618611004132355933E-15, 0.000000000000000000, -0.3750000000000008327 ) ) ;
#4222 = EDGE_CURVE ( 'NONE', #666, #1842, #2358, .T. ) ;
#4223 = CARTESIAN_POINT ( 'NONE',  ( 0.9000000000000041300, 0.1000000000000000056, 0.3749999999999918954 ) ) ;
#4224 =( GEOMETRIC_REPRESENTATION_CONTEXT ( 3 ) GLOBAL_UNCERTAINTY_ASSIGNED_CONTEXT ( ( #3747 ) ) GLOBAL_UNIT_ASSIGNED_CONTEXT ( ( #2967, #3978, #3932 ) ) REPRESENTATION_CONTEXT ( 'NONE', 'WORKASPACE' ) );
#4225 = LINE ( 'NONE', #1923, #1520 ) ;
#4226 =( NAMED_UNIT ( * ) PLANE_ANGLE_UNIT ( ) SI_UNIT ( $, .RADIAN. ) );
#4227 = VECTOR ( 'NONE', #2099, 1000.000000000000000 ) ;
#4228 = CARTESIAN_POINT ( 'NONE',  ( 0.6249999999999955591, 0.000000000000000000, -0.8750000000000043299 ) ) ;
#4229 = DIRECTION ( 'NONE',  ( -6.982962677686266711E-15, 0.000000000000000000, -1.000000000000000000 ) ) ;
#4230 = EDGE_CURVE ( 'NONE', #3259, #1938, #675, .T. ) ;
#4231 = VECTOR ( 'NONE', #1944, 1000.000000000000000 ) ;
#4232 = VECTOR ( 'NONE', #3321, 1000.000000000000000 ) ;
#4233 = ORIENTED_EDGE ( 'NONE', *, *, #1535, .F. ) ;
#4234 = PLANE ( 'NONE',  #618 ) ;
#4235 = VERTEX_POINT ( 'NONE', #3020 ) ;
#4236 = COLOUR_RGB ( '',0.9686274509803921573, 0.8784313725490195957, 0.5999999999999999778 ) ;
#4237 = SURFACE_STYLE_FILL_AREA ( #579 ) ;
#4238 = FACE_OUTER_BOUND ( 'NONE', #434, .T. ) ;
#4239 = ORIENTED_EDGE ( 'NONE', *, *, #3107, .T. ) ;
#4240 = VECTOR ( 'NONE', #3818, 1000.000000000000000 ) ;
#4241 = VERTEX_POINT ( 'NONE', #3694 ) ;
#4242 = ORIENTED_EDGE ( 'NONE', *, *, #3918, .T. ) ;
#4243 = FACE_OUTER_BOUND ( 'NONE', #3904, .T. ) ;
#4244 = ADVANCED_FACE ( 'NONE', ( #611 ), #703, .F. ) ;
#4245 = FILL_AREA_STYLE ('',( #1590 ) ) ;
#4246 = LINE ( 'NONE', #3646, #518 ) ;
#4247 = VERTEX_POINT ( 'NONE', #4265 ) ;
#4248 = LINE ( 'NONE', #3310, #3042 ) ;
#4249 = EDGE_CURVE ( 'NONE', #3796, #1272, #1283, .T. ) ;
#4250 = DIRECTION ( 'NONE',  ( -1.000000000000000000, 0.000000000000000000, 4.380877463721056069E-15 ) ) ;
#4251 = CARTESIAN_POINT ( 'NONE',  ( 0.1249999999999958505, 0.1000000000000000056, -0.6250000000000012212 ) ) ;
#4252 = LINE ( 'NONE', #532, #3109 ) ;
#4253 = EDGE_LOOP ( 'NONE', ( #1693, #510, #2803, #236 ) ) ;
#4254 = ORIENTED_EDGE ( 'NONE', *, *, #741, .F. ) ;
#4255 = CARTESIAN_POINT ( 'NONE',  ( 0.3749999999999935052, 0.000000000000000000, -0.9000000000000029088 ) ) ;
#4256 = DIRECTION ( 'NONE',  ( 0.000000000000000000, 1.000000000000000000, 0.000000000000000000 ) ) ;
#4257 = LINE ( 'NONE', #882, #4295 ) ;
#4258 = LINE ( 'NONE', #299, #3523 ) ;
#4259 = EDGE_LOOP ( 'NONE', ( #951, #2970, #13, #2380 ) ) ;
#4260 = ORIENTED_EDGE ( 'NONE', *, *, #3449, .F. ) ;
#4261 = VERTEX_POINT ( 'NONE', #1091 ) ;
#4262 = CARTESIAN_POINT ( 'NONE',  ( 0.1250000000000041911, 0.000000000000000000, 0.6249999999999994449 ) ) ;
#4263 = DIRECTION ( 'NONE',  ( -7.850324415674670258E-15, 0.000000000000000000, -1.000000000000000000 ) ) ;
#4264 = CARTESIAN_POINT ( 'NONE',  ( 0.3750000000000045519, 0.1000000000000000056, 0.6249999999999977796 ) ) ;
#4265 = CARTESIAN_POINT ( 'NONE',  ( -0.2250000000000023925, 0.1000000000000000056, -0.3249999999999981792 ) ) ;
#4266 = DIRECTION ( 'NONE',  ( -6.982962677686266711E-15, 0.000000000000000000, -1.000000000000000000 ) ) ;
#4267 =( NAMED_UNIT ( * ) PLANE_ANGLE_UNIT ( ) SI_UNIT ( $, .RADIAN. ) );
#4268 = PLANE ( 'NONE',  #3677 ) ;
#4269 = VECTOR ( 'NONE', #1690, 1000.000000000000000 ) ;
#4270 = DIRECTION ( 'NONE',  ( -1.000000000000000000, 0.000000000000000000, 6.549281808692064148E-15 ) ) ;
#4271 = EDGE_CURVE ( 'NONE', #307, #694, #1395, .T. ) ;
#4272 = ADVANCED_FACE ( 'NONE', ( #768 ), #2471, .F. ) ;
#4273 = CARTESIAN_POINT ( 'NONE',  ( -4.364351673553917483E-15, 0.000000000000000000, -0.6250000000000001110 ) ) ;
#4274 = COLOUR_RGB ( '',0.9686274509803921573, 0.8784313725490195957, 0.5999999999999999778 ) ;
#4275 = LINE ( 'NONE', #2275, #325 ) ;
#4276 = EDGE_CURVE ( 'NONE', #4241, #987, #3103, .T. ) ;
#4277 = CARTESIAN_POINT ( 'NONE',  ( -0.3750000000000049960, 0.000000000000000000, -0.6249999999999978906 ) ) ;
#4278 = LINE ( 'NONE', #687, #3591 ) ;
#4279 = EDGE_CURVE ( 'NONE', #390, #1472, #4114, .T. ) ;
#4280 = AXIS2_PLACEMENT_3D ( 'NONE', #266, #1899, #897 ) ;
#4281 = EDGE_LOOP ( 'NONE', ( #1609, #1826, #995, #2713 ) ) ;
#4282 = FACE_OUTER_BOUND ( 'NONE', #2654, .T. ) ;
#4283 = VERTEX_POINT ( 'NONE', #3778 ) ;
#4284 = ORIENTED_EDGE ( 'NONE', *, *, #3093, .T. ) ;
#4285 = ORIENTED_EDGE ( 'NONE', *, *, #1401, .F. ) ;
#4286 = DIRECTION ( 'NONE',  ( -7.228014483236698330E-15, 0.000000000000000000, -1.000000000000000000 ) ) ;
#4287 = CLOSED_SHELL ( 'NONE', ( #1004, #3840, #970, #1112, #1507, #2825, #2649, #3653, #2418, #1583, #1141, #1249, #1817, #709, #921, #3834, #2281, #3996, #1697, #886, #1511, #204, #1961, #1606, #980, #1927, #3993, #1377, #817, #1404, #3230, #2882, #1537, #3253, #2285, #530, #4116, #3305, #3967, #2932, #3832, #1757, #2619, #3063, #1937, #3315, #3289, #3970, #1989, #2801, #3627, #3601, #4272, #926, #1086, #238, #3360, #291, #2477, #2796, #2148, #3542, #1912, #3338, #1426, #1701, #2279, #3572, #2953, #2425, #2101, #1694, #3444 ) ) ;
#4288 = FACE_OUTER_BOUND ( 'NONE', #1785, .T. ) ;
#4289 = DIRECTION ( 'NONE',  ( -6.982962677686266711E-15, 0.000000000000000000, -1.000000000000000000 ) ) ;
#4290 = EDGE_LOOP ( 'NONE', ( #1303, #1742, #2772, #3094 ) ) ;
#4291 = DIRECTION ( 'NONE',  ( 6.982962677686266711E-15, 0.000000000000000000, 1.000000000000000000 ) ) ;
#4292 = VECTOR ( 'NONE', #3460, 1000.000000000000000 ) ;
#4293 = CARTESIAN_POINT ( 'NONE',  ( -0.6250000000000067724, 0.1000000000000000056, -0.6249999999999955591 ) ) ;
#4294 = LINE ( 'NONE', #2018, #2980 ) ;
#4295 = VECTOR ( 'NONE', #3853, 1000.000000000000000 ) ;
#4296 = FACE_OUTER_BOUND ( 'NONE', #760, .T. ) ;
#4297 = ORIENTED_EDGE ( 'NONE', *, *, #2928, .T. ) ;
#4298 = DIRECTION ( 'NONE',  ( 6.982962677686266711E-15, 0.000000000000000000, 1.000000000000000000 ) ) ;
#4299 = ADVANCED_FACE ( 'NONE', ( #3440 ), #3758, .F. ) ;
#4300 = ORIENTED_EDGE ( 'NONE', *, *, #423, .F. ) ;
#4301 = DIRECTION ( 'NONE',  ( 6.982962677686266711E-15, 0.000000000000000000, 1.000000000000000000 ) ) ;
#4302 = AXIS2_PLACEMENT_3D ( 'NONE', #3222, #2842, #2522 ) ;
#4303 = VECTOR ( 'NONE', #1425, 1000.000000000000000 ) ;
#4304 = VERTEX_POINT ( 'NONE', #3039 ) ;
#4305 = PLANE ( 'NONE',  #4098 ) ;
#4306 = EDGE_CURVE ( 'NONE', #2315, #3968, #1369, .T. ) ;
#4307 = EDGE_CURVE ( 'NONE', #390, #583, #2720, .T. ) ;
#4308 = VECTOR ( 'NONE', #2617, 1000.000000000000000 ) ;
#4309 = APPLICATION_CONTEXT ( 'automotive_design' ) ;
#4310 = ORIENTED_EDGE ( 'NONE', *, *, #744, .F. ) ;
ENDSEC;
END-ISO-10303-21;
